ID,max_intensity__abs_energy,max_intensity__absolute_maximum,max_intensity__absolute_sum_of_changes,"max_intensity__change_quantiles__f_agg_""mean""__isabs_False__qh_1.0__ql_0.2","max_intensity__change_quantiles__f_agg_""mean""__isabs_False__qh_1.0__ql_0.4","max_intensity__change_quantiles__f_agg_""mean""__isabs_True__qh_1.0__ql_0.0","max_intensity__change_quantiles__f_agg_""mean""__isabs_True__qh_1.0__ql_0.2","max_intensity__change_quantiles__f_agg_""mean""__isabs_True__qh_1.0__ql_0.4",max_intensity__cid_ce__normalize_False,"max_intensity__cwt_coefficients__coeff_0__w_10__widths_(2, 5, 10, 20)","max_intensity__cwt_coefficients__coeff_0__w_20__widths_(2, 5, 10, 20)","max_intensity__cwt_coefficients__coeff_0__w_2__widths_(2, 5, 10, 20)","max_intensity__cwt_coefficients__coeff_0__w_5__widths_(2, 5, 10, 20)","max_intensity__cwt_coefficients__coeff_1__w_10__widths_(2, 5, 10, 20)","max_intensity__cwt_coefficients__coeff_1__w_20__widths_(2, 5, 10, 20)","max_intensity__cwt_coefficients__coeff_1__w_2__widths_(2, 5, 10, 20)","max_intensity__cwt_coefficients__coeff_1__w_5__widths_(2, 5, 10, 20)","max_intensity__cwt_coefficients__coeff_2__w_10__widths_(2, 5, 10, 20)","max_intensity__cwt_coefficients__coeff_2__w_20__widths_(2, 5, 10, 20)","max_intensity__cwt_coefficients__coeff_2__w_2__widths_(2, 5, 10, 20)","max_intensity__cwt_coefficients__coeff_2__w_5__widths_(2, 5, 10, 20)","max_intensity__fft_coefficient__attr_""abs""__coeff_0","max_intensity__fft_coefficient__attr_""abs""__coeff_1","max_intensity__fft_coefficient__attr_""imag""__coeff_1","max_intensity__fft_coefficient__attr_""real""__coeff_0","max_intensity__fft_coefficient__attr_""real""__coeff_1",max_intensity__friedrich_coefficients__coeff_0__m_3__r_30,max_intensity__friedrich_coefficients__coeff_1__m_3__r_30,max_intensity__friedrich_coefficients__coeff_3__m_3__r_30,max_intensity__index_mass_quantile__q_0.3,max_intensity__lempel_ziv_complexity__bins_5,"max_intensity__linear_trend__attr_""intercept""","max_intensity__linear_trend__attr_""stderr""",max_intensity__max_langevin_fixed_point__m_3__r_30,max_intensity__maximum,max_intensity__mean,max_intensity__mean_abs_change,max_intensity__mean_second_derivative_central,max_intensity__median,max_intensity__minimum,max_intensity__quantile__q_0.1,max_intensity__quantile__q_0.2,max_intensity__quantile__q_0.3,max_intensity__quantile__q_0.4,max_intensity__quantile__q_0.6,max_intensity__quantile__q_0.7,max_intensity__quantile__q_0.8,max_intensity__quantile__q_0.9,max_intensity__ratio_beyond_r_sigma__r_1,max_intensity__root_mean_square,max_intensity__sum_values,max_intensity__symmetry_looking__r_0.15000000000000002,max_intensity__symmetry_looking__r_0.2
CONTROL01_DCHA,0.36520693266766646,0.48927950307837265,0.47720556823184457,0.2303910341352986,0.2303910341352986,0.23860278411592228,0.2303910341352986,0.2303910341352986,0.33763507349093247,0.25959892786875527,0.1895257908678596,0.20368827268728412,0.32501091964836604,0.2700878913868366,0.1945529214541391,0.45413560948927645,0.364690450025714,0.26978254266891,0.19452795750974122,0.44857305726113533,0.3639708813612443,0.9906329410032734,0.2390263313969869,-0.21374765655082928,0.9906329410032734,-0.10698376708702562,-3.3985928879344907,-0.9420584142146623,0.3252103553821846,0.6666666666666666,0.6666666666666666,0.33842273031504816,0.1377573816387219,0.3996215304336119,0.48927950307837265,0.3302109803344245,0.23860278411592228,-0.23860278411592228,0.25888846894307405,0.2424649689818267,0.24574966897407619,0.24903436896632564,0.2523190689585751,0.2556037689508246,0.30496667577013375,0.35104488259719346,0.39712308942425323,0.44320129625131294,0.3333333333333333,0.34890635451730523,0.9906329410032734,0.0,0.0
CONTROL01_IZDA,0.26598539346311967,0.4088161259121005,0.373579338968309,0.17531635371581367,0.17531635371581367,0.1867896694841545,0.17531635371581367,0.17531635371581367,0.2646583367314158,0.2236843642799921,0.16315330546858936,0.17832551696363594,0.28014185943346276,0.23249410608842608,0.167494371930983,0.3903685383257326,0.313895040492543,0.23206747811406048,0.1674594927374401,0.3825966360708002,0.3128896715366024,0.8528690387679925,0.18784379561263093,-0.1717007818588005,0.8528690387679925,-0.07618486108956601,-4.949761410237518,-1.070084930016718,0.2672371920883962,0.6666666666666666,0.6666666666666666,0.2957629953576717,0.10784306595851784,0.336452870265834,0.4088161259121005,0.2842896795893308,0.1867896694841545,-0.18678966948415454,0.23349977219628681,0.21055314065960512,0.21514246696694145,0.2197317932742778,0.22432111958161413,0.2289104458889505,0.26856304293944955,0.3036263136826123,0.338689584425775,0.37375285516893775,0.3333333333333333,0.29776131014797724,0.8528690387679925,0.0,0.0
CONTROL02_DCHA,0.19521080289642517,0.3613225506817016,0.36480243626125547,-0.1646370578410105,-0.1646370578410105,0.18240121813062773,0.1646370578410105,0.1646370578410105,0.2591747278047459,0.18784315580472782,0.13718338695280552,0.13157677353133168,0.23321831101559112,0.19569026287505956,0.14120727478297226,0.3226878330403991,0.26384726653994794,0.19635081191543177,0.1412612783158114,0.33472108656531513,0.265403881527641,0.7191652157838494,0.18497810829371802,-0.14257987449464307,0.7191652157838494,-0.11784684949973975,-5.646770328264168,-1.299757947729374,0.2463941317617945,0.6666666666666666,0.6666666666666666,0.2219575783049992,0.10530939238823357,0.2989828043408208,0.3613225506817016,0.23972173859461646,0.18240121813062773,-0.1824012181306277,0.19668549284069112,0.16115717226145662,0.16826283637730352,0.17536850049315042,0.18247416460899732,0.18957982872484422,0.2296129044088932,0.2625403159770953,0.29546772754529743,0.3283951391134995,0.3333333333333333,0.25508874462065495,0.7191652157838494,0.0,0.0
CONTROL02_IZDA,0.267253436047079,0.42169597136731246,0.42052212602391204,0.20738853475432056,0.20738853475432056,0.21026106301195602,0.20738853475432056,0.20738853475432056,0.29738179513046403,0.22119174566943617,0.16153813734796643,0.1708383451113217,0.27666876253699174,0.23022952134010924,0.16586361230516236,0.38654801745524264,0.3108364722349353,0.2301227081976309,0.16585487974074264,0.38460219731975254,0.31058476202372887,0.8445657880780254,0.21031992029926808,-0.18457910443927542,0.8445657880780254,-0.10082173911952486,-4.506600011745382,-1.1119332153003543,0.28242478665821186,0.6666666666666666,0.6666666666666666,0.28439445761697724,0.12139428133004966,0.34405209713514934,0.42169597136731246,0.2815219293593418,0.21026106301195602,-0.21026106301195602,0.2143074366129919,0.20856238009772102,0.2097113914007752,0.21086040270382936,0.21200941400688356,0.21315842530993773,0.255785143563856,0.2972628505147201,0.33874055746558424,0.38021826441644835,0.3333333333333333,0.29847023081433044,0.8445657880780253,0.0,0.0
CONTROL03_IZDA,0.5495795958451766,0.6068958356229119,0.6122469955227767,0.2932969217691149,0.2932969217691149,0.30612349776138836,0.2932969217691149,0.2932969217691149,0.43330385858737125,0.31668003989649285,0.2313312255760963,0.2504598874805212,0.3969623247312207,0.32961689018046325,0.23734060445608607,0.5566368117261837,0.4452169003958738,0.3291399420824486,0.2373016113144729,0.5479482253671745,0.44409294969373875,1.2084405113459589,0.30692858947436524,-0.2762188664095915,1.2084405113459589,-0.13382188489228397,-2.227436098964005,-0.783379563175031,0.4086041752087371,0.6666666666666666,0.6666666666666666,0.4156400797742598,0.17674048383780738,0.4926271009898037,0.6068958356229119,0.4028135037819864,0.30612349776138836,-0.3061234977613884,0.313598913853797,0.2879457618692501,0.29307639226615945,0.29820702266306887,0.30333765305997823,0.30846828345688765,0.37225829820761996,0.43091768256144297,0.489577066915266,0.5482364512690889,0.3333333333333333,0.4280107459107293,1.208440511345959,0.0,0.0
CONTROL04_DCHA,0.5985592656108658,0.6300565154294124,0.625753279845898,0.2990580632375396,0.2990580632375396,0.312876639922949,0.2990580632375396,0.2990580632375396,0.44290573460068283,0.33139036011580575,0.24201430200046767,0.2623085031710961,0.415319452168323,0.3448463311873166,0.2483312183986221,0.5817168867655491,0.46574860745126934,0.3443324961723178,0.24828920954778688,0.5723563296720506,0.4645377309884136,1.264416266442339,0.3137907758273119,-0.2829263568776983,1.264416266442339,-0.1357104549333603,-2.068409848154832,-0.7444213197388484,0.4218337155048579,0.6666666666666666,0.6666666666666666,0.4352906654995225,0.18063941228266026,0.5125862452049612,0.6300565154294124,0.4214720888141131,0.312876639922949,-0.31287663992294906,0.33099845219187285,0.30336129882105395,0.30888872949521773,0.3144161601693815,0.3199435908435453,0.32547102151770907,0.39081006483938074,0.45062167748688864,0.5104332901343966,0.5702449027819045,0.3333333333333333,0.44667634278481994,1.2644162664423393,0.0,0.0
CONTROL04_IZDA,0.5599169451881404,0.6137548140924998,0.6239394079586364,0.2888021836720945,0.2888021836720945,0.3119697039793182,0.2888021836720945,0.2888021836720945,0.4424066685711893,0.3192422297971384,0.2332479309419098,0.2593654206791599,0.40113835280434873,0.33225304280971985,0.2391029428090187,0.5646056538525615,0.4489916113472205,0.33139157325206864,0.23903251291403274,0.5489122216353685,0.4469615176782852,1.2173250343188629,0.31453981972478506,-0.29023734998594847,1.2173250343188629,-0.12123357152882347,-2.2386381382711362,-0.7834990102493479,0.41546933296491617,0.6666666666666666,0.6666666666666666,0.4289425317468447,0.18011579257146723,0.4958868308153998,0.6137548140924998,0.40577501143962097,0.3119697039793182,-0.3119697039793182,0.3249526304204053,0.2786175898059578,0.2878845979288473,0.2971516060517368,0.3064186141746263,0.3156856222975158,0.38271306715482417,0.44047350388924306,0.498233940623662,0.5559943773580809,0.3333333333333333,0.43201733961657157,1.2173250343188629,0.0,0.0
CONTROL05_DCHA,0.24148336549904736,0.4040869226021733,0.41321724311779173,-0.19656457568400268,-0.19656457568400268,0.20660862155889587,0.19656457568400268,0.19656457568400268,0.29253377705832195,0.20892602263503626,0.15262768867843143,0.15287566724260895,0.26031741365322514,0.21763043596743295,0.15690802427351877,0.36225780188572293,0.29363536191087974,0.21800391744676823,0.15693855844751847,0.36906153189367147,0.29451548864307736,0.7990435246887283,0.2073397479382039,-0.17022991602645526,0.7990435246887283,-0.1183703795917877,-4.682642697405411,-1.1799270968446076,0.2749847203947181,0.6666666666666666,0.6666666666666666,0.25630379568801626,0.11928554327392604,0.33124049768060493,0.4040869226021733,0.2663478415629094,0.20660862155889587,-0.20660862155889587,0.20752234691817065,0.1874342551683843,0.19145187351834156,0.19546949186829884,0.1994871102182561,0.2035047285682134,0.24683526205497117,0.2861481771917717,0.3254610923285723,0.3647740074653728,0.3333333333333333,0.2837154475285918,0.7990435246887282,0.0,0.0
CONTROL05_IZDA,0.41804004402250516,0.5235294403816965,0.510854294674578,0.24544491299837118,0.24544491299837118,0.255427147337289,0.24544491299837118,0.24544491299837118,0.36150428102378596,0.27773548609886395,0.20277001545138165,0.21872127417658152,0.3478263656673319,0.2889511193780975,0.20812577135056085,0.48623965623849075,0.390184356704185,0.2885799363215475,0.20809542508532,0.4794777967085741,0.3893096463137533,1.0597340264705115,0.25601164544617167,-0.22985126693431512,1.0597340264705115,-0.1127402221602678,-2.979760818319495,-0.8813794225722329,0.34816935183250564,0.6666666666666666,0.6666666666666666,0.36322690982908834,0.14747093227352198,0.4273495503299578,0.5235294403816965,0.3532446754901705,0.255427147337289,-0.255427147337289,0.2780845273833253,0.2581200587054897,0.2621129524410568,0.2661058461766239,0.2700987399121911,0.2740916336477582,0.3271735099829995,0.37626249258267375,0.425351475182348,0.47444045778202226,0.3333333333333333,0.37329168399635565,1.0597340264705115,0.0,0.0
CONTROL06_DCHA,0.18576777060046684,0.3561088338286646,0.3688629292680554,-0.1824276080433395,-0.1824276080433395,0.1844314646340277,0.1824276080433395,0.1824276080433395,0.26084087328595057,0.18303873170016288,0.13375608961754243,0.13850799773885056,0.22872121458163774,0.19065681810597593,0.1373656560223925,0.31981420764918395,0.2573909471314139,0.19073133024313538,0.13737174780120087,0.32117159882277185,0.2575665384991678,0.6994635722179383,0.1844641197381235,-0.1579869429171624,0.6994635722179383,-0.09522151720304622,-6.210255882729043,-1.3590287993450016,0.24272611422816362,0.6666666666666666,0.6666666666666666,0.2311506674819579,0.10648155575349284,0.28977129726261797,0.3561088338286646,0.2331545240726461,0.1844314646340277,-0.18443146463402774,0.1736812257853251,0.16967351260394864,0.17047505524022394,0.17127659787649924,0.1720781405127745,0.1728796831490498,0.210166747393993,0.24665226900266088,0.2831377906113288,0.31962331221999674,0.3333333333333333,0.24884250079147577,0.6994635722179383,0.0,0.0
CONTROL06_IZDA,0.14804798169200498,0.3128514508811112,0.30894220418841356,-0.15319016301180655,-0.15319016301180655,0.15447110209420678,0.15319016301180655,0.15319016301180655,0.21846263839444804,0.16482186375066973,0.12034654421029815,0.12499435952356668,0.20582147310114793,0.17155520105898886,0.1236426806755589,0.2867501646437163,0.2315411239346304,0.17160283196683143,0.1236465747653821,0.2876178591745692,0.23165336841686193,0.6296121484549201,0.1544870343977038,-0.13266657277810373,0.6296121484549201,-0.07915695967070377,-8.043743148071405,-1.482018070449232,0.2087369998471836,0.6666666666666666,0.6666666666666666,0.20858977706923976,0.08918393237610846,0.2563304652634955,0.3128514508811112,0.20987071615164002,0.15447110209420678,-0.15447110209420678,0.15966128786930467,0.15709940970450417,0.15761178533746428,0.15812416097042437,0.15863653660338448,0.15914891223634456,0.19029932047166598,0.2209373530740273,0.2515753856763886,0.2822134182787499,0.3333333333333333,0.2221470846774009,0.6296121484549201,0.0,0.0
CONTROL07_DCHA,0.16041604934475473,0.31893052511880027,0.2952337975014706,0.1464653056265988,0.1464653056265988,0.1476168987507353,0.1464653056265988,0.1464653056265988,0.20876817268687484,0.1733083985222518,0.12642160331808844,0.13300236770066526,0.21640800203791252,0.18021505244756106,0.12991248765245225,0.3004866770468572,0.24318405145634395,0.18017223118718925,0.1299089867778777,0.299706600094479,0.24308314113536453,0.6615577778549302,0.14763037389695763,-0.12883729324633783,0.6615577778549302,-0.07208105968916287,-7.801537093092168,-1.374780879096733,0.20762148054477528,0.6666666666666666,0.6666666666666666,0.22167085240911324,0.08522665623067475,0.26332977563085336,0.31893052511880027,0.22051925928497673,0.1476168987507353,-0.1476168987507353,0.17246521949220148,0.17016203324392845,0.17062267049358307,0.17108330774323766,0.17154394499289227,0.17200458224254686,0.20175828061752124,0.23105134174284098,0.26034440286816074,0.2896374639934805,0.3333333333333333,0.2312401704900158,0.6615577778549302,0.0,0.0
CONTROL07_IZDA,0.1845664959942128,0.35436941656670157,0.3666695522492741,0.16779263769236563,0.16779263769236563,0.18333477612463706,0.16779263769236563,0.16779263769236563,0.260204528030235,0.1826752036073827,0.1335125169236761,0.14997627264596922,0.22981680299299223,0.1901565141298646,0.13679811492732352,0.3243371828346155,0.25704184461643126,0.18957858956380613,0.13675086640166664,0.3138091033180076,0.25567993810185125,0.6964386974508305,0.18530060533580148,-0.17223246023254998,0.6964386974508305,-0.06835418041391139,-6.7838676080087605,-1.3804112465238305,0.24161109242462242,0.6666666666666666,0.6666666666666666,0.24768837091588164,0.10584838234737898,0.2851678615611479,0.35436941656670157,0.2321462324836102,0.18333477612463706,-0.18333477612463708,0.18657677887433594,0.15549250200979306,0.16170935738270165,0.1679262127556102,0.1741430681285188,0.18035992350142735,0.22013530641280904,0.2536938339512822,0.2872523614897553,0.32081088902822846,0.3333333333333333,0.24803662094820647,0.6964386974508305,0.0,0.0
CONTROL08_DCHA,0.2301227531598637,0.3944334264347926,0.4031563869223532,0.19266911101242512,0.19266911101242512,0.2015781934611766,0.19266911101242512,0.19266911101242512,0.28535290371450645,0.20444037241134252,0.14937592039623682,0.16213834603767235,0.2563867797318753,0.21282993597595598,0.1532250822594531,0.3600120369605361,0.28750795262233386,0.21249865739221344,0.1531979984052915,0.3539771191241516,0.2867272790053308,0.7801438923820246,0.20216795821620073,-0.182287328111382,0.7801438923820246,-0.08742547305746107,-5.287514969956945,-1.2198286584158133,0.26690339838100735,0.6666666666666666,0.6666666666666666,0.26895704657609304,0.11638122425756876,0.3194075382282152,0.3944334264347926,0.26004796412734155,0.2015781934611766,-0.2015781934611766,0.2017643154223675,0.18394615052486454,0.18750978350436515,0.19107341648386572,0.19463704946336632,0.1982006824428669,0.24029813762485253,0.27883195982733755,0.3173657820298226,0.3558996042323076,0.3333333333333333,0.2769613409604691,0.7801438923820246,0.0,0.0
CONTROL08_IZDA,0.21563022941122062,0.36183920113471624,0.31438029786019017,0.13550890361402218,0.13550890361402218,0.15719014893009509,0.13550890361402218,0.13550890361402218,0.22440507712224872,0.20257362051634678,0.1476720574626353,0.1689755690887578,0.2545190573479588,0.2103515688072666,0.15145439210645503,0.35546788040350835,0.2841385593023268,0.20954536544307045,0.15138848052806742,0.3407812350810898,0.2822387030265099,0.7711373055439585,0.16161365077255282,-0.1549071714275231,0.7711373055439585,-0.04607320649093821,-6.7157585571335785,-1.1828995403168767,0.24023453810028642,0.6666666666666666,1.0,0.27872701383072573,0.09075377479874774,0.298798318932314,0.36183920113471624,0.25704576851465283,0.15719014893009509,-0.15719014893009506,0.22633029752069406,0.18296780688854827,0.19164030501497742,0.2003128031414066,0.20898530126783574,0.2176577993942649,0.2534320782434985,0.2805338589663029,0.3076356396891074,0.3347374204119118,0.3333333333333333,0.26809838331678454,0.7711373055439585,0.0,1.0
CONTROL09_DCHA,0.2573561469724259,0.419819920916729,0.43844703534719787,-0.2014816605873679,-0.2014816605873679,0.21922351767359893,0.2014816605873679,0.2014816605873679,0.31104251861780885,0.21446001171253384,0.15671901945264127,0.1519965416496978,0.2666637568512363,0.22351903882281676,0.16121434481468233,0.37048705087042505,0.30148478709277493,0.22417875853270827,0.1612682805451736,0.38250519644222725,0.3030394477240504,0.821012727402989,0.22136682493045673,-0.1744882364653345,0.821012727402989,-0.13622454446614599,-4.235740073807943,-1.1548334358442787,0.29067542797461166,0.6666666666666666,0.6666666666666666,0.2559290520480987,0.126568756941549,0.34484996890660136,0.419819920916729,0.27367090913432973,0.21922351767359893,-0.21922351767359893,0.21833826032936107,0.18285454615689903,0.18995128899139144,0.19704803182588385,0.20414477466037625,0.21124151749486866,0.2586345924468346,0.29893092456430825,0.33922725668178183,0.3795235887992554,0.3333333333333333,0.29289141729340923,0.8210127274029891,0.0,0.0
CONTROL09_IZDA,0.18186306887271864,0.3562277576532312,0.3816112481542038,0.17994539856581912,0.17994539856581912,0.1908056240771019,0.17994539856581912,0.17994539856581912,0.27027663856725853,0.18006692832913257,0.13168451735407385,0.14491681091808972,0.22629749036088193,0.18757744616938415,0.13495650006261825,0.319581929232295,0.25353393621967796,0.1871736155676136,0.13492348468021478,0.31222532780647894,0.25258229034816054,0.6870720248054898,0.19173059138781184,-0.1746477488193127,0.6870720248054898,-0.07911247377162675,-6.568056805337894,-1.4105188611806132,0.2455776190843126,0.6666666666666666,0.6666666666666666,0.23988423377977935,0.11016167842380932,0.2858110085128472,0.3562277576532312,0.2290240082684966,0.1908056240771019,-0.1908056240771019,0.1762823590874121,0.15456190806484654,0.15890599826935967,0.16325008847387276,0.16759417867838589,0.17193826888289898,0.21227143880057592,0.24826051851373973,0.2842495982269036,0.32023867794006744,0.3333333333333333,0.2462133687628941,0.6870720248054898,0.0,0.0
CONTROL1000_DCHA,0.19488870149483117,0.36741198556801885,0.3887704887778072,0.1911737003935661,0.1911737003935661,0.1943852443889036,0.1911737003935661,0.1911737003935661,0.2749397652249225,0.18680387534718274,0.13656815995992921,0.14491970876799676,0.23399103404332888,0.1946099139915501,0.14012660952384376,0.32870322720519757,0.26286512377516497,0.1944904947637539,0.1401168463423148,0.32652776140933315,0.26258370672897346,0.7134654679262494,0.19446481759083248,-0.17112383844697063,0.7134654679262494,-0.0923753062014456,-5.967893166864554,-1.3463903085457236,0.25230540809670177,0.6666666666666666,0.6666666666666666,0.24103336663742064,0.11222837317442468,0.29686992013828517,0.36741198556801885,0.23782182264208315,0.1943852443889036,-0.1943852443889036,0.17623828517445275,0.1698151971837778,0.1710998147819128,0.17238443238004778,0.17366904997818278,0.17495366757631775,0.21447302525316597,0.25270776533187916,0.2909425054105924,0.32917724548930566,0.3333333333333333,0.2548782071858578,0.7134654679262494,0.0,0.0
CONTROL1000_IZDA,0.1514374748935794,0.31461888063183285,0.3054052799167808,0.14964512005562397,0.14964512005562397,0.1527026399583904,0.14964512005562397,0.14964512005562397,0.2159974290505219,0.16725869515600353,0.12209849997451303,0.12973294049579157,0.20918842905505447,0.1740202846485868,0.12538314469784353,0.29180690237251294,0.23492513346300706,0.1739065927090431,0.1253738497537661,0.28973577086122115,0.23465721304187698,0.6384513619787178,0.15279444209175036,-0.13489225533728708,0.6384513619787178,-0.07176504012504553,-8.122827986195587,-1.456062212308769,0.20855962018486393,0.6666666666666666,0.6666666666666666,0.21587464056233902,0.0881629102859432,0.2575661786782963,0.31461888063183285,0.2128171206595726,0.1527026399583904,-0.15270263995839042,0.16497376057620888,0.158858720770676,0.16008172873178259,0.16130473669288917,0.16252774465399572,0.1637507526151023,0.19490278458733368,0.22483180859845847,0.25476083260958327,0.28468985662070806,0.3333333333333333,0.2246756735782933,0.6384513619787178,0.0,0.0
CONTROL1002_DCHA,0.06371017652786026,0.20319398177169196,0.19720042013751993,0.08212798888375487,0.08212798888375487,0.09860021006875996,0.08212798888375487,0.08212798888375487,0.14137422322595675,0.10838682272358355,0.07914250546800283,0.09377193194076654,0.1368422969477493,0.11267062022774907,0.0810081303705536,0.19338730604229137,0.1523749869941445,0.11205811112407281,0.08095805436790585,0.18222919834645462,0.15093158038448007,0.4123815251775559,0.10264503708366414,-0.09965564874099894,0.4123815251775559,-0.024591773256872326,-22.115952881955867,-2.3198979259698995,0.13934103655804392,0.6666666666666666,1.0,0.15393272957752374,0.056926857825352215,0.16445984548176312,0.20319398177169196,0.13746050839251864,0.09860021006875996,-0.09860021006875996,0.12106599288793708,0.08812155051792689,0.09471043899192892,0.10129932746593097,0.107888215939933,0.11447710441393505,0.13749159066468805,0.15391718844143903,0.17034278621819002,0.18676838399494097,0.6666666666666666,0.14572825913077653,0.4123815251775559,1.0,1.0
CONTROL1002_IZDA,0.08925069800915914,0.23826516237185064,0.22304870698960977,0.09822124973178942,0.09822124973178942,0.11152435349480488,0.09822124973178942,0.09822124973178942,0.15883736331331966,0.12911816886168423,0.09421974808180475,0.10743478995758472,0.1623603084320039,0.1341993768970023,0.09658592028173893,0.22777548228822048,0.18133431870949235,0.13370470941588478,0.09654547848267747,0.21876410107803237,0.18016861144482374,0.49174678012594214,0.11387975733914636,-0.1081037490750886,0.49174678012594214,-0.03580752110287924,-15.343725920346772,-1.897389712859945,0.15924505852971235,0.6666666666666666,1.0,0.17721869713832952,0.06438861551142458,0.19451137007003927,0.23826516237185064,0.16391559337531406,0.11152435349480488,-0.11152435349480488,0.14004391264006122,0.1134377051140303,0.11875894661923649,0.12408018812444267,0.12940142962964885,0.13472267113485503,0.1596881625864191,0.17933241253277699,0.19897666247913487,0.21862091242549275,0.3333333333333333,0.17248255758110648,0.49174678012594214,0.0,1.0
CONTROL101_DCHA,0.10725872162245834,0.26473478460413996,0.2571643249410178,0.12154148014095706,0.12154148014095706,0.1285821624705089,0.12154148014095706,0.12154148014095706,0.18211503899051287,0.14079956473415897,0.10279089261241159,0.11220192298433615,0.17649446084105003,0.1464628994153767,0.10547420215758042,0.24698519950733575,0.19780749048435323,0.1462010961057618,0.10545279829085129,0.24221591606929954,0.19719053862965896,0.5370400288714021,0.1291591503866038,-0.11745282893036686,0.5370400288714021,-0.05373005774092668,-11.799253700925602,-1.7401686294127545,0.17608944776718694,0.6666666666666666,0.6666666666666666,0.18605402528668588,0.07423694611533252,0.21590796855618605,0.26473478460413996,0.17901334295713403,0.1285821624705089,-0.1285821624705089,0.1431933044631829,0.1291119398040792,0.13192821273589994,0.13474448566772068,0.13756075859954142,0.14037703153136216,0.1675016004913743,0.1918098965195657,0.21611819254775716,0.24042648857594856,0.3333333333333333,0.18908439176062658,0.5370400288714021,0.0,0.0
CONTROL101_IZDA,0.15982552714674403,0.3292212870701785,0.3386119901814443,-0.15720082948157862,-0.15720082948157862,0.16930599509072214,0.15720082948157862,0.15720082948157862,0.24004605811420615,0.16960530655134043,0.12390958574653653,0.12146826854646425,0.21099786258220668,0.1767139589388418,0.1274489433564475,0.2930874428480717,0.23836460875454055,0.17716408184903307,0.1274857433907772,0.3012873534749228,0.2394253446355781,0.6490518710290912,0.1705993114784875,-0.1361399118270328,0.6490518710290912,-0.10281074595907633,-6.935144081380038,-1.4533462313046304,0.22559385192899245,0.6666666666666666,0.6666666666666666,0.20424545806722022,0.09774886184104589,0.27060062305311866,0.3292212870701785,0.21635062367636373,0.16930599509072214,-0.16930599509072214,0.17202045758859988,0.14781012637031285,0.15265219261397026,0.15749425885762766,0.16233632510128507,0.16717839134494247,0.2034606234849156,0.23490078938123132,0.2663409552775471,0.2977811211738628,0.3333333333333333,0.2308141583949766,0.6490518710290912,0.0,0.0
CONTROL102_DCHA,0.14918077813877412,0.3100648405096287,0.29470739716200034,0.1406179208576769,0.1406179208576769,0.14735369858100017,0.1406179208576769,0.1406179208576769,0.20860720594954654,0.16659186439733262,0.12157748572801397,0.13165493065309933,0.20860818561993416,0.17325222863718165,0.12480427047964317,0.29117885553663275,0.23392842457589547,0.1730017630120824,0.12478379353125112,0.2866161112407708,0.23333819050983484,0.6354871243668857,0.14781483210461083,-0.13344540093538435,0.6354871243668857,-0.06357318270551521,-8.523649588624986,-1.455615794360117,0.2045287727541064,0.6666666666666666,0.6666666666666666,0.21856481917895185,0.08507469754182742,0.25397797605624695,0.3100648405096287,0.2118290414556286,0.14735369858100017,-0.14735369858100017,0.16944691965195177,0.15597536420530528,0.15866967529463458,0.16136398638396388,0.16405829747329317,0.16675260856262247,0.19757050382348715,0.22569408799502252,0.25381767216655793,0.2819412563380933,0.3333333333333333,0.22299534983101785,0.6354871243668858,0.0,0.0
CONTROL102_IZDA,0.2186622296932776,0.38192260102337255,0.3825705523832237,0.18379604115728243,0.18379604115728243,0.19128527619161184,0.18379604115728243,0.18379604115728243,0.27072549022617226,0.1999949170275561,0.14607574995082143,0.15775119340523053,0.250609484390681,0.20814729471729929,0.14989179653928822,0.35110864665958835,0.281122471616911,0.20786881225967707,0.14986902906007596,0.3460355183829627,0.28046621456277915,0.763197250686894,0.1917246014780041,-0.1721437763465002,0.763197250686894,-0.0844087855443118,-5.6093553586596885,-1.236572989161418,0.25642083952214934,0.6666666666666666,0.6666666666666666,0.2618883185966274,0.110438605701239,0.31046036102918984,0.38192260102337255,0.254399083562298,0.19128527619161184,-0.19128527619161187,0.19812655986609012,0.1831480897974313,0.18614378381116306,0.18913947782489482,0.1921351718386266,0.19513086585235837,0.2348857680975466,0.2716449763290031,0.3084041845604596,0.3451633927919161,0.3333333333333333,0.26997668398911634,0.763197250686894,0.0,0.0
CONTROL103_DCHA,0.22691120366387857,0.39608957138792006,0.4180258471327951,-0.20521089901779163,-0.20521089901779163,0.20901292356639756,0.20521089901779163,0.20521089901779163,0.29563781087148155,0.20149639687536341,0.14729222356908356,0.15144709432199915,0.2517377660521454,0.2099565570603108,0.15126637366721554,0.35230432778813964,0.2834530885354811,0.21009793293319803,0.15127793192576638,0.3548797788398885,0.28378624745205505,0.7702428670309651,0.20911663824233914,-0.17771785168285065,0.7702428670309651,-0.11020949860610763,-4.994152020005487,-1.2418142803875385,0.272624958723258,0.6666666666666666,0.6666666666666666,0.25294559779504916,0.1206736676851703,0.32171603047787883,0.39608957138792006,0.25674762234365506,0.20901292356639756,-0.20901292356639753,0.19087867237012843,0.1832746232729166,0.18479543309235896,0.18631624291180132,0.1878370527312437,0.18935786255068607,0.23192085217368674,0.27296303197724503,0.31400521178080343,0.3550473915843617,0.3333333333333333,0.2750219407392063,0.7702428670309651,0.0,0.0
CONTROL103_IZDA,0.32412704215156274,0.44154419620303714,0.37798431216214623,0.1607017070616219,0.1607017070616219,0.18899215608107311,0.1607017070616219,0.1607017070616219,0.27025315748717854,0.2487371811572407,0.1812929780019939,0.2085725201793997,0.3126053593749613,0.25823412065066115,0.1859259669248548,0.4364908727133985,0.34882386195700826,0.25718215823606727,0.1858399631865555,0.4173272229920134,0.34634486288053745,0.9466482764469653,0.1952410909038853,-0.1881722558175163,0.9466482764469653,-0.05206040451135974,-4.551624638166382,-0.9621345808657108,0.29422816577406335,0.6666666666666666,1.0,0.34383987450177295,0.10911467218813532,0.36535299365897134,0.44154419620303714,0.31554942548232173,0.18899215608107311,-0.1889921560810731,0.28084248914141524,0.22426159110251284,0.23557777071029332,0.24689395031807382,0.2582101299258543,0.26952630953363477,0.3129828305537396,0.345123171966064,0.37726351337838837,0.4094038547907128,0.3333333333333333,0.3286979576812948,0.9466482764469653,0.0,1.0
CONTROL104_DCHA,0.3655104919641919,0.5077110300629062,0.5524435181427043,0.25940752777384046,0.25940752777384046,0.27622175907135216,0.25940752777384046,0.25940752777384046,0.39135962632494,0.2544043369436728,0.18610680787506,0.20577338498825254,0.3199560040874554,0.2650764181037422,0.19067101397119757,0.4527520097962568,0.35835222586271975,0.26445119157081903,0.19061989824845949,0.4413622280823532,0.35687885003084663,0.9706895720460142,0.2777527953177983,-0.25377661188256817,0.9706895720460142,-0.11288953258940856,-3.2465430597805933,-1.003974621831471,0.35221433330277135,0.6666666666666666,0.6666666666666666,0.3403774219795164,0.15947670695587712,0.4060784808258293,0.5077110300629062,0.32356319068200473,0.27622175907135216,-0.27622175907135216,0.2483035022890657,0.2146750396940423,0.22140073221304699,0.22812642473205166,0.23485211725105634,0.24157780977006102,0.3001850078438338,0.35206651339860184,0.40394801895337,0.45582952450813813,0.3333333333333333,0.3490513295415599,0.9706895720460142,0.0,0.0
CONTROL104_IZDA,0.273551330830465,0.41962233945647853,0.4015983014037298,0.1716336986561451,0.1716336986561451,0.2007991507018649,0.1716336986561451,0.1716336986561451,0.2869526877923308,0.22521147894845045,0.16440348303763352,0.19142637594930975,0.2838228998577614,0.23410215427661582,0.16839183404972405,0.3998273690594261,0.3164774112818527,0.23301765542911984,0.16830317027830785,0.38007100158057333,0.31392173856571853,0.8572687169657058,0.20705595789951034,-0.19915518795060505,0.8572687169657058,-0.05665139728235277,-5.07458930592082,-1.1042375714374708,0.28443777971159895,0.6666666666666666,1.0,0.3149216910342884,0.11593144371076994,0.3407926855145722,0.41962233945647853,0.2857562389885686,0.2007991507018649,-0.20079915070186488,0.24798864080033342,0.18965773670889383,0.20132391752718173,0.21299009834546967,0.22465627916375758,0.2363224599820455,0.28231538053156247,0.3166421202627915,0.3509688599940205,0.3852955997252495,0.3333333333333333,0.30196651626213183,0.8572687169657058,0.0,1.0
CONTROL105_DCHA,0.1580520014227431,0.33551130494524334,0.3694135058734436,-0.18444230662716657,-0.18444230662716657,0.1847067529367218,0.18444230662716657,0.18444230662716657,0.2612150627826727,0.16669088452712122,0.12195431357567252,0.12729681239994042,0.20869618982920513,0.17379618263831575,0.12513310077525203,0.2937247580596966,0.23476217919005915,0.17380601590671452,0.12513390469926133,0.2939038911813713,0.23478535175111373,0.6371204089622864,0.18470732085106725,-0.15973172307172517,0.6371204089622864,-0.09275004593269379,-7.060823099192769,-1.5251213061258169,0.23525103194146796,0.6666666666666666,0.6666666666666666,0.2121090233445402,0.10664049352915804,0.2700459647988343,0.33551130494524334,0.21237346965409545,0.1847067529367218,-0.18470675293672184,0.15106899831807677,0.15054010569896628,0.15064588422278838,0.15075166274661048,0.15085744127043257,0.15096321979425467,0.18795745964351007,0.22484592096894337,0.26173438229437673,0.29862284361981006,0.3333333333333333,0.2295299555052623,0.6371204089622864,0.0,0.0
CONTROL105_IZDA,0.1134171076159905,0.2802902691620082,0.2968902936133059,0.1418043617897193,0.1418043617897193,0.14844514680665294,0.1418043617897193,0.1418043617897193,0.21014310189054444,0.14252929106378412,0.10420786150293819,0.11337946224792683,0.17890761716494605,0.14845939942428166,0.1068457833616447,0.25206576158517835,0.20060818503565953,0.1482124660427574,0.10682559519367658,0.2475673643398028,0.2000262748682847,0.5439805138727188,0.1488900993598034,-0.13430835672880745,0.5439805138727188,-0.06426139587792604,-10.495486425262696,-1.772097816056822,0.1923532319223525,0.6666666666666666,0.6666666666666666,0.18796762297450653,0.08570484546871458,0.22563484693806335,0.2802902691620082,0.1813268379575729,0.14844514680665294,-0.14844514680665294,0.1384859073722889,0.12520433733842168,0.12786065134519511,0.13051696535196858,0.133173279358742,0.13582959336551548,0.16684677973023276,0.19520765208817661,0.22356852444612052,0.25192939680406434,0.3333333333333333,0.19443688574615542,0.5439805138727187,0.0,0.0
CONTROL106_DCHA,0.4029195762280315,0.5190733616365113,0.5237956421059766,0.23736310973872538,0.23736310973872538,0.2618978210529883,0.23736310973872538,0.23736310973872538,0.37200113099714444,0.27114553132641717,0.19808884295555818,0.2235219767128584,0.3410872213404985,0.28213201930703546,0.20298770602832245,0.48062722540976116,0.3813329731216719,0.2812197116183957,0.20291311983530477,0.46400767252395975,0.37918307699779924,1.0334244428035573,0.265323057516918,-0.24805784950034804,1.0334244428035573,-0.09414684355509978,-3.180799121446213,-0.9233641395959384,0.3515361188611882,0.6666666666666666,0.6666666666666666,0.36900952558211536,0.15120677748511924,0.4191682599307618,0.5190733616365113,0.3444748142678524,0.2618978210529883,-0.2618978210529883,0.2817102518977859,0.23264082926926005,0.24245471379496522,0.2522685983206704,0.2620824828463756,0.2718963673720807,0.32918287384553097,0.37665549579327606,0.42412811774102116,0.47160073968876626,0.3333333333333333,0.366478546997425,1.0334244428035573,0.0,0.0
CONTROL106_IZDA,0.701032289911314,0.6871475156258757,0.6993737784726246,0.3262216707840167,0.3262216707840167,0.3496868892363123,0.3262216707840167,0.3262216707840167,0.4956441000976061,0.3571386670793036,0.2609380485275643,0.28851622898979373,0.4485489690571722,0.3717171435841417,0.26752960764141126,0.6309771900899842,0.5022795606471789,0.3708446043096651,0.26745827273592715,0.615082100310872,0.5002233806681186,1.3620687684050026,0.35204086401270346,-0.323159204734041,1.3620687684050026,-0.13964561693971272,-1.7753140344216698,-0.6997877347060427,0.46498167774793375,0.6666666666666666,0.6666666666666666,0.4774881412539631,0.20189181963266775,0.555469659226151,0.6871475156258757,0.4540229228016675,0.3496868892363123,-0.3496868892363123,0.360925844841859,0.3139954079372678,0.32338149531818605,0.3327675826991043,0.34215367008002256,0.3515397574609408,0.42617017899866233,0.4914145131554657,0.5566588473122691,0.6219031814690724,0.3333333333333333,0.48340193418152355,1.3620687684050026,0.0,0.0
CONTROL107_DCHA,0.5081268845878805,0.5856799851703646,0.5968948851009608,0.29134911602393776,0.29134911602393776,0.2984474425504804,0.29134911602393776,0.29134911602393776,0.4221877833485941,0.3038774496442689,0.2220105154401468,0.23687744060069071,0.3805245060345888,0.31637499848812395,0.22784964610946368,0.5331388732580856,0.4272618198428136,0.3161110517155823,0.22782806700280012,0.5283305422531891,0.42663981681657354,1.1601450704101328,0.2987005769719144,-0.2646103980395557,1.1601450704101328,-0.13857623148542625,-2.358217895524765,-0.8173274371462168,0.3957183354973062,0.6666666666666666,0.6666666666666666,0.3938133499965869,0.17230871129547523,0.4756336287483404,0.5856799851703646,0.3867150234700443,0.2984474425504804,-0.2984474425504804,0.2943308691464268,0.28013421609334155,0.2829735467039586,0.28581287731457566,0.2886522079251927,0.2914915385358098,0.35260069235121433,0.4108705155560019,0.4691403387607895,0.527410161965577,0.3333333333333333,0.41155270403188965,1.1601450704101328,0.0,0.0
CONTROL107_IZDA,0.6510807393827788,0.6506587454304932,0.6270259555275091,0.299559500304598,0.299559500304598,0.31351297776375453,0.299559500304598,0.299559500304598,0.44381321918009525,0.3473043162905362,0.25351345568297035,0.27445266455854167,0.43498996192056283,0.36125719371274184,0.2602120247380259,0.6077689835318322,0.48781381202704743,0.3607383424979794,0.26016960578515114,0.5983170460868428,0.48659111465271365,1.3249502807639706,0.31444313607694796,-0.28359426911028035,1.3249502807639706,-0.13582627269314246,-1.9358278142070373,-0.7019694802369866,0.4310952492338464,0.6666666666666666,0.6666666666666666,0.4556035710471467,0.18100680210634484,0.5318711529801354,0.6506587454304932,0.4416500935879902,0.31351297776375453,-0.31351297776375453,0.3510992451258952,0.3231922902075821,0.3287736811912447,0.33435507217490734,0.33993646315856996,0.34551785414223257,0.41101114518681475,0.4709230452477344,0.530834945308654,0.5907468453695736,0.3333333333333333,0.4658614741826082,1.3249502807639706,0.0,0.0
CONTROL108_DCHA,0.24819528647915023,0.41936500119978865,0.4590143943094829,-0.2186372676647128,-0.2186372676647128,0.22950719715474144,0.2186372676647128,0.2186372676647128,0.32493602112706294,0.20881758948843504,0.15274212519356012,0.15239685957815394,0.26047098690971354,0.21776704223001886,0.15692564911457826,0.364579176286871,0.293947106695684,0.21817123366808805,0.1569586939973424,0.37194235108483353,0.29489960289496875,0.7990806092898831,0.23027813540842285,-0.1893454280116593,0.7990806092898831,-0.13105849281241364,-4.356181811267029,-1.2088542325517049,0.29577729507268835,0.6666666666666666,0.6666666666666666,0.25549027360659904,0.13250604205824648,0.3402610861502602,0.41936500119978865,0.26636020309662767,0.22950719715474144,-0.22950719715474144,0.20072773353507584,0.1789878745550186,0.18333584635103006,0.1876838181470415,0.19203178994305295,0.19637976173906438,0.2444551870680184,0.28818264060096094,0.33191009413390354,0.3756375476668461,0.3333333333333333,0.28763129551513816,0.799080609289883,0.0,0.0
CONTROL108_IZDA,0.2745188661222863,0.437897825854323,0.46969498932210607,0.222488565926125,0.222488565926125,0.23484749466105304,0.222488565926125,0.222488565926125,0.3325840912252069,0.2211681390329813,0.16174476104234245,0.1773417029234578,0.27787153846922524,0.2304045306692781,0.16577915192296672,0.3922937274817558,0.3114045311314109,0.22994497173810483,0.16574158044179838,0.38392192040846124,0.3103215588216045,0.8439984882408631,0.2358210658677431,-0.21408704263961137,0.8439984882408631,-0.09888535422813452,-4.331087642249319,-1.1481366939440114,0.3020360818673857,0.6666666666666666,0.6666666666666666,0.29369175814854903,0.13558926426106815,0.3514387081134274,0.437897825854323,0.28133282941362103,0.23484749466105304,-0.23484749466105304,0.215409259928198,0.19069140245834199,0.1956349739523132,0.2005785454462844,0.2055221169402556,0.2104656884342268,0.259906973113423,0.304404686298648,0.348902399483873,0.393400112669098,0.3333333333333333,0.30250006397921436,0.8439984882408631,0.0,0.0
CONTROL109_DCHA,0.14084267740391146,0.28907925043969634,0.24925644237723849,0.08470590709200435,0.08470590709200435,0.12462822118861924,0.08470590709200435,0.08470590709200435,0.18507287580554954,0.16289477746863523,0.11876819985305428,0.15092630299881366,0.20663910090514767,0.16898441287926008,0.12140754545020804,0.29235328304003405,0.22867391116065292,0.16749992693475013,0.12128618052413326,0.2653103314457124,0.22517564997335104,0.6179813089418505,0.14252567138984376,-0.1425049437633404,0.6179813089418505,-0.0024306394493872896,-12.721260783413667,-1.603949133879251,0.22046969150575327,0.3333333333333333,1.0,0.24591608374389842,0.07195413705187353,0.23963517009429725,0.28907925043969634,0.20599376964728353,0.12462822118861924,-0.12462822118861926,0.204373343347692,0.1245287151544622,0.14049764079310817,0.15646656643175413,0.17243549207040007,0.18840441770904603,0.22131452476609287,0.23825570618449374,0.2551968876028946,0.2721380690212955,0.6666666666666666,0.21667385429404526,0.6179813089418505,1.0,1.0
CONTROL109_IZDA,0.14078624278571597,0.2969813894742756,0.2800310088444558,0.09932325115886514,0.09932325115886514,0.1400155044222279,0.09932325115886514,0.09932325115886514,0.206204757240276,0.1609895019209494,0.11752381033744179,0.15010445002603337,0.20459780303656913,0.16717865617105798,0.12002933187062376,0.291323049793894,0.2263577374668487,0.16566554052666638,0.11990562630843682,0.26375854958476647,0.22279200904062132,0.610913159578371,0.1567543297824972,-0.15649750881664415,0.610913159578371,-0.008969372316069812,-11.745443695260667,-1.6273160241911264,0.22003641535586557,0.3333333333333333,1.0,0.24432997312281976,0.08083798916889452,0.24176385142745463,0.2969813894742756,0.203637719859457,0.1400155044222279,-0.1400155044222279,0.19765813831541046,0.11627363178868493,0.13255053309403003,0.14882743439937512,0.16510433570472025,0.18138123701006537,0.2175227885471835,0.23738743877895652,0.25725208901072955,0.2771167392425026,0.6666666666666666,0.21663044013997354,0.610913159578371,1.0,1.0
CONTROL10_DCHA,0.5501633720858364,0.6142274575698699,0.6407127368105086,0.31120299854778394,0.31120299854778394,0.3203563684052543,0.31120299854778394,0.31120299854778394,0.45323721594227157,0.314828603240247,0.23010877604782087,0.24669522235328037,0.39457383232881565,0.3278832295527431,0.2360722720552867,0.5542272674627184,0.44290675984761313,0.32754286729655147,0.23604444556072537,0.5480268719299987,0.4421046801277875,1.201969635899101,0.3207484299525813,-0.28536380412988077,1.201969635899101,-0.14644812941642166,-2.155036232065196,-0.7961682936819852,0.41897275310606363,0.6666666666666666,0.6666666666666666,0.4098099151571707,0.1849578355353845,0.4966741274739612,0.6142274575698699,0.40065654529970035,0.3203563684052543,-0.3203563684052543,0.3030244590220859,0.28471771930714523,0.28837906725013335,0.2920404151931215,0.29570176313610963,0.2993631110790978,0.36526505873164267,0.4275056584411995,0.4897462581507563,0.5519868578603131,0.3333333333333333,0.42823800706532206,1.201969635899101,0.0,0.0
CONTROL10_IZDA,0.32498759967044916,0.4762374131474562,0.5107962205841282,0.2374324400045811,0.2374324400045811,0.2553981102920641,0.2374324400045811,0.2374324400045811,0.36207999129925944,0.2406482519186807,0.17599710589765072,0.19598669019570777,0.3027460218258667,0.2506674083138666,0.1803049864056961,0.4281812892727196,0.33887536580878097,0.24999936625195288,0.1802503702769555,0.41601153501528443,0.3373010931621987,0.9179160188582404,0.2572867868107358,-0.23673997845644298,0.9179160188582404,-0.10075054971480754,-3.717421789997669,-1.0580397698470507,0.3285511939610744,0.6666666666666666,0.6666666666666666,0.3239376765735632,0.14745416772764497,0.38143904727269023,0.4762374131474562,0.3059720062860802,0.2553981102920641,-0.2553981102920641,0.2388049731428751,0.2028736325679091,0.2100599006829023,0.21724616879789552,0.2244324369128887,0.2316187050278819,0.28629146114379134,0.33377794914470754,0.3812644371456238,0.42875092514654,0.3333333333333333,0.329134015091345,0.9179160188582405,0.0,0.0
CONTROL110_DCHA,0.23670572937101558,0.3957295290215035,0.3926561170148571,0.17926968307065824,0.17926968307065824,0.19632805850742854,0.17926968307065824,0.17926968307065824,0.2786958726993929,0.20844368702974517,0.15223586916118778,0.17059144545260055,0.26197213111784984,0.2168481435202793,0.1560586813229108,0.36834392124204013,0.2930294801023944,0.21621383864229102,0.15600682339531602,0.3567887588810121,0.29153471072193055,0.7945324700496533,0.1985388402175295,-0.18479807261864623,0.7945324700496533,-0.0725764660985588,-5.4338490206565195,-1.1921890574788836,0.2663110649920808,0.6666666666666666,0.6666666666666666,0.28190253211998806,0.11335005742874046,0.3206666150559901,0.3957295290215035,0.26484415668321776,0.19632805850742854,-0.19632805850742857,0.21645984595084525,0.18234309507730465,0.18916644525201276,0.19598979542672088,0.20281314560142902,0.20963649577613713,0.2523137825649769,0.28816771917910855,0.3240216557932402,0.3598755924073719,0.3333333333333333,0.2808948376000145,0.7945324700496533,0.0,0.0
CONTROL110_IZDA,0.32227043730505556,0.4617302985046492,0.45848697683433476,0.2071602932389618,0.2071602932389618,0.22924348841716738,0.2071602932389618,0.2071602932389618,0.3256999984370607,0.24317067461174577,0.1776038329343048,0.20047554132047998,0.3058145789554643,0.25296334785454777,0.18202268812000463,0.430388059215434,0.3418748575384691,0.2521421982395084,0.1819555546030494,0.4154291373251117,0.33993977971716416,0.9267039186796129,0.23241252012210553,-0.2176552926424867,0.9267039186796129,-0.08149695144127533,-4.024333743944346,-1.0241640010520368,0.31135917348119746,0.6666666666666666,0.6666666666666666,0.3309845014047432,0.13235378974762044,0.3738043041757637,0.4617302985046492,0.3089013062265376,0.22924348841716738,-0.22924348841716735,0.2545700052656874,0.21040361490927623,0.21923689298055846,0.2280701710518407,0.23690344912312294,0.24573672719440517,0.2960020639134798,0.3374341225612721,0.3788661812090645,0.4202982398568568,0.3333333333333333,0.32775521216555076,0.9267039186796129,0.0,0.0
CONTROL11_DCHA,0.2965792944852194,0.44173143400903314,0.43326816634215715,0.20905120822115975,0.20905120822115975,0.21663408317107857,0.20905120822115975,0.20905120822115975,0.30655448450114015,0.2337293270735895,0.17065476568329135,0.18352952012089727,0.2926682423045548,0.243191007027303,0.17516884375693054,0.40915346562197497,0.32838730968423546,0.24290904262877416,0.17514579160981544,0.40401690666098433,0.32772284727202994,0.8919261356849423,0.21703185473310616,-0.19417758169205532,0.8919261356849423,-0.09694272916066105,-4.173250484654366,-1.0487763816534732,0.2942168150041529,0.6666666666666666,0.6666666666666666,0.3048915868448996,0.12507374623446998,0.3604437746015487,0.44173143400903314,0.29730871189498076,0.21663408317107857,-0.21663408317107857,0.2326802257878734,0.21751447588803577,0.2205476258680033,0.22358077584797081,0.22661392582793835,0.22964707580790586,0.2744904674321053,0.3163007090763373,0.35811095072056925,0.3999211923648012,0.3333333333333333,0.31441972716165006,0.8919261356849423,0.0,0.0
CONTROL11_IZDA,0.55547936394212,0.5878539120715612,0.5278426546734003,0.2593113870840937,0.2593113870840937,0.26392132733670015,0.2593113870840937,0.2593113870840937,0.3732980540326944,0.32383195596307746,0.2361256243258394,0.2500838957082885,0.40439598508832875,0.33659493562909276,0.2426603674891908,0.5607762781412932,0.45417700063582606,0.3364235179228581,0.24264635314481656,0.5576535535717143,0.4537730467211696,1.2357190815412835,0.26404208314312966,-0.23255489944277635,1.2357190815412835,-0.1250457532894404,-2.307594887702369,-0.7272425495911636,0.37920470834783265,0.6666666666666666,0.6666666666666666,0.4165163007663676,0.15237504938272714,0.4870622818148361,0.5878539120715612,0.41190636051376117,0.26392132733670015,-0.26392132733670015,0.32854252498746755,0.31932264448225467,0.32116662058329726,0.32301059668433985,0.3248545727853824,0.32669854888642497,0.38040480240428626,0.432267079821105,0.4841293572379238,0.5359916346547425,0.3333333333333333,0.43030197301512185,1.2357190815412835,0.0,0.0
CONTROL12_DCHA,0.1330838749996939,0.30030018959367494,0.30865604926936296,0.1423295821510592,0.1423295821510592,0.15432802463468148,0.1423295821510592,0.1423295821510592,0.2189114058685643,0.15532228050195557,0.11350584206701857,0.12669419609370605,0.19527233007814906,0.16167476916895504,0.11632910042645607,0.275222268145921,0.21850938977641068,0.1612286146905387,0.1162926248333451,0.26709465063089927,0.21745800569213763,0.5922445195116618,0.15572099105047216,-0.14404294584616817,0.5922445195116618,-0.05916634859190731,-9.385718305446753,-1.6176987776755292,0.20412045142686056,0.6666666666666666,0.6666666666666666,0.20941328232084291,0.08910132656633656,0.24209716366452375,0.30030018959367494,0.19741483983722063,0.15432802463468148,-0.15432802463468148,0.15797060744261573,0.13397372247537118,0.13877309946882008,0.143572476462269,0.1483718534557179,0.15317123044916683,0.18643652387282758,0.2149024403030394,0.24336835673325127,0.2718342731634631,0.3333333333333333,0.21062120421876956,0.5922445195116619,0.0,0.0
CONTROL12_IZDA,0.20788721136814575,0.37094979743359635,0.36927829827682157,0.16390097400443493,0.16390097400443493,0.18463914913841079,0.16390097400443493,0.16390097400443493,0.26276105990973525,0.1951863905293633,0.14256790475660558,0.16293812045363182,0.2457470244278105,0.2030338438756674,0.1460567793044079,0.3464372293609474,0.27445690396575,0.20226270797841778,0.14599373468515134,0.33238940976448206,0.2726396858307721,0.7435710940239675,0.18810058776680802,-0.1778619801811612,0.7435710940239675,-0.06121231186824161,-6.32437333926347,-1.2814619438450228,0.25121348497951856,0.6666666666666666,1.0,0.26859520647529833,0.10660146245800492,0.29980834864333034,0.37094979743359635,0.2478570313413225,0.18463914913841079,-0.18463914913841079,0.20704882342916142,0.16557247316120974,0.17386774321480009,0.1821630132683904,0.19045828332198075,0.19875355337557107,0.2398290182300484,0.2726092130309354,0.3053894078318224,0.33816960263270934,0.3333333333333333,0.2632408348313674,0.7435710940239675,0.0,1.0
CONTROL13_DCHA,0.14849096083538085,0.3156492058812532,0.31959603644305906,0.1480218925423799,0.1480218925423799,0.15979801822152953,0.1480218925423799,0.1480218925423799,0.22660134052356978,0.16452251071110646,0.12019653168370371,0.1335487471249405,0.20669800958505094,0.17121837113941593,0.1232215723925453,0.2908054285621602,0.2313675646919648,0.17078048337045604,0.12318577264859665,0.2828284060894851,0.23033566149866644,0.6273515812007007,0.16109450032686298,-0.14858756725055502,0.6273515812007007,-0.06223482059204033,-8.457389671608485,-1.517940075735628,0.21336922575920172,0.6666666666666666,0.6666666666666666,0.2208933194127165,0.0922594288361688,0.25521733341017755,0.3156492058812532,0.20911719373356688,0.15979801822152953,-0.15979801822152953,0.16762731333887332,0.14407506198057407,0.1487855122522339,0.15349596252389378,0.1582064127955536,0.16291686306721348,0.1972316918473493,0.22683607035582526,0.2564404488643013,0.28604482737277726,0.3333333333333333,0.22247918317255425,0.6273515812007007,0.0,0.0
CONTROL13_IZDA,0.13701413009722582,0.3039065651399636,0.3090494624174074,0.15098459387225446,0.15098459387225446,0.1545247312087037,0.15098459387225446,0.15098459387225446,0.21858831225609046,0.15785636255106794,0.11532407070638834,0.12294950409486045,0.19765133721492306,0.1643440453452431,0.11836247204772038,0.27684637747192087,0.22193932567528926,0.16421240758233996,0.11835170993345284,0.2744483260364466,0.2216291150744747,0.6026702330024835,0.15464633934304714,-0.13688819160595028,0.6026702330024835,-0.07195215959967799,-8.751170784956912,-1.5718889045254731,0.20515470876587966,0.6666666666666666,0.6666666666666666,0.20443021500394368,0.08921489515979966,0.2469156458471527,0.3039065651399636,0.20089007766749445,0.1545247312087037,-0.1545247312087037,0.15292197126770915,0.14584169659481067,0.14725775152939036,0.14867380646397005,0.15008986139854977,0.15150591633312946,0.18311889004216003,0.2133158088166109,0.24351272759106185,0.2737096463655127,0.3333333333333333,0.21370862570115245,0.6026702330024833,0.0,0.0
CONTROL14_DCHA,0.14767416362302577,0.32359898535146386,0.35410643123074326,0.17524558630584525,0.17524558630584525,0.17705321561537163,0.17524558630584525,0.17524558630584525,0.25040410812709896,0.16140340864031305,0.11807400774056258,0.12462877398721345,0.20223168846995948,0.1682508800988369,0.12112284625668147,0.2848097206118426,0.22729943872550643,0.16818366454874675,0.1211173510141715,0.28358525171458143,0.2271410421095377,0.6166905248236483,0.17708089600774346,-0.15489803544731065,0.6166905248236483,-0.08581516384339624,-7.6618341703236,-1.5743474682379568,0.2258388027333946,0.6666666666666666,0.6666666666666666,0.2073711375840758,0.10222172169642367,0.2602804902159969,0.32359898535146386,0.20556350827454942,0.17705321561537163,-0.17705321561537163,0.14835339904561862,0.14473814042656585,0.1454611921503764,0.14618424387418696,0.1469072955979975,0.14763034732180808,0.18340251630678767,0.21845163356795672,0.25350075082912576,0.2885498680902948,0.3333333333333333,0.22186644903561975,0.6166905248236483,0.0,0.0
CONTROL14_IZDA,0.20909092316340108,0.3759700518174264,0.3840928074425339,0.18565787330328232,0.18565787330328232,0.19204640372126694,0.18565787330328232,0.18565787330328232,0.2717448601286632,0.19487021376501543,0.14237921087763117,0.15313898265150436,0.24419619886967733,0.20287969191275723,0.14608704998257765,0.34251884932704707,0.27402607674881974,0.20264213845860066,0.1460676286754854,0.3381913266680573,0.2734662708229647,0.7438173480097453,0.1923649166167688,-0.17184969396288383,0.7438173480097453,-0.08644040623365656,-5.767562093606167,-1.277408235022986,0.2542862519890193,0.6666666666666666,0.6666666666666666,0.254327646421233,0.11087804288537302,0.30486440633204537,0.3759700518174264,0.2479391160032484,0.19204640372126694,-0.19204640372126697,0.19031217851414406,0.17753511767817481,0.18009052984536866,0.1826459420125625,0.18520135417975636,0.1877567663469502,0.2274437531748005,0.26457532783545695,0.3017069024961135,0.3388384771567699,0.3333333333333333,0.26400184542499006,0.7438173480097452,0.0,0.0
CONTROL15_DCHA,0.15657209042511605,0.31805006009190573,0.3048478430004157,0.13580745179303833,0.13580745179303833,0.15242392150020784,0.13580745179303833,0.13580745179303833,0.21683707667754054,0.17044237589722228,0.12441733747927783,0.1412223905261518,0.21432166690928356,0.17721120705520443,0.1275332029547303,0.30101665915122877,0.23946768091490891,0.17659333416166487,0.12748268843263236,0.2897608390383962,0.23801163428129216,0.6493023372753015,0.15511728801809732,-0.1463932730512484,0.6493023372753015,-0.05128725618934965,-8.55137483089545,-1.4463217686867569,0.21308286440302085,0.6666666666666666,0.6666666666666666,0.23305058213226998,0.08800199210908337,0.2587845590760277,0.31805006009190573,0.2164341124251005,0.15242392150020784,-0.15242392150020784,0.1822426082988674,0.1490096688845284,0.1556562567673962,0.162302844650264,0.1689494325331318,0.17559602041599962,0.20940409865747506,0.2365655890160827,0.2637270793746904,0.2908885697332981,0.3333333333333333,0.22845283278692785,0.6493023372753015,0.0,0.0
CONTROL15_IZDA,0.1353450224197499,0.2997538871928692,0.29932239652474507,0.13487946981572493,0.13487946981572493,0.14966119826237254,0.13487946981572493,0.13487946981572493,0.2126827391266137,0.1574328214854175,0.11499506935703561,0.13012438396067993,0.19805231595682746,0.1637828313737895,0.11784112115753484,0.27893473284745274,0.22136605128060002,0.1632331821710527,0.117796184299019,0.268921746979557,0.22007077699411956,0.5999392650538625,0.1518353475082152,-0.142411752002674,0.5999392650538625,-0.05265800646121485,-9.573003602952243,-1.5859384649994808,0.2025639123829608,0.6666666666666666,0.6666666666666666,0.21476148346460178,0.08640693310402274,0.24239254803561022,0.2997538871928692,0.19997975501795417,0.14966119826237254,-0.14966119826237256,0.16487441737714428,0.13531096048384908,0.14122365186250813,0.14713634324116717,0.1530490346198262,0.15896172599848524,0.19185031134028926,0.21882620530343425,0.24580209926657925,0.27277799322972424,0.3333333333333333,0.21240293659281168,0.5999392650538625,0.0,0.0
CONTROL16_DCHA,0.2624695497047582,0.4229609884811383,0.4375175173918747,-0.20936592554185982,-0.20936592554185982,0.21875875869593736,0.20936592554185982,0.20936592554185982,0.3096566479856284,0.21738672804225928,0.1588422973792121,0.15980093190715325,0.27101307713996997,0.22647691988542631,0.16325860323793517,0.37769776272255123,0.30561485992728704,0.22682618643251606,0.16328715770746363,0.3840603681492943,0.3064379230288446,0.83136544805154,0.2193628739102594,-0.18131621020609184,0.83136544805154,-0.12346862907908501,-4.294029544707132,-1.1396131856817544,0.2892536888857161,0.6666666666666666,0.6666666666666666,0.2677289828631024,0.12630042822068782,0.3458378045804722,0.4229609884811383,0.27712181601718,0.21875875869593736,-0.2187587586959374,0.21359506293927846,0.19480939663112334,0.19856652989275436,0.20232366315438538,0.20608079641601643,0.20983792967764744,0.2554682480476504,0.29734143315602235,0.33921461826439436,0.3810878033727663,0.3333333333333333,0.2957868318596791,0.83136544805154,0.0,0.0
CONTROL16_IZDA,0.28660954091241375,0.42615420304599205,0.3941338122399003,-0.19258600705346254,-0.19258600705346254,0.19706690611995015,0.19258600705346254,0.19258600705346254,0.27876672665199226,0.23152236660688297,0.16887554706262944,0.17364540730192957,0.2885611710469447,0.24078660935009458,0.17364955473084384,0.3996035047436321,0.3248055956913768,0.2409532287416176,0.1736631767864851,0.40263881818415087,0.3251982421509626,0.884328796898076,0.19721967664769502,-0.16678437452170763,0.884328796898076,-0.10525480165970647,-4.26898122740959,-1.0239561667952,0.27685370142627935,0.6666666666666666,0.6666666666666666,0.2902953665662044,0.11377663129671992,0.353151377655808,0.42615420304599205,0.294776265632692,0.19706690611995015,-0.19706690611995012,0.2335681959925295,0.22460639785955433,0.22639875748614938,0.2281911171127444,0.22998347673933944,0.23177583636593446,0.272085397403222,0.3106025988139145,0.34911980022460704,0.38763700163529957,0.3333333333333333,0.309089814839427,0.884328796898076,0.0,0.0
CONTROL17_DCHA,0.24259435741724616,0.39634150948581615,0.3817552534522167,0.1676725514368426,0.1676725514368426,0.19087762672610836,0.1676725514368426,0.1676725514368426,0.2719291963132023,0.21196490456317849,0.1547427081355489,0.1773369608698335,0.26678085027537346,0.2203802551425458,0.15856496147963742,0.37526725633814006,0.297858670556605,0.21951738912669197,0.15849441741647952,0.35954838477494544,0.29582528606801034,0.8072692750052317,0.19506331008709205,-0.18540105845612803,0.8072692750052317,-0.06063120042915551,-5.570568726713454,-1.1686374562665325,0.2668423872203176,0.6666666666666666,1.0,0.29229483362434305,0.11020324917259558,0.32195269929726184,0.39634150948581615,0.26908975833507726,0.19087762672610836,-0.19087762672610836,0.22866895804897355,0.182258807470442,0.19154083758614832,0.20082286770185462,0.21010489781756095,0.21938692793326725,0.26220346833634206,0.2957379786237106,0.32927248891107913,0.3628069991984476,0.3333333333333333,0.2843673430718597,0.8072692750052317,0.0,1.0
CONTROL17_IZDA,0.18033122249717745,0.34617879896353665,0.3450980217973986,0.16262794647848577,0.16262794647848577,0.1725490108986993,0.16262794647848577,0.16262794647848577,0.24442417507828262,0.18179588521441395,0.13277697195918667,0.14547223030602235,0.2280608004329387,0.18917209031411505,0.13619526899882492,0.3199302341229463,0.2555451547924577,0.18880318182221895,0.13616510869180895,0.31320981044633556,0.25467580452097893,0.6934383750932114,0.17340254819295342,-0.15802372065663842,0.6934383750932114,-0.07139290881902938,-6.929078626279322,-1.3619421680395984,0.2323536404234036,0.6666666666666666,0.6666666666666666,0.241067189451284,0.09962121789076772,0.2810743971871803,0.34617879896353665,0.23114612503107046,0.1725490108986993,-0.17254901089869934,0.18355085248505087,0.1637087236446238,0.16767714941270923,0.17164557518079462,0.17561400094888005,0.17958242671696545,0.21607644178074803,0.24860203107644518,0.28112762037214234,0.3136532096678395,0.3333333333333333,0.24517423906083435,0.6934383750932114,0.0,0.0
CONTROL18_DCHA,0.17094839484290525,0.3386004821669892,0.34273808143694584,-0.1578524157460431,-0.1578524157460431,0.17136904071847292,0.1578524157460431,0.1578524157460431,0.24310511005495108,0.17587435097669263,0.12845249149979582,0.1252837608964116,0.2186449500515486,0.1832074954072191,0.1321602887367728,0.3031295386886601,0.24707927712774513,0.18371010253916603,0.1322013796461472,0.3122855568985118,0.24826369455429853,0.6730633650640216,0.17296082090665954,-0.13670420208481607,0.6730633650640216,-0.10595945781788113,-6.518159058541898,-1.3919555410696767,0.2303701529257458,0.6666666666666666,0.6666666666666666,0.2108378300489108,0.09893996178957827,0.279255263694157,0.3386004821669892,0.22435445502134058,0.17136904071847292,-0.1713690407184729,0.18074806642094607,0.15371481647608648,0.1591214664650584,0.16452811645403032,0.16993476644300223,0.17534141643197415,0.21231854957015467,0.2438890327193633,0.275459515868572,0.30702999901778055,0.3333333333333333,0.23871069997167788,0.6730633650640218,0.0,0.0
CONTROL18_IZDA,0.14598150773481294,0.3179196745122886,0.3361989431921799,0.16523574246158984,0.16523574246158984,0.16809947159608996,0.16523574246158984,0.16523574246158984,0.23776304715174074,0.16169605261702166,0.1182111768196725,0.12549649222898307,0.2025458647507546,0.1684506705523686,0.12129057208387058,0.28452909751052025,0.22753168805707233,0.16834418459970663,0.12128186626902565,0.2825892378075954,0.22728074888410948,0.6175600803446858,0.16817263506454314,-0.1480584749449893,0.6175600803446858,-0.07975414209629478,-7.9737718532164195,-1.555235592635228,0.218252686475947,0.6666666666666666,0.6666666666666666,0.20871708924939542,0.09705227517663638,0.25688735641675775,0.3179196745122886,0.20585336011489527,0.16809947159608996,-0.16809947159608996,0.15268393205069875,0.1469564737816985,0.14810196543549853,0.1492474570892986,0.15039294874309864,0.1515384403968987,0.1857310805430167,0.21877822903533467,0.25182537752765266,0.2848725260199706,0.3333333333333333,0.22059125680377947,0.6175600803446858,0.0,0.0
CONTROL19_DCHA,0.100362021510517,0.2556136175572728,0.2469894417095378,0.11598158908341408,0.11598158908341408,0.1234947208547689,0.11598158908341408,0.11598158908341408,0.17497081601233408,0.13631424750207283,0.09950910192460583,0.1090874658779381,0.17091843309569352,0.14178212614530006,0.10209894047422385,0.23920673931203648,0.19149279869833005,0.14150275510265872,0.1020761003482779,0.23411742363953303,0.19083444765166455,0.5198514109622806,0.12417845032870445,-0.11345612846947102,0.5198514109622806,-0.05047766277035223,-12.714876719881287,-1.7956796826551993,0.1698755011678252,0.6666666666666666,0.6666666666666666,0.18079693542544836,0.07129971032899851,0.20852487576380535,0.2556136175572728,0.17328380365409354,0.1234947208547689,-0.12349472085476891,0.13963202847385872,0.12460576493114908,0.12761101763969102,0.13061627034823295,0.13362152305677485,0.1366267757653168,0.16282834629054152,0.18602466410722435,0.20922098192390717,0.23241729974059,0.3333333333333333,0.18290436618673797,0.5198514109622806,0.0,0.0
CONTROL20_DCHA,0.17383691595022083,0.3498596249383021,0.3792418274357653,0.18320727040501197,0.18320727040501197,0.18962091371788264,0.18320727040501197,0.18320727040501197,0.2683178180432653,0.1755644488468486,0.12841548337509953,0.1385216116418937,0.22032396629741374,0.18295233839668087,0.13166476931664622,0.31077238361433973,0.24722596458567442,0.18271385113544608,0.13164527166566709,0.30642784974705295,0.2466639580993692,0.670337047379141,0.18994603281153014,-0.16977090640826167,0.670337047379141,-0.08518999188963536,-6.681922141593202,-1.4474794584777257,0.2425575942699781,0.6666666666666666,0.6666666666666666,0.22985932577258433,0.10947768557900234,0.2809409910312144,0.3498596249383021,0.22344568245971366,0.18962091371788264,-0.18962091371788264,0.1666523545332901,0.1538250679075488,0.15639052523269706,0.15895598255784532,0.16152143988299358,0.16408689720814185,0.2032938086142925,0.2399352626952949,0.2765767167762973,0.3132181708572997,0.3333333333333333,0.24071900350839276,0.670337047379141,0.0,0.0
CONTROL20_IZDA,0.1598451808954894,0.32047713172141473,0.30374277452547455,0.13995931753966417,0.13995931753966417,0.15187138726273727,0.13995931753966417,0.13995931753966417,0.21543823093497436,0.1725348820926729,0.1259163453108679,0.139652325038069,0.21647778639396448,0.17939295796435517,0.12917164665877492,0.3029538559725887,0.24230826694977078,0.17895001520229153,0.1291354336412169,0.29488474644828483,0.24126445142665726,0.6576886206387696,0.15326646888465323,-0.14184063446934767,0.6576886206387696,-0.05806758904675899,-8.195744824326809,-1.4129434381900257,0.21244049779351842,0.6666666666666666,0.6666666666666666,0.2311416099359963,0.08768298631834326,0.2618497232884701,0.32047713172141473,0.2192295402129232,0.15187138726273727,-0.15187138726273727,0.18051781418175056,0.15669367473560436,0.1614585026248336,0.16622333051406285,0.17098815840329207,0.1757529862925213,0.2085096776896834,0.2365015411976162,0.26449340470554905,0.2924852682134819,0.3333333333333333,0.23082834956989823,0.6576886206387696,0.0,0.0
CONTROL21_DCHA,0.23422837386089151,0.398852070590951,0.410088806486189,-0.20168465618656345,-0.20168465618656345,0.2050444032430945,0.20168465618656345,0.20168465618656345,0.29001550028093537,0.2057893231580124,0.15035978219390206,0.15496663951956618,0.25701491792604714,0.21433695303833436,0.1544492290990009,0.3589571587785891,0.2893244264605512,0.21446188310302094,0.1544594428218868,0.3612330157541907,0.2896188300539544,0.786467405286664,0.2051269631281279,-0.17466403581109427,0.786467405286664,-0.10756182220634386,-4.9277539084417175,-1.2046735170087115,0.27106803501886967,0.6666666666666666,0.6666666666666666,0.25879605470569034,0.1183824414082268,0.3251674307740651,0.398852070590951,0.26215580176222136,0.2050444032430945,-0.2050444032430945,0.19716741440438756,0.19044792029132546,0.1917918191139379,0.1931357179365503,0.19447961675916273,0.19582351558177513,0.23750434564170025,0.27784127687901294,0.31817820811632563,0.3585151393536383,0.3333333333333333,0.27942105257173655,0.786467405286664,0.0,0.0
CONTROL21_IZDA,0.22986348248281369,0.3928406783991419,0.3969925408885753,0.1981912531742526,0.1981912531742526,0.19849627044428764,0.1981912531742526,0.1981912531742526,0.2807164491647285,0.20460845438449252,0.14945732835820405,0.15648219071188774,0.2557799031182141,0.21302635882163637,0.15348237777338064,0.35734357503509223,0.28759068647376773,0.2130150169477885,0.15348145051254258,0.35713695957565217,0.2875639588127751,0.7815294943088503,0.19849697349555945,-0.17216696546566265,0.7815294943088503,-0.09879060931709124,-5.147337081024104,-1.2063336168982197,0.26461091442132695,0.6666666666666666,0.6666666666666666,0.26081484870631855,0.11460187517414623,0.3203394293794935,0.3928406783991419,0.2605098314362835,0.19849627044428764,-0.19849627044428764,0.1946494252248893,0.1940393906848192,0.1941613975928332,0.19428340450084725,0.19440541140886125,0.19452741831687528,0.2342876758597398,0.2739259264945903,0.31356417712944085,0.3532024277642914,0.3333333333333333,0.2768052760111421,0.7815294943088504,0.0,0.0
CONTROL22_DCHA,0.18225440934728815,0.3455585725312073,0.33663914715463444,0.16545978362625646,0.16545978362625646,0.16831957357731722,0.16545978362625646,0.16545978362625646,0.23807417855707952,0.18337673007313451,0.13387148030114843,0.1419111771134572,0.22931744869954898,0.19080267178121282,0.13747734083090407,0.319887984338751,0.2575774536715256,0.19069633230459013,0.13746864699128444,0.31795079299685386,0.25732685967626223,0.7000365704389875,0.16839244058134697,-0.14824567741922673,0.7000365704389875,-0.0798701018620675,-6.718906224014591,-1.3294012796252117,0.229345025374223,0.6666666666666666,0.6666666666666666,0.23620531343072326,0.09717935111474713,0.2828383311588575,0.3455585725312073,0.2333455234796625,0.16831957357731722,-0.16831957357731722,0.18009878890495085,0.17437920900282933,0.17552312498325362,0.17666704096367794,0.17781095694410223,0.17895487292452655,0.21319074563020213,0.2462827023554534,0.27937465908070475,0.312466615805956,0.3333333333333333,0.24647813246296188,0.7000365704389875,0.0,0.0
CONTROL22_IZDA,0.2351244767839255,0.38954660578780004,0.3707904771398778,-0.1820517950392482,-0.1820517950392482,0.1853952385699389,0.1820517950392482,0.1820517950392482,0.26223109311844567,0.2088660101683121,0.15241534527071138,0.15717289906999765,0.26050532026803136,0.21729992916096244,0.1566730929278108,0.36162068292278143,0.29318413667310866,0.21742425298937484,0.1566832570875325,0.36388549606312215,0.29347711164212087,0.7978493402235224,0.18548566070813483,-0.1576614793085468,0.7978493402235224,-0.09771278458100546,-5.137757557669576,-1.1501818994189263,0.25600692682579057,0.6666666666666666,0.6666666666666666,0.2626063365438168,0.1070379908948291,0.3212990268700673,0.38954660578780004,0.2659497800745075,0.1853952385699389,-0.1853952385699389,0.20749481074855183,0.2008079236871705,0.20214530109944676,0.20348267851172303,0.2048200559239993,0.20615743333627556,0.24390516975640147,0.2803155287642511,0.31672588777210076,0.3531362467799504,0.3333333333333333,0.2799550420954083,0.7978493402235224,0.0,0.0
CONTROL23_DCHA,0.2783198929802425,0.4363554048455944,0.4535036050579305,0.2219292806749586,0.2219292806749586,0.22675180252896526,0.2219292806749586,0.2219292806749586,0.32074799038237867,0.22405944339428996,0.16375218829890215,0.17442826456064148,0.28064293503091786,0.23334805840624165,0.16803314484269777,0.3937816093253309,0.3151684267091696,0.23316873598790583,0.16801848424444468,0.3905148842365787,0.31474584496739094,0.8555626094788525,0.22690559733341084,-0.20054924777987185,0.8555626094788525,-0.1061421184834726,-4.24402825537757,-1.1161192893904701,0.297246446439178,0.6666666666666666,0.6666666666666666,0.29001005834695753,0.13091521422933097,0.353374516723225,0.4363554048455944,0.28518753649295087,0.22675180252896526,-0.22675180252896526,0.21442612417063578,0.20478108046262242,0.2067100892042251,0.20863909794582777,0.21056810668743042,0.2124971154290331,0.25881198030562746,0.3031978364406192,0.34758369257561095,0.3919695487106027,0.3333333333333333,0.3045870937188259,0.8555626094788527,0.0,0.0
CONTROL23_IZDA,0.1865631632377589,0.35490987740697555,0.36198954121483096,-0.17360513561914614,-0.17360513561914614,0.18099477060741548,0.17360513561914614,0.17360513561914614,0.256178506875541,0.18378373812896923,0.13425634896377098,0.13544161695355791,0.22910750583258963,0.19142330614951136,0.13799877100700575,0.3190058341538904,0.25829828534297,0.1916980850425534,0.13802123569935554,0.32401149441706684,0.25894581477238204,0.7027400910060957,0.18144676107059754,-0.15034645767362326,0.7027400910060957,-0.10158183778611174,-6.1056660432395695,-1.3411149275984673,0.2409468680730378,0.6666666666666666,0.6666666666666666,0.22685706201376257,0.10449737953210589,0.2907028792687314,0.35490987740697555,0.2342466970020319,0.18099477060741548,-0.18099477060741548,0.1813047417878294,0.16652547181129074,0.16948132580659847,0.1724371798019062,0.17539303379721394,0.17834888779252167,0.21602576891165862,0.25074679603548783,0.2854678231593171,0.3201888502831463,0.3333333333333333,0.24937466005842088,0.7027400910060957,0.0,0.0
CONTROL24_DCHA,0.2601351785614615,0.4129958638358833,0.4028715232407416,0.1962280117685729,0.1962280117685729,0.2014357616203708,0.1962280117685729,0.1962280117685729,0.2849683726945773,0.21906508102708577,0.15993115800888213,0.17073178990306817,0.2741117681972158,0.2279284131315066,0.16420436603378497,0.3827224733961783,0.30773201915349013,0.22773476625425373,0.16418853433188893,0.37919479895284125,0.30727568114824244,0.8361160682669083,0.2016376156254967,-0.17895853046211918,0.8361160682669083,-0.09290625603248853,-4.737466322822778,-1.1149291349899717,0.2743621402552269,0.6666666666666666,0.6666666666666666,0.28391310594076735,0.11629899119593837,0.33762569752563004,0.4129958638358833,0.27870535608896946,0.2014357616203708,-0.2014357616203708,0.21676785206731042,0.2063523523637146,0.20843545230443378,0.21051855224515292,0.2126016521858721,0.21468475212659124,0.25601345442102497,0.29525905677473957,0.3345046591284542,0.3737502614821687,0.3333333333333333,0.29446854872321054,0.8361160682669083,0.0,0.0
CONTROL24_IZDA,0.26340958259001235,0.4249478302980424,0.44304991056310433,0.21572875156492555,0.21572875156492555,0.22152495528155217,0.21572875156492555,0.21572875156492555,0.313390816042903,0.21785703813540694,0.1592298905671475,0.17034842728267868,0.27298928713926224,0.2268924821264924,0.16336711667830273,0.3833379321080628,0.3064766920262422,0.2266769539652735,0.163349496060573,0.3794116452660671,0.3059687897426597,0.8317935803310229,0.22175232523035154,-0.19686589851014435,0.8317935803310229,-0.10206817206583618,-4.493444133914563,-1.1499683199013855,0.2898196886978412,0.6666666666666666,0.6666666666666666,0.2830607304936342,0.12789749256402397,0.3437501289783795,0.4249478302980424,0.2772645267770076,0.22152495528155217,-0.2215249552815522,0.20921907873311685,0.1976266712998636,0.19994515278651426,0.2022636342731649,0.20458211575981555,0.2069005972464662,0.25236482904610197,0.29551057935908703,0.3386563296720722,0.3818020799850573,0.3333333333333333,0.2963160376973727,0.8317935803310228,0.0,0.0
CONTROL25_DCHA,0.18279987006696052,0.34865051226045046,0.347322331972447,0.1733893677859343,0.1733893677859343,0.1736611659862235,0.1733893677859343,0.1733893677859343,0.24559427699340372,0.18292090007481815,0.13358336938375714,0.1398692788796286,0.2286085027173075,0.1904062703733351,0.13719990684811523,0.3190115444714427,0.25702943186614746,0.19039616372953946,0.1371990805741571,0.31882743125706203,0.2570056150830685,0.6986292048089043,0.17366180407470067,-0.15063036554104897,0.6986292048089043,-0.08642288569267795,-6.529853955615685,-1.3418103425806078,0.23342605994381432,0.6666666666666666,0.6666666666666666,0.23314819980325735,0.10026332092993043,0.28492707280606755,0.34865051226045046,0.23287640160296816,0.1736611659862235,-0.17366116598622355,0.17526114447451616,0.17471754807393775,0.17482626735405343,0.17493498663416912,0.17504370591428478,0.17515242519440047,0.209939018031703,0.24461689158888986,0.27929476514607676,0.31397263870326364,0.3333333333333333,0.24684669335909723,0.6986292048089044,0.0,0.0
CONTROL25_IZDA,0.18429816607812544,0.3397810200453976,0.3088623059259069,0.14612820047377534,0.14612820047377534,0.15443115296295346,0.14612820047377534,0.14612820047377534,0.21871406002131952,0.18631427898294634,0.1358841246628975,0.14768594621841752,0.23320989836915168,0.1936481208542041,0.13952833128299438,0.3246381742394752,0.26141748191484304,0.1933393808288065,0.1395030900804776,0.3190138424006093,0.26068992147426817,0.7104807542102859,0.15509931677986133,-0.14093186938368168,0.7104807542102859,-0.06476114774770952,-7.117295415395251,-1.2798246208051887,0.2214135305312482,0.6666666666666666,0.6666666666666666,0.2451298705592735,0.08916086773442546,0.28004964527425047,0.3397810200453976,0.23682691807009534,0.15443115296295346,-0.15443115296295346,0.19365281957162228,0.17704691459326602,0.18036809558893727,0.1836892765846085,0.1870104575802798,0.19033163857595103,0.22287845966637734,0.2521040997611324,0.2813297398558875,0.31055537995064253,0.3333333333333333,0.24785625274751857,0.710480754210286,0.0,0.0
CONTROL995_DCHA,0.272731022374597,0.4299286019360135,0.441034304610998,-0.21087067265655776,-0.21087067265655776,0.220517152305499,0.21087067265655776,0.21087067265655776,0.31215659221148634,0.22194353193844948,0.162147854533237,0.1630933149709693,0.2766443647879268,0.2311946337040825,0.16667125899794244,0.3852590737913227,0.3119624366522447,0.2315533319353072,0.16670058455974834,0.3917934966599622,0.3128077259625869,0.8487515011970425,0.2211492214993735,-0.18261935943369162,0.8487515011970425,-0.12472829562616139,-4.152375670981627,-1.1126302516533515,0.29282608468871596,0.6666666666666666,0.6666666666666666,0.27327068741673954,0.12731563724450956,0.3520060989328717,0.4299286019360135,0.2829171670656808,0.220517152305499,-0.220517152305499,0.21905792927945575,0.19976496998157323,0.20362356184114974,0.20748215370072623,0.21134074556030275,0.21519933741987923,0.2612320638107673,0.3034061983420788,0.3455803328733904,0.387754467404702,0.3333333333333333,0.3015134172661846,0.8487515011970425,0.0,0.0
CONTROL995_IZDA,0.3305490654895563,0.45621664096092296,0.41809142766383733,-0.19835675774945893,-0.19835675774945893,0.20904571383191867,0.19835675774945893,0.19835675774945893,0.2960215000760221,0.2487306901617047,0.18139544637548874,0.18259904562802298,0.3094440269023336,0.25869333767115116,0.18664428960400312,0.42722801993102694,0.3488332431823666,0.2590907997277718,0.1866767843226616,0.43446860526463876,0.3497698812766803,0.9505584952189315,0.20986393643952903,-0.17178199122334725,0.9505584952189315,-0.1205562910396489,-3.645356254703176,-0.9455957091345889,0.295244792425336,0.6666666666666666,0.6666666666666666,0.3061638756571841,0.1206925991537957,0.37989868780193964,0.45621664096092296,0.31685283173964385,0.20904571383191867,-0.20904571383191867,0.257859883211464,0.2364819710465446,0.24075755347952849,0.24503313591251236,0.24930871834549626,0.25358430077848015,0.2975312347613558,0.33720258631124755,0.37687393786113943,0.4165452894110312,0.3333333333333333,0.3319382801513741,0.9505584952189315,0.0,0.0
CONTROL996_DCHA,0.0958934449059063,0.2528889328818591,0.25311632727798816,0.1232637731951598,0.1232637731951598,0.12655816363899408,0.1232637731951598,0.1232637731951598,0.17904089919384805,0.13243898413715097,0.09672943563043605,0.10334878011055856,0.16580655859316795,0.13784719381647667,0.09928740763366806,0.23199678507812654,0.18614346931105696,0.13772469399600626,0.0992773925966712,0.22976519997787903,0.1858547927028425,0.5055504713675891,0.12668673098972788,-0.11245561058202208,0.5055504713675891,-0.058337496153745616,-12.658194877097609,-1.8630611613310792,0.16964788509124473,0.6666666666666666,0.6666666666666666,0.17181121423303067,0.07306838984511793,0.20590414576933036,0.2528889328818591,0.16851682378919638,0.12655816363899408,-0.12655816363899408,0.1296251596866993,0.12303637879903072,0.12435413497656443,0.12567189115409816,0.12698964733163187,0.12830740350916559,0.15427791432573126,0.1789306689647632,0.2035834236037952,0.22823617824282713,0.3333333333333333,0.1787861337892346,0.5055504713675891,0.0,0.0
CONTROL996_IZDA,0.1502217568766633,0.3150458576691335,0.31130702324059134,0.1468210577065065,0.1468210577065065,0.15565351162029567,0.1468210577065065,0.1468210577065065,0.22048141836385543,0.16617184675209773,0.1213478613697936,0.13279780033484326,0.2084070552817001,0.17289372432651076,0.1244865468708797,0.2921162971925219,0.23353808062250977,0.172565295126269,0.1244596959695589,0.28613328671192634,0.2327641217122005,0.6338305497668093,0.15640349230802725,-0.14244902471852905,0.6338305497668093,-0.0645780749394641,-8.355802718501213,-1.4848044572882961,0.21080422184345451,0.6666666666666666,0.6666666666666666,0.22010930383605887,0.08986659683428824,0.2561828301116699,0.3150458576691335,0.21127684992226972,0.15565351162029567,-0.15565351162029564,0.16822479996262701,0.1505598921350487,0.15409287370056435,0.15762585526608003,0.16115883683159568,0.16469181839711136,0.1975890115039283,0.2269532230452296,0.25631743458653095,0.2856816461278322,0.3333333333333333,0.22377202452247638,0.6338305497668092,0.0,0.0
CONTROL997_DCHA,0.2765959345009923,0.4315922542748209,0.4382173196415338,-0.2155376146837759,-0.2155376146837759,0.2191086598207669,0.2155376146837759,0.2155376146837759,0.30990759000651463,0.22414998462407712,0.16373927372510316,0.16882321872934083,0.2798871562552239,0.2334147729794658,0.1682121504407924,0.39050292856387875,0.3150521571308657,0.23354756002934082,0.16822300651561842,0.3929219166151997,0.3153650760806694,0.8565594431829289,0.21919594407416357,-0.1866610497872518,0.8565594431829289,-0.11491089761586998,-4.206506398839887,-1.1007339884971798,0.29162601043564945,0.6666666666666666,0.6666666666666666,0.2819487692573186,0.12650244372929792,0.3525214377542976,0.4315922542748209,0.2855198143943096,0.2191086598207669,-0.2191086598207669,0.21605463959104498,0.208912549317063,0.2103409673718594,0.2117693854266558,0.21319780348145217,0.21462622153624858,0.25916216252780017,0.30226968546455535,0.34537720840131053,0.3884847313380657,0.3333333333333333,0.30364229750425764,0.8565594431829289,0.0,0.0
CONTROL997_IZDA,0.35678225861009283,0.49990538028237336,0.5374981900008248,0.26646732768998227,0.26646732768998227,0.2687490950004124,0.26646732768998227,0.26646732768998227,0.38008231352063626,0.25185566256570163,0.18417932429644637,0.19405980424397393,0.3153979507691564,0.26246415045854227,0.1889825156089549,0.44335679735376804,0.35452051962428605,0.26237930438742574,0.1889755789739623,0.44181115241003727,0.3543205758534612,0.9622179508462952,0.2687781528504829,-0.23471961197079197,0.9622179508462952,-0.13095189653456105,-3.204523886269775,-1.0030282716097516,0.34605124136420756,0.6666666666666666,0.6666666666666666,0.3230210842591952,0.15516236234295644,0.4033277234347497,0.49990538028237336,0.32073931694876506,0.2687490950004124,-0.2687490950004124,0.23343805259239106,0.22887451797153083,0.22978722489570289,0.23069993181987491,0.23161263874404697,0.232525345668219,0.2867315181303875,0.34002498366838396,0.3933184492063805,0.4466119147443769,0.3333333333333333,0.3448585500414592,0.9622179508462952,0.0,0.0
CONTROL998_DCHA,0.09882951232482975,0.25763952831825515,0.2608340845859574,0.1240820651078014,0.1240820651078014,0.1304170422929787,0.1240820651078014,0.1240820651078014,0.18465501269332124,0.1342141334646627,0.09804910865255512,0.1067555780665714,0.16832974315145088,0.1396983286664702,0.10057633939738951,0.23626164783932047,0.18871311695865145,0.13946276655533033,0.10055708089358875,0.2319704015714993,0.18815800372659486,0.512084500368808,0.13087780838728447,-0.11843072288690748,0.512084500368808,-0.05570605536872339,-12.430489333080306,-1.8527970535195808,0.17375394718370457,0.6666666666666666,0.6666666666666666,0.17702981064144666,0.07529631447476606,0.2088566121681755,0.25763952831825515,0.17069483345626935,0.1304170422929787,-0.1304170422929787,0.13355746321045375,0.12088750884009912,0.12342149971417005,0.12595549058824096,0.1284894814623119,0.13102347233638284,0.15837387623201402,0.1831902892535743,0.2080067022751346,0.2328231152966949,0.3333333333333333,0.1815025365523668,0.512084500368808,0.0,0.0
CONTROL998_IZDA,0.12655069853157733,0.29175811439459276,0.2959711227168834,0.14139742036787006,0.14139742036787006,0.1479855613584417,0.14139742036787006,0.14139742036787006,0.20949047697823767,0.15181573868544787,0.11091083613691047,0.1203724259758767,0.19036137779793993,0.15802784671776074,0.11377783090307518,0.26712933895895746,0.21346574601926283,0.15778287087098783,0.11375780277438617,0.2626666022179603,0.21288844887491357,0.5793032204668949,0.1484248536320924,-0.13386475299125988,0.5793032204668949,-0.06411056919336339,-9.662082797015026,-1.6381669519780553,0.19686678655915668,0.6666666666666666,0.6666666666666666,0.19968921447953658,0.08543950368647418,0.23654318090463408,0.29175811439459276,0.19310107348896496,0.1479855613584417,-0.1479855613584417,0.1503606940267227,0.13718441204557943,0.1398196684418081,0.14245492483803673,0.1450901812342654,0.14772543763049403,0.1786401781002967,0.2069196621738707,0.23519914624744476,0.26347863032101876,0.3333333333333333,0.20538638264790693,0.5793032204668949,0.0,0.0
CONTROL999_DCHA,0.17708449385899944,0.3471054778577877,0.35794434215323634,0.17328607391887818,0.17328607391887818,0.17897217107661817,0.17328607391887818,0.17328607391887818,0.2532325797395175,0.17901905737449256,0.13081907894299133,0.1405773217320263,0.22435664712691822,0.18640524807548262,0.13421649846927472,0.3149083424549066,0.25178668874507204,0.18619381415686367,0.13419921257849365,0.31105664062656974,0.2512884347374008,0.6833720914201269,0.17924294441494779,-0.15991875130979522,0.6833720914201269,-0.0809569398016991,-6.761927372820757,-1.39501827878712,0.23564280676668514,0.6666666666666666,0.6666666666666666,0.2334767942977823,0.10332963114853726,0.28108485626003,0.3471054778577877,0.22779069714004227,0.17897217107661817,-0.1789721710766182,0.17381940393890954,0.16244720962342954,0.16472164848652554,0.16699608734962154,0.16927052621271754,0.17154496507581354,0.20847661872268516,0.24313383350646078,0.2777910482902365,0.3124482630740121,0.3333333333333333,0.24295712506462222,0.6833720914201268,0.0,0.0
CONTROL999_IZDA,0.3306276100574038,0.488870474684735,0.5496483900254046,0.27391607716527516,0.27391607716527516,0.2748241950127023,0.27391607716527516,0.27391607716527516,0.38866222569836817,0.23989943859553892,0.17559345302275323,0.18412851374824155,0.3006094697786801,0.2502124082297594,0.18010187052416549,0.4241888704826507,0.3380645921283307,0.2501786404432227,0.18009910982108723,0.42357372109700964,0.33798501674571485,0.9169630340288004,0.2748286960971403,-0.23879118758111076,0.9169630340288004,-0.13604992073521044,-3.3393626428110017,-1.0668196652007658,0.34615983572516984,0.6666666666666666,0.6666666666666666,0.30656246252369396,0.15866982297040588,0.3918742060729466,0.488870474684735,0.3056543446762668,0.2748241950127023,-0.2748241950127023,0.21495439751945983,0.21313816182460552,0.2135014089635764,0.21386465610254723,0.2142279032415181,0.21459115038048895,0.26973761295251486,0.32452082838556984,0.3793040438186249,0.43408725925167996,0.3333333333333333,0.33197771514435714,0.9169630340288004,0.0,0.0
ID01_DCHA,0.18662886786640673,0.3572164263671555,0.37115288168952765,-0.17834030445744897,-0.17834030445744897,0.18557644084476382,0.17834030445744897,0.17834030445744897,0.26264415876400504,0.18317801774850023,0.13385795942087214,0.13511708496030717,0.22844552708429072,0.19084652485923032,0.1375609831216169,0.31861382096562896,0.2575546400096391,0.19111559600409253,0.13758298117402412,0.32351550290667314,0.2581887188610931,0.7004963974119389,0.1859991946381962,-0.15444723417880196,0.7004963974119389,-0.10364242500335419,-6.039067190475153,-1.355224583101951,0.24469273254130938,0.6666666666666666,0.6666666666666666,0.22626266274999812,0.10714260807697705,0.2917181323609825,0.3572164263671555,0.23349879913731297,0.18557644084476382,-0.18557644084476385,0.17887612190970653,0.16440384913507683,0.16729830369000276,0.17019275824492872,0.17308721279985465,0.1759816673547806,0.2145441828011963,0.25021224369268613,0.2858803045841759,0.32154836547566573,0.3333333333333333,0.24941856912053598,0.7004963974119389,0.0,0.0
ID01_IZDA,0.15722394752296023,0.33009009320043353,0.3530726168673813,0.15301027751571677,0.15301027751571677,0.17653630843369064,0.15301027751571677,0.15301027751571677,0.2518671964593588,0.16732510848013188,0.12238145515744146,0.1436543257430924,0.21146796628018147,0.17420879945979442,0.1251802845601029,0.3008931354511498,0.23571333529810848,0.17333399891232812,0.12510876478306085,0.2849568519536151,0.23365182652252905,0.6371976627339193,0.1811780632075957,-0.17325906821908463,0.6371976627339193,-0.05297910783988452,-8.181668991386667,-1.5378285772781712,0.22918639385078649,0.6666666666666666,1.0,0.2359252518292803,0.10192328519593408,0.26297356111903786,0.33009009320043353,0.21239922091130645,0.17653630843369064,-0.17653630843369067,0.17707981568471676,0.13002775384876902,0.13943816621595856,0.14884857858314812,0.15825899095033766,0.16766940331752722,0.2076818711878601,0.23828392669100346,0.26888598219414683,0.29948803769729015,0.3333333333333333,0.2289278980545041,0.6371976627339193,0.0,1.0
ID08_DCHA,0.5218278006035929,0.5899685235245671,0.5904561550061816,-0.2919814783626239,-0.2919814783626239,0.2952280775030908,0.2919814783626239,0.2919814783626239,0.41754079597603366,0.30871430185988075,0.22545988106499182,0.23358946908742376,0.38552490130393635,0.32139409166722055,0.23162092087292227,0.5375421946452352,0.4337933195812045,0.32151481439836826,0.23163079062305061,0.539741406424125,0.43407780839456184,1.1794494155675195,0.29528162652645296,-0.2528633776965687,1.1794494155675195,-0.1524839374622458,-2.258858081430891,-0.7952356589219172,0.3959490548898522,0.6666666666666666,0.6666666666666666,0.3899032060487062,0.17045001001874518,0.48258229019418947,0.5899685235245671,0.39314980518917314,0.2952280775030908,-0.2952280775030908,0.2979870451619432,0.2914938468810093,0.2927924865371961,0.29409112619338285,0.29538976584956966,0.2966884055057564,0.35638334083446793,0.41477963650699273,0.47317593217951753,0.5315722278520423,0.3333333333333333,0.4170642638745229,1.1794494155675195,0.0,0.0
ID08_IZDA,0.4355582975275814,0.540365922738727,0.5451104835520711,-0.26487912964473403,-0.26487912964473403,0.2725552417760356,0.26487912964473403,0.26487912964473403,0.3856041558828056,0.2815051353922954,0.20560928847943152,0.2098662489396687,0.3511789211884187,0.293133512240479,0.2112974391489969,0.48915597694509777,0.39558121150403597,0.29341894360449816,0.21132077473969196,0.494355693782579,0.3962538439840402,1.0759872846641096,0.27287932848046614,-0.22939205520465145,1.0759872846641096,-0.1477917890849701,-2.6582639113835254,-0.8730410686990473,0.36440755564344185,0.6666666666666666,0.6666666666666666,0.35098631609006836,0.15735984220843766,0.4425197107146145,0.540365922738727,0.3586624282213699,0.2725552417760356,-0.2725552417760356,0.27548679309399293,0.26013456883138986,0.26320501368391047,0.2662754585364311,0.2693459033889517,0.2724163482414723,0.3284626190229397,0.3814384449518865,0.4344142708808334,0.4873900968097802,0.3333333333333333,0.3810329371273046,1.0759872846641096,0.0,0.0
ID1000_DCHA,0.11294155200066179,0.2766507047333863,0.2835271478006195,-0.13885983127884288,-0.13885983127884288,0.14176357390030975,0.13885983127884288,0.13885983127884288,0.20052602128502078,0.14296826121435768,0.10445288819539157,0.1072739734330474,0.17849474721923722,0.14890297171082587,0.10730763332197425,0.24912601888491906,0.20098283798744088,0.1490109455396377,0.10731646077891331,0.25109298329897234,0.20123728341077005,0.5464249663995395,0.1418527618646311,-0.12025614145269892,0.5464249663995395,-0.07523740088235514,-10.20868489154511,-1.7310748317131395,0.18780905705851644,0.6666666666666666,0.6666666666666666,0.1792379128450463,0.08184723755262722,0.22578090121346725,0.2766507047333863,0.18214165546651317,0.14176357390030975,-0.14176357390030975,0.13779087345454344,0.13198338821160974,0.13314488526019647,0.13430638230878322,0.13546787935736995,0.1366293764059567,0.16556283971031202,0.19333480596608058,0.22110677222184918,0.24887873847761774,0.3333333333333333,0.194028822601748,0.5464249663995395,0.0,0.0
ID1000_IZDA,0.1703678455295199,0.34766907747870407,0.3809060821960958,0.18496241708346087,0.18496241708346087,0.1904530410980479,0.18496241708346087,0.18496241708346087,0.2694531789219206,0.17337334147782094,0.1268385645259554,0.13625009841269742,0.21754963572014893,0.18070844813086626,0.13004742800561853,0.3070252052485435,0.24419768511607334,0.18050428275717276,0.13003073635853557,0.3033059148514549,0.24371655977755183,0.6621011502400165,0.19069032938170566,-0.16969219169817246,0.6621011502400165,-0.08699058452714342,-6.740644221077689,-1.4697269790328429,0.24228707704850627,0.6666666666666666,0.6666666666666666,0.22619100742792586,0.10995811454594079,0.27887099969159274,0.34766907747870407,0.22070038341333884,0.1904530410980479,-0.1904530410980479,0.1627066603952432,0.15172541236606918,0.153921661971904,0.1561179115777388,0.15831416118357358,0.1605104107894084,0.19969914381193538,0.23669162722862752,0.2736841106453197,0.3106765940620119,0.3333333333333333,0.23830501850186306,0.6621011502400165,0.0,0.0
ID1001_IZDA,0.1544905737985155,0.31997438697394115,0.31776565832994097,-0.14873429516925954,-0.14873429516925954,0.15888282916497048,0.14873429516925954,0.14873429516925954,0.22515215364605018,0.16788515004057353,0.12258204588689595,0.12140504048456836,0.20888388630206026,0.17481740165131415,0.12609356203441788,0.28961963490408305,0.23578678166495157,0.17519476845519116,0.126124413855161,0.2964941440554104,0.2366760643477964,0.6421575025918825,0.1598522180961262,-0.12880767803055188,0.6421575025918825,-0.09466421557605167,-7.375733652196483,-1.4491423888578987,0.21504576433844894,0.6666666666666666,0.6666666666666666,0.20390396686824985,0.09173104418800504,0.263984998851513,0.31997438697394115,0.2140525008639608,0.15888282916497048,-0.15888282916497048,0.1712400918046816,0.15094302381325972,0.1550024374115441,0.15906185100982848,0.16312126460811285,0.16718067820639723,0.20098695083853352,0.2307338098723854,0.26048066890623733,0.29022752794008927,0.3333333333333333,0.22692919145151533,0.6421575025918824,0.0,0.0
ID1002_DCHA,0.18233475096831864,0.3480374786907968,0.34634603202362546,-0.16819788893543938,-0.16819788893543938,0.17317301601181273,0.16819788893543938,0.16819788893543938,0.24500467491071926,0.18256849620020135,0.1333162603196473,0.13608511276597673,0.2276986934850966,0.19007187869117595,0.13702235264822138,0.31680967806549437,0.2564781351891938,0.19025687563797497,0.13703747717052178,0.32017977631121153,0.256914089225101,0.697766404048765,0.1733872807990994,-0.14566364468100404,0.697766404048765,-0.0940491986204664,-6.401133952685786,-1.3387805175787326,0.23325092487144453,0.6666666666666666,0.6666666666666666,0.22761367427321494,0.09998148741079946,0.28560980192944624,0.3480374786907968,0.2325888013495883,0.17317301601181273,-0.17317301601181276,0.17983958975535744,0.1698893356026107,0.17187938643316006,0.1738694372637094,0.17585948809425875,0.1778495389248081,0.2134791675424453,0.24711874532953318,0.2807583231166211,0.31439790090370895,0.3333333333333333,0.2465324528794797,0.6977664040487649,0.0,0.0
ID1002_IZDA,0.1933504509793054,0.35909391572509664,0.3593070887767018,-0.17818437156254444,-0.17818437156254444,0.1796535443883509,0.17818437156254444,0.17818437156254444,0.25407697447855937,0.1879384695611435,0.1372551946965909,0.14254335683960398,0.23474304384527475,0.1956535588357158,0.14099699492035855,0.3273865812094859,0.264087406283686,0.19570818909599297,0.14100146124590682,0.3283817832790811,0.26421614507025837,0.7179746583985881,0.17967156541220827,-0.15431219233052898,0.7179746583985881,-0.09203053143288517,-6.1104733811165515,-1.3066231266474795,0.2409442111693658,0.6666666666666666,0.6666666666666666,0.23785571330705624,0.10372302221348477,0.2936330475857932,0.35909391572509664,0.2393248861328627,0.1796535443883509,-0.1796535443883509,0.1809095441625522,0.17797119851093926,0.17855886764126186,0.17914653677158443,0.17973420590190703,0.1803218750322296,0.21654641847506106,0.25218329278756996,0.28782016710007885,0.32345704141258774,0.3333333333333333,0.2538703415652075,0.7179746583985881,0.0,0.0
ID1003_DCHA,0.03980714935916478,0.16113313982557598,0.15602965144379605,0.0744125812659497,0.0744125812659497,0.07801482572189802,0.0744125812659497,0.0744125812659497,0.11044717468127949,0.0858136250660574,0.06264424213641877,0.0679203556291944,0.1075018515970198,0.08926600860233334,0.06429390839119598,0.15028270440576844,0.12054425673412023,0.0891320614255589,0.06428295746958755,0.1478425822671226,0.12022860389052704,0.3273697680329319,0.07826392226166122,-0.07068245615647223,0.3273697680329319,-0.03360404617702653,-31.619172986802848,-2.8473017414305266,0.1069531280711551,0.6666666666666666,0.6666666666666666,0.11272550046692564,0.04504188063131956,0.13159342431204696,0.16113313982557598,0.10912325601097732,0.07801482572189802,-0.07801482572189802,0.08672055855962628,0.07951606964772964,0.08095696743010897,0.08239786521248829,0.08383876299486763,0.08527966077724695,0.10160307481281622,0.11648559106600614,0.1313681073191961,0.14625062357238605,0.3333333333333333,0.11519136159620763,0.32736976803293194,0.0,0.0
ID1003_IZDA,0.08768457554829155,0.24099470339734744,0.2387617762477519,0.11575539836551257,0.11575539836551257,0.11938088812387596,0.11575539836551257,0.11575539836551257,0.16890790760194377,0.12687096723551144,0.09264774578972503,0.0993056015900305,0.15884823068781603,0.13202905222579558,0.0950984588070378,0.22216101899577098,0.17828421040207068,0.13189424068718514,0.09508743721907463,0.21970515073613417,0.17796652064901805,0.4842223339442904,0.1195459283171509,-0.10652664807352757,0.4842223339442904,-0.054252209424392905,-13.978135278657254,-1.9383692459711779,0.1610653773142216,0.6666666666666666,0.6666666666666666,0.16503293440646016,0.06892458789441638,0.19643730817511545,0.24099470339734744,0.16140744464809678,0.11938088812387596,-0.11938088812387597,0.12523930503183486,0.11798832551510809,0.11943852141845344,0.1208887173217988,0.12233891322514415,0.1237891091284895,0.14839038470493737,0.17154146437803988,0.19469254405114242,0.21784362372424493,0.3333333333333333,0.1709625451653973,0.4842223339442904,0.0,0.0
ID1004_DCHA,0.15002387755130256,0.3204406788918472,0.3349717095391601,0.15088325831469862,0.15088325831469862,0.16748585476958006,0.15088325831469862,0.15088325831469862,0.23802167026109405,0.1643438142783387,0.12014040869987935,0.13669837181167355,0.20702815453086387,0.17108441555047962,0.12303629987389145,0.2928791048188927,0.23132659038822476,0.17046705852503272,0.12298582752685966,0.2816326822998263,0.22987175942211427,0.6263503271363815,0.1699366063419762,-0.15942527530371617,0.6263503271363815,-0.058839032702467875,-8.406515870318472,-1.5437948358974194,0.21962617852853825,0.6666666666666666,0.6666666666666666,0.22538603883367525,0.09669800333667161,0.25706535195713537,0.3204406788918472,0.20878344237879384,0.16748585476958006,-0.16748585476958003,0.16955742057714857,0.13635222766738572,0.14299326624933828,0.14963430483129087,0.15627534341324342,0.162916381995196,0.19973407224008827,0.229910723903028,0.2600873755659677,0.2902640272289075,0.3333333333333333,0.22362459431772597,0.6263503271363815,0.0,0.0
ID1004_IZDA,0.1761261302458607,0.34429774663209933,0.3493955380103386,0.16936452009811806,0.16936452009811806,0.1746977690051693,0.16936452009811806,0.16936452009811806,0.24717505553468805,0.179061801306658,0.13081315285775685,0.14034417754379955,0.2243106363308788,0.18640623749994675,0.13423844846554756,0.3143600774428619,0.25175455859839174,0.18620792401987316,0.13422223524309315,0.3107473912722952,0.2512872235233607,0.6834977018859593,0.17494182212123316,-0.15591143498115434,0.6834977018859593,-0.07934901114200774,-6.859591273886862,-1.3861636888843116,0.23224199290629766,0.6666666666666666,0.6666666666666666,0.23316581620237103,0.10086180396196157,0.2795704883756959,0.34429774663209933,0.22783256729531978,0.1746977690051693,-0.17469776900516937,0.17493322653398127,0.16426672871987874,0.16640002828269926,0.16853332784551975,0.17066662740834027,0.17279992697116076,0.20880613055360486,0.24267903457322848,0.2765519385928521,0.3104248426124757,0.3333333333333333,0.24229880330276823,0.6834977018859594,0.0,0.0
ID101_IZDA,0.1309794565545236,0.29344753539671864,0.28759765808639337,0.13753265407157828,0.13753265407157828,0.14379882904319669,0.13753265407157828,0.13753265407157828,0.20355524155849902,0.15535944731198628,0.11343420600181618,0.12281136627373024,0.19464203103880046,0.1616385538343878,0.11641326552853375,0.2723064504673517,0.21828675189248042,0.1614055500899481,0.11639421618534283,0.2680618100883163,0.2177376675722929,0.5927449481037625,0.14420782947024516,-0.12996010569584365,0.5927449481037625,-0.0625001520641707,-9.521906115644097,-1.579542038893198,0.19553463952876252,0.6666666666666666,0.6666666666666666,0.20384782433953927,0.08302229265724259,0.2392576223779161,0.29344753539671864,0.19758164936792086,0.14379882904319669,-0.1437988290431967,0.15591488132514036,0.14338253138190352,0.14588900137055089,0.14839547135919826,0.15090194134784563,0.153408411336493,0.183421412139456,0.21092794295377165,0.23843447376808735,0.265941004582403,0.3333333333333333,0.20894932125160842,0.5927449481037625,0.0,0.0
ID102_DCHA,0.0788726509287498,0.23146134394558754,0.2381060507739643,0.11537627238287604,0.11537627238287604,0.11905302538698215,0.11537627238287604,0.11537627238287604,0.16844667622987766,0.11952750715249419,0.08734137943396443,0.09377749383284213,0.14978088111669738,0.12445519555902218,0.08961407043662475,0.21016917778136754,0.168102713254274,0.12431847782911248,0.08960289300699335,0.20767858434347997,0.1677805314714637,0.4562779810627984,0.11922322924561732,-0.10628710588751686,0.4562779810627984,-0.054011383187331924,-15.193775377747837,-2.087218514477245,0.1569792122424534,0.6666666666666666,0.6666666666666666,0.15576941335837222,0.06873529625501348,0.18753036455290747,0.23146134394558754,0.1520926603542661,0.11905302538698215,-0.11905302538698213,0.1160850715627115,0.1087315655544993,0.11020226675614174,0.11167296795778418,0.11314366915942661,0.11461437036106906,0.1391603260392867,0.1622355805158619,0.18531083499243714,0.20838608946901233,0.3333333333333333,0.1621446380331974,0.4562779810627983,0.0,0.0
ID102_IZDA,0.08016689527024094,0.23098474800116806,0.23048982741915625,0.11196444290583377,0.11196444290583377,0.11524491370957812,0.11196444290583377,0.11196444290583377,0.16304693572479262,0.12116048830006164,0.08848785314624645,0.09472251552858434,0.15170177170216376,0.12610072008022183,0.09082567550086698,0.21225548229908955,0.1702831942261927,0.12597873785274502,0.09081570277995647,0.21003332621521253,0.1699957373502951,0.4624644165843479,0.11538489763400912,-0.10264599398185596,0.4624644165843479,-0.05270175064917251,-15.199614506594282,-2.034821624902307,0.15478321689796654,0.6666666666666666,0.6666666666666666,0.15743527633186033,0.06653668195296013,0.18810664193805396,0.23098474800116806,0.15415480552811597,0.11524491370957812,-0.11524491370957812,0.11902030509533429,0.11245936348784556,0.11377155180934331,0.11508374013084105,0.1163959284523388,0.11770811677383654,0.14141319367650104,0.1638060822576678,0.18619897083883455,0.2085918594200013,0.3333333333333333,0.16346956421124284,0.4624644165843479,0.0,0.0
ID103_DCHA,0.19428057021228537,0.35947545430252764,0.35860712276255347,0.17111375159644845,0.17111375159644845,0.17930356138127673,0.17111375159644845,0.17111375159644845,0.25383790145807994,0.1886599206573586,0.13778884670076244,0.149556098447352,0.23648799555252425,0.19633084372159568,0.14137351313006324,0.3314087883380493,0.26517739113705047,0.19602631083594263,0.14134861588446027,0.3258610981655352,0.26445974501983605,0.7198192401450295,0.17986379868373814,-0.16237402247103172,0.7198192401450295,-0.07736706601339596,-6.363900341024758,-1.3101634771541308,0.24108702409494429,0.6666666666666666,0.6666666666666666,0.2481295564998381,0.10352095943013873,0.2921979049759091,0.35947545430252764,0.2399397467150098,0.17930356138127673,-0.17930356138127673,0.1883617027060792,0.1719820831364226,0.1752580070503539,0.17853393096428524,0.18180985487821655,0.18508577879214788,0.22258445302536886,0.25680720334465856,0.2910299536639483,0.32525270398323797,0.3333333333333333,0.2544802351279207,0.7198192401450294,0.0,0.0
ID103_IZDA,0.1490588067562559,0.3149830782783412,0.31460321612532627,0.14963430554480467,0.14963430554480467,0.15730160806266313,0.14963430554480467,0.14963430554480467,0.22272217414078935,0.16522040836401017,0.12067279486669294,0.13130833058979532,0.20715461694980578,0.17193798528277227,0.1238017441002612,0.2904148574319316,0.23224183255903139,0.17165288149864488,0.12377843529103183,0.28522110813303897,0.23156997203650223,0.6303460187096974,0.1578612000549874,-0.14286726739737515,0.6303460187096974,-0.06714985025454387,-8.310295290600767,-1.4974740457954092,0.21138938644202476,0.6666666666666666,0.6666666666666666,0.2177826420877576,0.09081812575893958,0.25589863756426867,0.3149830782783412,0.21011533956989914,0.15730160806266313,-0.15730160806266313,0.16534877273353654,0.1500141676978196,0.153081088704963,0.15614800971210638,0.15921493071924978,0.16228185172639314,0.19527563384249746,0.2252024949514584,0.25512935606041937,0.2850562171693803,0.3333333333333333,0.22290416981014952,0.6303460187096974,0.0,0.0
ID104_DCHA,0.1679730140843827,0.3369535282537609,0.3444776470694346,0.1629257687093334,0.1629257687093334,0.1722388235347173,0.1629257687093334,0.1629257687093334,0.24393829270044545,0.17466998797041372,0.1276268235611842,0.1396674415141104,0.21920366785609244,0.18182697745285414,0.13088434417076028,0.3080979339440507,0.24565882542846654,0.1814806774123486,0.1308560322295317,0.3017893695099196,0.24484275303967643,0.6663829376918481,0.17299251805545035,-0.15722853876462994,0.6663829376918481,-0.07214982952928278,-7.304913911881578,-1.4300520413645728,0.22813811424426808,0.6666666666666666,0.6666666666666666,0.23144070072266662,0.09944213113267349,0.27255404501340785,0.3369535282537609,0.2221276458972827,0.1722388235347173,-0.1722388235347173,0.1740277595444275,0.15540164989365968,0.15912687182381324,0.1628520937539668,0.16657731568412038,0.17030253761427394,0.20661291328629416,0.23919806702816085,0.2717832207700276,0.30436837451189425,0.3333333333333333,0.2366241845095176,0.6663829376918481,0.0,0.0
ID104_IZDA,0.10725546071832953,0.2697840879592069,0.2775527545476875,0.13023336596901608,0.13023336596901608,0.13877637727384376,0.13023336596901608,0.13023336596901608,0.19663095347074241,0.13941480933264921,0.10187960393980199,0.11222921815711656,0.17507915994102222,0.1451338543496949,0.10445315744344635,0.24639974532918202,0.19611329216350665,0.14481618788940115,0.10442718645556831,0.24061280019801823,0.19536469615782337,0.5317995093299331,0.13956300374997474,-0.12758233297912056,0.5317995093299331,-0.05657367167968036,-11.471242605945475,-1.797946349617259,0.18317132403960365,0.6666666666666666,0.6666666666666666,0.1858095144148054,0.08012257877621475,0.21781965693431876,0.2697840879592069,0.1772665031099777,0.13877637727384376,-0.13877637727384376,0.1395507219901908,0.12246469938053546,0.12588190390246654,0.1292991084243976,0.13271631294632866,0.13613351746825975,0.16559739518399402,0.19164406837779724,0.21769074157160045,0.24373741476540367,0.3333333333333333,0.18908151744536847,0.5317995093299331,0.0,0.0
ID105_DCHA,0.06737581356860994,0.21401649366592598,0.2210752930380493,0.10167733067112564,0.10167733067112564,0.11053764651902465,0.10167733067112564,0.10167733067112564,0.1568252307180791,0.11040933121468188,0.08069213471500335,0.09028694709565321,0.13885009024674633,0.11493164731445012,0.08268898652793413,0.19583826088021086,0.1553457700006746,0.114602182085849,0.08266205092557209,0.18983637702134282,0.15456936964064216,0.4209741879597287,0.11159788030575864,-0.10340166856985426,0.4209741879597287,-0.041978349487663824,-18.523423589600636,-2.2807291894049255,0.14575828487950834,0.6666666666666666,0.6666666666666666,0.14918504516780856,0.06381893997334659,0.172349158645,0.21401649366592598,0.14032472931990955,0.11053764651902465,-0.11053764651902465,0.11233916299480035,0.09461853129900233,0.09816265763816193,0.10170678397732154,0.10525091031648114,0.10879503665564075,0.13267462912902547,0.1530100952632506,0.17334556139747573,0.19368102753170086,0.3333333333333333,0.14986195155165297,0.42097418795972863,0.0,0.0
ID105_IZDA,0.06602564784379171,0.20728325776894718,0.19983315913544547,0.09848624454519657,0.09848624454519657,0.09991657956772274,0.09848624454519657,0.09848624454519657,0.1413178596695388,0.11054806167808805,0.08069033664839433,0.08534338661275549,0.13819263246776844,0.11501017702543456,0.08287689585170897,0.19256927244131258,0.1552448348513492,0.11495699092425464,0.0828725475941443,0.19160037868720237,0.1551194992938454,0.4220166141713961,0.09994728834412196,-0.0877690026303273,0.4220166141713961,-0.04781278725007211,-18.62016791355971,-2.1949048492343257,0.13701349091744186,0.6666666666666666,0.6666666666666666,0.14210253974632486,0.05768686410993138,0.16998392260667333,0.20728325776894718,0.1406722047237987,0.09991657956772274,-0.09991657956772274,0.10879701322375061,0.1059363431786983,0.10650847718770876,0.10708061119671922,0.10765274520572969,0.10822487921474015,0.12849426213278992,0.14819151104182923,0.16788875995086855,0.18758600885990787,0.3333333333333333,0.14835278656386575,0.42201661417139613,0.0,0.0
ID106_DCHA,0.06291910741591619,0.19960468029660908,0.1849161434989337,0.08483286443111757,0.08483286443111757,0.09245807174946685,0.08483286443111757,0.08483286443111757,0.13119938123541108,0.10859647844213022,0.07922761035333498,0.08796364261493927,0.13621688638108523,0.11287899885014194,0.08128917077868597,0.19034709166030436,0.1524500178064998,0.11259546034932584,0.08126598994001373,0.18518185720250852,0.15178184594796587,0.41389789739089355,0.09339660803034004,-0.0866746621667761,0.41389789739089355,-0.03479122489720951,-21.15698042459551,-2.22674033976252,0.13162306464573498,0.6666666666666666,0.6666666666666666,0.1455911731153138,0.05338069261330841,0.16363981805167177,0.19960468029660908,0.13796596579696452,0.09245807174946685,-0.09245807174946685,0.11477181586549151,0.09952140122879295,0.10257148415613267,0.10562156708347238,0.10867165001081208,0.1117217329381518,0.131738388751715,0.14870496163793853,0.16567153452416206,0.18263810741038555,0.3333333333333333,0.14482070226768476,0.41389789739089355,0.0,0.0
ID106_IZDA,0.06475439723868544,0.20648557416966168,0.2027039516156645,-0.09890678772737098,-0.09890678772737098,0.10135197580783226,0.09890678772737098,0.09890678772737098,0.14337504625910497,0.10906382820625102,0.07962429908092622,0.08163384347215526,0.13603777401758652,0.1135205434823592,0.0818386614199113,0.1891635206281664,0.15317860117224652,0.11361146625122331,0.08184609485851174,0.19081986506598886,0.1533928649680984,0.4167527708933205,0.101440425050361,-0.08565579077861821,0.4167527708933205,-0.05434377002460805,-18.23634059585523,-2.2298510422038835,0.13750420274552544,0.6666666666666666,0.6666666666666666,0.13647240221731222,0.05851559051555239,0.16967993679341437,0.20648557416966168,0.1389175902977735,0.10135197580783226,-0.10135197580783227,0.1075787864422907,0.10268841028136813,0.10366648551355265,0.10464456074573716,0.10562263597792167,0.10660071121010618,0.1273601439877649,0.14714150153323907,0.1669228590787133,0.18670421662418749,0.3333333333333333,0.14691766088378147,0.4167527708933205,0.0,0.0
ID107_IZDA,0.10282782438151081,0.25245481073802034,0.22623741221466961,0.1016014840153015,0.1016014840153015,0.11311870610733481,0.1016014840153015,0.1016014840153015,0.16080104524607297,0.13942030085652626,0.1016708964413723,0.11405002744252071,0.17494621058503237,0.14484789951764396,0.10431269693326335,0.24422227471608762,0.19562392644966123,0.1444196389144623,0.1042776842632963,0.23642063078377065,0.19461471012686515,0.5311270199993914,0.11486418452045548,-0.10793788004490606,0.5311270199993914,-0.03928351991561746,-13.404368704407467,-1.720161992176547,0.16611493717506068,0.6666666666666666,0.6666666666666666,0.18855956209183045,0.06530911542145192,0.2078010314475067,0.25245481073802034,0.17704233999979713,0.11311870610733481,-0.1131187061073348,0.15085332672271884,0.12781888253865223,0.13242577137546555,0.13703266021227886,0.1416395490490922,0.14624643788590552,0.17117362352577914,0.19149392032883944,0.21181421713189974,0.23213451393496004,0.3333333333333333,0.1851376284295108,0.5311270199993914,0.0,0.0
ID108_DCHA,0.09562970681738923,0.25052700985899795,0.2450984903313709,0.11515642308257526,0.11515642308257526,0.12254924516568545,0.11515642308257526,0.11515642308257526,0.1736258696682715,0.13280091274893632,0.09696345734837893,0.1063402640124674,0.16655501445589782,0.13815113342560964,0.09947453179186154,0.23333162780512898,0.186604000508736,0.1378762360224661,0.09945205741065634,0.2283238086377543,0.18595619180467682,0.5064825392456229,0.12321639073490526,-0.11253313125772292,0.5064825392456229,-0.05018538945817744,-13.243376304355577,-1.8519609567857398,0.16715088898976688,0.6666666666666666,0.6666666666666666,0.17622033516498448,0.07075383968539393,0.2039759927629763,0.25052700985899795,0.1688275130818743,0.12254924516568545,-0.12254924516568545,0.1353705867764227,0.1205849426102023,0.12354207144344638,0.12649920027669045,0.12945632910993454,0.1324134579431786,0.15840187139293774,0.18143315600945278,0.20446444062596786,0.2274957252424829,0.3333333333333333,0.17854010456793662,0.5064825392456229,0.0,0.0
ID108_IZDA,0.07771705666436605,0.219858506023078,0.19741303418216635,0.09526521288265805,0.09526521288265805,0.09870651709108318,0.09526521288265805,0.09526521288265805,0.13967690640121738,0.12115587035246211,0.08834460289285208,0.09471376690100605,0.15144968239535053,0.12591939312921177,0.09075828376138084,0.21031344310108177,0.16993872524405412,0.1257914304135278,0.09074782210252397,0.20798234017692374,0.1696371750654523,0.46216248388706765,0.09888631978295617,-0.08846260818660735,0.46216248388706765,-0.044191302232903906,-16.72420543603373,-1.95032232500292,0.14222651611339618,0.6666666666666666,0.6666666666666666,0.1574954655041143,0.056988234213307266,0.1818565958561761,0.219858506023078,0.1540541612956892,0.09870651709108318,-0.09870651709108316,0.12459329314041995,0.11771068472356969,0.11908720640693973,0.1204637280903098,0.12184024977367984,0.1232167714570499,0.14364633571695157,0.16269937829348316,0.18175242087001478,0.20080546344654637,0.3333333333333333,0.16095243258425354,0.4621624838870676,0.0,0.0
ID109_DCHA,0.050581846014383994,0.18228932998658864,0.17829678792433984,0.08815384370831923,0.08815384370831923,0.08914839396216992,0.08815384370831923,0.08815384370831923,0.12608271313896832,0.09653366032729724,0.07047674003607078,0.07436678285983957,0.1206809505181475,0.10045190458500515,0.07238169286812071,0.1683083673744802,0.13560055771222465,0.10041492286422171,0.07237866940816433,0.16763466959463927,0.1355134085418773,0.3685712020354261,0.0891650353931212,-0.07806607966299736,0.3685712020354261,-0.043082371600308936,-24.04024465052675,-2.527294064833424,0.12114779107749457,0.6666666666666666,0.6666666666666666,0.12385161759899271,0.051469849251881604,0.14921355005858325,0.18228932998658864,0.12285706734514203,0.08914839396216992,-0.08914839396216992,0.09413548627826941,0.09214638577056805,0.09254420587210832,0.09294202597364859,0.09333984607518887,0.09373766617672914,0.11176625501993326,0.1293970237615971,0.14702779250326095,0.1646585612449248,0.3333333333333333,0.12984843217431621,0.3685712020354261,0.0,0.0
ID109_IZDA,0.059627201327434445,0.20178926148928414,0.20963061707678532,0.09773010659348232,0.09773010659348232,0.10481530853839266,0.09773010659348232,0.09773010659348232,0.1485695055561444,0.10375624831237407,0.07583571487144747,0.08402154753488249,0.1303875323422983,0.10802407594128183,0.0777304241836762,0.18377871008964802,0.14599163731541367,0.10776061719798902,0.07770888497609951,0.178979269536966,0.14537078435313067,0.39573716739106707,0.10553127102332717,-0.09690868477498728,0.39573716739106707,-0.04177985135183081,-20.621284781214833,-2.4265980756842067,0.13754850196587765,0.6666666666666666,0.6666666666666666,0.13899759107526605,0.060515146599834674,0.16255239351568782,0.20178926148928414,0.13191238913035572,0.10481530853839266,-0.10481530853839266,0.10405915489580182,0.08988875100598115,0.09272283178394529,0.09555691256190942,0.09839099333987356,0.10122507411783768,0.12360517621449828,0.14315119753319475,0.16269721885189123,0.18224324017058768,0.3333333333333333,0.1409813242093132,0.3957371673910671,0.0,0.0
ID110_DCHA,0.04584810639381988,0.1803614131051668,0.1979321922301682,-0.09315783472740703,-0.09315783472740703,0.0989660961150841,0.09315783472740703,0.09315783472740703,0.14020002910561497,0.08964378821895982,0.06557291466776673,0.06466106034255834,0.11172350229574719,0.09349780759869619,0.0673876167334605,0.1562223733170611,0.12618675457559783,0.09371378411677028,0.0674052740068398,0.1601568278973741,0.12669571343326932,0.3431520470853322,0.09947610708759569,-0.08067705143548667,0.3431520470853322,-0.058195440139057655,-23.341467359664055,-2.8147027754416745,0.1277488125854168,0.6666666666666666,0.6666666666666666,0.10857575430743367,0.05713810223269018,0.14655501648572164,0.1803614131051668,0.11438401569511074,0.0989660961150841,-0.09896609611508408,0.08720357837775976,0.07558705560240563,0.07791036015747645,0.08023366471254728,0.0825569692676181,0.08488027382268894,0.10583514532324116,0.12446671226872257,0.14309827921420398,0.1617298461596854,0.3333333333333333,0.12362322650405665,0.3431520470853322,0.0,0.0
ID110_IZDA,0.03036061736772111,0.1410988538001401,0.1378972246696874,0.06445327380439622,0.06445327380439622,0.0689486123348437,0.06445327380439622,0.06445327380439622,0.09771508799979546,0.07484085452954235,0.0546439704833207,0.060148374658539415,0.09389068586741044,0.07785265230644094,0.05605364336832634,0.1315802549558216,0.10516291251325467,0.07768549599260316,0.05603997741631994,0.12853516037576349,0.10476900077089452,0.28539933673073287,0.06938685284987739,-0.06360432720363826,0.28539933673073287,-0.02773129837175063,-41.91673642046989,-3.2878072696415663,0.09417314347175283,0.6666666666666666,0.6666666666666666,0.0996284507740251,0.03980749989177316,0.11484693970743252,0.1410988538001401,0.09513311224357762,0.0689486123348437,-0.0689486123348437,0.07664557999574387,0.06765490293484891,0.0694530383470279,0.07125117375920689,0.07304930917138588,0.07484744458356488,0.0895362347566231,0.10242688951750235,0.1153175442783816,0.12820819903926084,0.3333333333333333,0.10059923354201249,0.28539933673073287,0.0,0.0
ID111_DCHA,0.09328520446527193,0.2486126610719682,0.2495557510738253,0.10469254503228562,0.10469254503228562,0.12477787553691265,0.10469254503228562,0.10469254503228562,0.17873409705473303,0.1304187326200212,0.09528231625307876,0.11305229474702408,0.16477866064636906,0.13563669508870452,0.09749306285137507,0.23351200766723554,0.18347710607295334,0.1348898348051849,0.09743200289763636,0.2199064180894851,0.18171709456739724,0.4962822321420793,0.1295367890907659,-0.12545521650563274,0.4962822321420793,-0.032260942011515775,-14.731094011669345,-1.9461937984107784,0.17122188201672003,0.6666666666666666,1.0,0.18551274121865347,0.07204054003014615,0.20004808606347058,0.2486126610719682,0.16542741071402642,0.12477787553691265,-0.12477787553691266,0.14392011603968258,0.1037494550304285,0.11178358723227931,0.11981771943413014,0.12785185163598095,0.13588598383783176,0.16485862504613968,0.18579713405259682,0.20673564305905395,0.2276741520655111,0.6666666666666666,0.17633793736768796,0.4962822321420793,1.0,1.0
ID111_IZDA,0.08397672060707526,0.23686667813472925,0.2377906905910047,0.11462763790355777,0.11462763790355777,0.11889534529550234,0.11462763790355777,0.11462763790355777,0.16825169514343677,0.12388838690019043,0.09049055516566115,0.09747409392482521,0.15521523845967283,0.12894512092638008,0.09285929943514588,0.21743405466773055,0.1741479837332882,0.12878642893214118,0.09284632548802253,0.21454315500345306,0.1737740185595292,0.47280934381318307,0.11912490550714616,-0.1066623324349703,0.47280934381318307,-0.05304611155983431,-14.54673065650563,-1.9968929733984575,0.15913697353001446,0.6666666666666666,0.6666666666666666,0.16187082199633893,0.06864425961175179,0.19254879999504013,0.23686667813472925,0.15760311460439436,0.11889534529550234,-0.11889534529550233,0.12223904023117148,0.11370362544728234,0.11541070840406016,0.117117791360838,0.11882487431761582,0.12053195727439366,0.14516456781188303,0.16809009539259456,0.19101562297330615,0.2139411505540177,0.3333333333333333,0.1673088168697586,0.47280934381318307,0.0,0.0
ID112_DCHA,0.07693900897651633,0.2255604049241914,0.2228216848421229,-0.11061476841721474,-0.11061476841721474,0.11141084242106145,0.11061476841721474,0.11061476841721474,0.15756274650303723,0.11881562920617575,0.08675525933433197,0.09019071505745832,0.14838336776530983,0.12366928633092626,0.08912875944998963,0.20675532997780557,0.16691419354889772,0.12369888783815955,0.08913117953672091,0.20729458205371037,0.16698395089771118,0.4538595299304513,0.11141937448410572,-0.09579519948304056,0.4538595299304513,-0.0568995322163008,-15.488280405650455,-2.0564692485088614,0.15051386396033337,0.6666666666666666,0.6666666666666666,0.1504904359729704,0.0643230798624428,0.18477270094768827,0.2255604049241914,0.1512865099768171,0.11141084242106145,-0.11141084242106145,0.11494563650697667,0.11335348849928324,0.11367191810082193,0.11399034770236062,0.1143087773038993,0.11462720690543798,0.13706859019041961,0.15919154387386256,0.18131449755730553,0.20343745124074847,0.3333333333333333,0.1601447355535156,0.4538595299304513,0.0,0.0
ID112_IZDA,0.11184018038463799,0.2803810219160044,0.3032413835147473,0.14578041398761532,0.14578041398761532,0.15162069175737364,0.14578041398761532,0.14578041398761532,0.21458305158335522,0.14089818410859556,0.10305545145413399,0.11163001734713325,0.17687254671662736,0.14681686381528344,0.10565315677027472,0.24954879586379053,0.19840522598805402,0.14659969678833557,0.10563540216621876,0.24559265372626965,0.19789346164003643,0.5379016822332658,0.15195775959873953,-0.13636519971502364,0.5379016822332658,-0.06704992922404934,-10.443717065978074,-1.803462289026559,0.19414378252029887,0.6666666666666666,0.6666666666666666,0.18514083851418026,0.08753824720083694,0.2250984972455142,0.2803810219160044,0.17930056074442194,0.15162069175737364,-0.15162069175737364,0.13460060792838907,0.12292005238887242,0.12525616349677576,0.1275922746046791,0.12992838571258242,0.13226449682048574,0.16375669072591212,0.1929127735234352,0.22206885632095827,0.2512249391184813,0.3333333333333333,0.19308044988608417,0.5379016822332658,0.0,0.0
ID114_DCHA,0.07076167007908708,0.20931515346134968,0.1865573611993481,0.09012348312709477,0.09012348312709477,0.09327868059967405,0.09012348312709477,0.09012348312709477,0.13199142036895412,0.11571091322008323,0.08436562368512793,0.09036235521260762,0.1446159343322677,0.12025068247233965,0.08667796151281243,0.20070338524775883,0.1622796829396502,0.1201333584542764,0.08666836962625285,0.19856608798801098,0.16200320335407598,0.44138809918470095,0.09343863262959767,-0.0835141881960225,0.44138809918470095,-0.0419065440909681,-18.423668538782785,-2.0351508966122998,0.13508177426436954,0.6666666666666666,0.6666666666666666,0.1502845638674796,0.05385447135387493,0.17334479392162241,0.20931515346134968,0.14712936639490032,0.09327868059967405,-0.09327868059967404,0.11919167033425491,0.11288127538909636,0.11414335437812807,0.11540543336715978,0.1166675123561915,0.1179295913452232,0.13721636695967387,0.15524106358509282,0.1732657602105118,0.19129045683593074,0.3333333333333333,0.15358132490539236,0.44138809918470095,0.0,0.0
ID114_IZDA,0.052704283147449474,0.1872091940847622,0.18829051618673043,0.08119905337612006,0.08119905337612006,0.09414525809336521,0.08119905337612006,0.08119905337612006,0.13439444808508402,0.09805595550396107,0.0716377985577039,0.08355787926763594,0.12370302815814177,0.10199660444557752,0.07333772980729457,0.17496230374341254,0.1379331805175242,0.10151520802925282,0.0732983729910876,0.16619268215656358,0.13679874714335657,0.3733370660675561,0.09677883173095661,-0.09274392732242505,0.3733370660675561,-0.027653321970814868,-25.42206216819506,-2.5748285158196693,0.12798576933620373,0.6666666666666666,1.0,0.13739189340643054,0.054354790103131205,0.15077648984022365,0.1872091940847622,0.12444568868918537,0.09414525809336521,-0.09414525809336521,0.10601014070864213,0.08011773127415181,0.08529621316104988,0.09047469504794795,0.095653176934846,0.10083165882174407,0.12224995138386614,0.13848976205909014,0.15472957273431417,0.17096938340953818,0.3333333333333333,0.13254468824695753,0.3733370660675561,0.0,1.0
ID115_DCHA,0.1668413307543244,0.3336018724723149,0.3362431512289336,0.14832682705624167,0.14832682705624167,0.1681215756144668,0.14832682705624167,0.14832682705624167,0.23940215645467455,0.17446411346088367,0.12746012839538315,0.14650330477680723,0.21981752081464204,0.1815030002703967,0.1305409084727217,0.3104032540236386,0.24539481210340996,0.1807669450923657,0.13048073189604273,0.29699450157040247,0.2436602633388755,0.664562466188011,0.17158193494229207,-0.16274031051934298,0.664562466188011,-0.0543686649698957,-7.8651198495348345,-1.441648908248973,0.2269819113526133,0.6666666666666666,1.0,0.24131557062089545,0.09706503693759644,0.26893442513132054,0.3336018724723149,0.22152082206267032,0.1681215756144668,-0.16812157561446683,0.1852750454160732,0.14568554829962294,0.15360344772291298,0.16152134714620303,0.1694392465694931,0.17735714599278316,0.21494041082732154,0.24460577623856986,0.2742711416498182,0.30393650706106656,0.3333333333333333,0.23582573421513633,0.664562466188011,0.0,1.0
ID115_IZDA,0.22555435027536944,0.3847939475952626,0.3760320289485366,0.18328007514385447,0.18328007514385447,0.1880160144742683,0.18328007514385447,0.18328007514385447,0.2659791376034204,0.20392528232148044,0.14888223337150172,0.15886083720502664,0.25516558836541864,0.21218211177942556,0.15285976536121917,0.35629883314146593,0.2864735375029713,0.2120060088773483,0.15284536797620435,0.35309075813468965,0.2860585427031982,0.7783498138372511,0.18819486991629802,-0.16692808862393926,0.7783498138372511,-0.0869040982415134,-5.455123197240631,-1.1984406728396282,0.25578663796323675,0.6666666666666666,0.6666666666666666,0.2641858772761642,0.10855109656867938,0.31450675765328034,0.3847939475952626,0.2594499379457504,0.1880160144742683,-0.18801601447426827,0.20151387245140812,0.19204199379058048,0.193936369522746,0.19583074525491154,0.19772512098707706,0.1996194967192426,0.238169887480179,0.2748259025089499,0.3114819175377208,0.3481379325664917,0.3333333333333333,0.27419843804282173,0.7783498138372512,0.0,0.0
ID116_DCHA,0.12398740277572151,0.28392568337195034,0.27423657063913953,0.12552551059407255,0.12552551059407255,0.13711828531956977,0.12552551059407255,0.12552551059407255,0.19460635444309143,0.15152067524833485,0.11061368921461474,0.12342652048423419,0.19027121227260102,0.15757585112329875,0.11343398002369325,0.26684227513580233,0.21288421264961285,0.15714478114333152,0.11339873767165531,0.2589894526519454,0.21186837589783553,0.5775404794767115,0.13858066765060456,-0.128787555822741,0.5775404794767115,-0.05116998057153907,-10.512510481093415,-1.6227947565969623,0.1894737275236342,0.6666666666666666,0.6666666666666666,0.20410626788440106,0.0791652789400735,0.23115077279932253,0.28392568337195034,0.19251349315890384,0.13711828531956977,-0.13711828531956977,0.1584001727778778,0.1352146233268834,0.13985173321708227,0.14448884310728116,0.14912595299748002,0.1537630628876789,0.1835052748966923,0.2086103770155068,0.23371547913432134,0.25882058125313584,0.3333333333333333,0.203295681849305,0.5775404794767115,0.0,0.0
ID116_IZDA,0.14313251689073864,0.3120137570843765,0.32156350035027653,0.15644052608287143,0.15644052608287143,0.16078175017513827,0.15644052608287143,0.15644052608287143,0.22746260095233173,0.16095306252979885,0.11761492493827956,0.12587346045440315,0.20164467200612424,0.167597499381648,0.12068418262177232,0.28288280672679494,0.2263667947950224,0.16743607371550698,0.12067098518187047,0.27994210763046606,0.2259863875944126,0.614477770902853,0.16095747845079583,-0.14300069046401698,0.614477770902853,-0.07387903894916889,-8.335797618214155,-1.5502133845346713,0.21177369174753952,0.6666666666666666,0.6666666666666666,0.20916714772655118,0.09282738674439524,0.2528381233712915,0.3120137570843765,0.20482592363428434,0.16078175017513827,-0.16078175017513824,0.15557323100150508,0.1468907828169714,0.14862727245387813,0.15036376209078486,0.15210025172769162,0.15383674136459835,0.18686133621807935,0.21814944143465365,0.24943754665122797,0.28072565186780224,0.3333333333333333,0.21842810937143495,0.614477770902853,0.0,0.0
ID117_DCHA,0.0662975318452218,0.21182699631050414,0.21678200291523292,0.10459327734452843,0.10459327734452843,0.10839100145761646,0.10459327734452843,0.10459327734452843,0.15338208438682885,0.10969721990346391,0.08015147416218954,0.08634254820137684,0.13748642457723043,0.11420765089166107,0.08223367730756727,0.19290647159419672,0.15426384971118406,0.11406643492774268,0.08222213212245795,0.19033393361179723,0.15393106762764192,0.41869898601627953,0.10859041082113285,-0.09715828636243093,0.41869898601627953,-0.048498914559176196,-18.19727633639391,-2.2712934907697893,0.14337139751186426,0.6666666666666666,0.6666666666666666,0.14336405278518116,0.06257957386928797,0.17168106777355954,0.21182699631050414,0.13956632867209315,0.10839100145761646,-0.10839100145761646,0.10723371896597571,0.09963827073979965,0.10115736038503487,0.10267645003027008,0.10419553967550528,0.1057146293207405,0.1281523744348814,0.14907102990378707,0.16998968537269277,0.19090834084159847,0.3333333333333333,0.1486579203464807,0.4186989860162795,0.0,0.0
ID117_IZDA,0.1033848111823576,0.26291853061462606,0.26457717707167805,0.12421722227017393,0.12421722227017393,0.13228858853583902,0.12421722227017393,0.12421722227017393,0.18743221500157886,0.1374276617512356,0.10038867710720563,0.11036443400715225,0.17248144015295896,0.14301960009052933,0.10295345330365702,0.24224243909526053,0.19322183232635942,0.14271947145205977,0.10292891612958979,0.23677498130475813,0.19251456502548756,0.5241784147722001,0.13302522887403004,-0.12155528653213818,0.5241784147722001,-0.05403724486942185,-12.055505524718031,-1.8091104927101662,0.1771076945938541,0.6666666666666666,0.6666666666666666,0.18279750452306515,0.07637685220188231,0.21306718184051168,0.26291853061462606,0.17472613825740002,0.13228858853583902,-0.13228858853583902,0.13870130834445213,0.1225585758131219,0.12578712231938796,0.129015668825654,0.13224421533192005,0.13547276183818607,0.1635447527984869,0.1883881972525217,0.2132316417065565,0.23807508616059128,0.3333333333333333,0.1856383681447683,0.5241784147722001,0.0,0.0
ID118_DCHA,0.18833467465916315,0.3492867642675464,0.3376883444617077,0.1442030183939283,0.1442030183939283,0.16884417223085385,0.1442030183939283,0.1442030183939283,0.24131117238427757,0.18656893524950682,0.13621653262987926,0.15891933644772838,0.2352057253235727,0.19395752202495845,0.139499862641236,0.3316667390610636,0.2622313225954943,0.19304125633858318,0.13942495286004,0.3149750831408294,0.2600720992631635,0.7101719483409316,0.17415485604360084,-0.1675632076342124,0.7101719483409316,-0.04746035536003862,-7.335397378389363,-1.3379223917318948,0.23732199810411386,0.6666666666666666,1.0,0.26136513661723604,0.097482228288583,0.28315754490119127,0.3492867642675464,0.23672398278031048,0.16884417223085385,-0.16884417223085385,0.2050837458736181,0.15580143819976702,0.16565789973453723,0.17551436126930747,0.18537082280407768,0.1952272843388479,0.23392434955240377,0.2627649532311894,0.2916055569099751,0.32044616058876074,0.3333333333333333,0.2505558318746297,0.7101719483409314,0.0,1.0
ID118_IZDA,0.20757585018841568,0.3686086002413648,0.35902386446229256,0.1698049679429728,0.1698049679429728,0.17951193223114628,0.1698049679429728,0.1698049679429728,0.2542390960063048,0.19578925466961453,0.14294207926440503,0.15597167232112577,0.24542868650297742,0.2036725160552389,0.14667149223114462,0.343506351644252,0.2750755696199575,0.20331156874104309,0.14664198279438218,0.3369309571233431,0.2742249802394506,0.7468019362618019,0.18029755761084304,-0.1638683712617898,0.7468019362618019,-0.07519551968331292,-6.083997713746492,-1.2525805309586944,0.24537663806527174,0.6666666666666666,0.6666666666666666,0.25864094304210744,0.10364126239640216,0.30051530004982496,0.3686086002413648,0.24893397875393397,0.17951193223114628,-0.17951193223114625,0.198803632298392,0.17938970372204507,0.18327248943731447,0.18715527515258384,0.19103806086785324,0.19492084658312261,0.23276462588698657,0.26672561947558115,0.3006866130641757,0.33464760665277027,0.3333333333333333,0.2630436276795262,0.7468019362618019,0.0,0.0
ID119_DCHA,0.15983717453231147,0.32239551561630936,0.31043298002531716,-0.15464515857065358,-0.15464515857065358,0.15521649001265858,0.15464515857065358,0.15464515857065358,0.21951075231735853,0.17197097210499263,0.1255173087140249,0.13088773847906032,0.21472316692088436,0.17892820036513268,0.12897085488221585,0.2987028457072131,0.24146957977348252,0.17894944496265927,0.12897259174541612,0.2990898595584911,0.24151964367017484,0.656753566823611,0.15521964447420825,-0.1339266358944588,0.656753566823611,-0.07846524216933676,-7.589542723496223,-1.4065617246036943,0.21288196667555612,0.6666666666666666,0.6666666666666666,0.21834652416586536,0.08961428229147728,0.2649932660334438,0.32239551561630936,0.21891785560787033,0.15521649001265858,-0.15521649001265858,0.16775035704565577,0.1666076941616458,0.1668362267384478,0.1670647593152498,0.16729329189205178,0.16752182446885377,0.19867938875978647,0.2296084204739172,0.2605374521880479,0.29146648390217866,0.3333333333333333,0.23082256860505898,0.656753566823611,0.0,0.0
ID119_IZDA,0.17857712001763237,0.3453313005578826,0.34644839852264186,0.16683263297347362,0.16683263297347362,0.17322419926132093,0.16683263297347362,0.16683263297347362,0.24514271487987466,0.18068373410231103,0.1319737778849627,0.14227096379743198,0.22638415566190354,0.18805570509964323,0.13542623931740835,0.317143217744166,0.2539823665260488,0.18781803875859016,0.1354068087811887,0.3128136386191722,0.2534222945768945,0.6895455031510058,0.1735775894767572,-0.15555181588576947,0.6895455031510058,-0.07702475019888949,-6.849160004940008,-1.3690614148188187,0.2319605011738377,0.6666666666666666,0.6666666666666666,0.2362400673381826,0.100011038073681,0.28071763145463247,0.3453313005578826,0.2298485010503353,0.17322419926132093,-0.1732241992613209,0.17849866758440897,0.16571553500871436,0.16827216152385327,0.1708287880389922,0.17338541455413112,0.17594204106927006,0.21186519417910368,0.2452317207737984,0.27859824736849315,0.3119647739631879,0.3333333333333333,0.24397890620408996,0.6895455031510059,0.0,0.0
ID11_DCHA,0.3953057281884551,0.5131706839151889,0.515358646797619,0.23112836521034424,0.23112836521034424,0.2576793233988095,0.23112836521034424,0.23112836521034424,0.36634297342243066,0.2687754606756991,0.19634460020925898,0.22304896458109322,0.3382739295032497,0.2796309578180601,0.20116911888656686,0.4768618693112935,0.3779826528401455,0.278643677267422,0.20108840324794033,0.45887653220543656,0.3756560796286929,1.024153404947948,0.26175082397090005,-0.24615064437938425,1.024153404947948,-0.0890132244167069,-3.279921216149044,-0.9316673882889244,0.34766151409554413,0.6666666666666666,0.6666666666666666,0.3679354265044479,0.1487712267289033,0.4144212556247768,0.5131706839151889,0.3413844683159826,0.2576793233988095,-0.2576793233988095,0.2820423187048447,0.2289404023279142,0.2395607856033003,0.2501811688786864,0.2608015521540725,0.2714219354294586,0.3282679917469135,0.3744936647889824,0.42071933783105125,0.4669450108731201,0.3333333333333333,0.3629994160640184,1.024153404947948,0.0,0.0
ID11_IZDA,0.6296618559658307,0.6509935550002617,0.6603265790256939,0.32856191377588817,0.32856191377588817,0.33016328951284696,0.32856191377588817,0.32856191377588817,0.4669268939484958,0.3384422796329455,0.24723424205738728,0.2595838552895114,0.4232113240605013,0.35237862477676307,0.2538633020570893,0.591628536307732,0.47575164540649784,0.35231907863503287,0.2538584338310776,0.5905437813901167,0.4756113221132806,1.2926540859750912,0.33017493992533226,-0.28731662818437215,1.2926540859750912,-0.1626795811509853,-1.8796654714374565,-0.730660236460011,0.4391433389920013,0.6666666666666666,0.6666666666666666,0.4324860710619892,0.19061986407677453,0.5303186137467044,0.6509935550002617,0.43088469532503043,0.33016328951284696,-0.33016328951284696,0.3224316412243735,0.31922888975045594,0.31986944004523943,0.320509990340023,0.32115054063480647,0.32179109092959,0.3881440239795511,0.4538564067347287,0.5195687894899065,0.585281172245084,0.3333333333333333,0.4581345711927267,1.2926540859750912,0.0,0.0
ID120_DCHA,0.25304238021160863,0.40944521822153984,0.40820035759899453,0.18103697155675036,0.18103697155675036,0.20410017879949727,0.18103697155675036,0.18103697155675036,0.2904782074934663,0.215287080249094,0.15725392595105273,0.17984769596981873,0.271078444732392,0.22394618958382892,0.16109650386913743,0.38222419414116793,0.3027321148110089,0.22308859884136037,0.16102639108871872,0.3666014224860475,0.3007111617531089,0.820135297065625,0.20797263659181806,-0.1967292631222748,0.820135297065625,-0.06745527853562827,-5.194802025622174,-1.162597306409501,0.27743991217944236,0.6666666666666666,1.0,0.2964416395979553,0.11783729317154049,0.3308201334367742,0.40944521822153984,0.27337843235520837,0.20410017879949727,-0.20410017879949724,0.22840824666478948,0.1822818321792957,0.19150711507639445,0.2007323979734932,0.20995768087059197,0.21918296376769072,0.26461564097613954,0.3008230352874896,0.3370304295988397,0.3732378239101898,0.3333333333333333,0.2904263419019291,0.820135297065625,0.0,1.0
ID120_IZDA,0.21928058440763923,0.39013260222204404,0.4149310564096059,0.19437703648392227,0.19437703648392227,0.20746552820480296,0.19437703648392227,0.19437703648392227,0.29398385672966965,0.19802964021645145,0.14480252858854395,0.16012364753134845,0.24893644690342953,0.20625674612578146,0.14839133372957117,0.3515198315648977,0.2787882007153876,0.20577005885741667,0.14835154435698394,0.34265382627287305,0.2776412991986902,0.7554667502565262,0.20870043421104945,-0.19100538416242133,0.7554667502565262,-0.08410002652108042,-5.502854682013942,-1.2807263685746584,0.26821762928698734,0.6666666666666666,0.6666666666666666,0.26491074180638946,0.1197802785566109,0.313176973657108,0.39013260222204404,0.25182225008550874,0.20746552820480296,-0.20746552820480296,0.19575556573812178,0.16957858229636036,0.17481397898471265,0.18004937567306492,0.18528477236141722,0.19052016904976948,0.2346309730349062,0.27350638033169067,0.3123817876284751,0.3512571949252596,0.3333333333333333,0.27035814789992874,0.7554667502565262,0.0,0.0
ID121_DCHA,0.1738164878884597,0.34111875823987564,0.3438447477201776,-0.1619311854683157,-0.1619311854683157,0.1719223738600888,0.1619311854683157,0.1619311854683157,0.24354517642182133,0.17765288475416965,0.1297473734052006,0.1289952594561401,0.221163361271216,0.18502388936586125,0.13343143056359064,0.30714863928337843,0.24959061422450898,0.185395405373191,0.13346180404939692,0.31391656419360764,0.2504661092291667,0.6795115269994493,0.17279112873677235,-0.1402365202804909,0.6795115269994493,-0.10094796951770399,-6.5210975280755505,-1.3785247874541078,0.23078301670881993,0.6666666666666666,0.6666666666666666,0.2165126539413767,0.09925942882784174,0.2805995171752615,0.34111875823987564,0.2265038423331498,0.1719223738600888,-0.1719223738600888,0.17918757277155994,0.15920519598801378,0.16320167134472302,0.16719814670143224,0.17119462205814148,0.1751910974148507,0.21157380986522306,0.2439600469588862,0.27634628405254935,0.3087325211462125,0.3333333333333333,0.24070485931146723,0.6795115269994494,0.0,0.0
ID121_IZDA,0.17278903483080593,0.3368220461185759,0.3293050018574588,-0.1593970514929215,-0.1593970514929215,0.1646525009287294,0.1593970514929215,0.1593970514929215,0.23297238381772878,0.1782329196750687,0.13011230626911974,0.13255643291583533,0.22218642692852322,0.18551391862764982,0.13375869442158167,0.30863859471694227,0.25029281383793134,0.1857093391836992,0.13377467113151692,0.3121985803519186,0.2507533316009704,0.6811611364982689,0.16490392751054245,-0.1380418958812063,0.6811611364982689,-0.09020942461807654,-6.811706059108887,-1.3608996576345704,0.22399117866625776,0.6666666666666666,0.6666666666666666,0.22179826273028175,0.09506216573394702,0.2772383088210419,0.3368220461185759,0.22705371216608963,0.1646525009287294,-0.1646525009287294,0.17742499462565442,0.16691409575403862,0.1690162755283618,0.17111845530268494,0.1732206350770081,0.17532281485133125,0.2093044049242387,0.241183815222823,0.2730632255214073,0.3049426358199916,0.3333333333333333,0.23999238517836763,0.6811611364982689,0.0,0.0
ID122_DCHA,0.16489682314743484,0.34166073955687726,0.3732523543965227,0.17979495690363553,0.17979495690363553,0.18662617719826136,0.17979495690363553,0.17979495690363553,0.26410602259831395,0.1706959148227576,0.12487457055354481,0.1350945415388507,0.21430289690122206,0.17789909027489664,0.12801207990540256,0.30260384575174865,0.24042270770218674,0.17764507567828072,0.12799131280898499,0.2979764496716858,0.23982411031725653,0.6517298642741091,0.18700087360164386,-0.1675390207788643,0.6517298642741091,-0.08306625815719193,-7.024594232753334,-1.4930098313957263,0.237647144577743,0.6666666666666666,0.6666666666666666,0.22407450838599546,0.10774867364324699,0.2739023476522097,0.34166073955687726,0.21724328809136964,0.18662617719826136,-0.18662617719826136,0.16186578265324172,0.14820334206399005,0.1509358301818404,0.15366831829969071,0.15640080641754106,0.15913329453539138,0.1978247740339688,0.23378376541469592,0.26974275679542303,0.30570174817615015,0.3333333333333333,0.2344474519285966,0.651729864274109,0.0,0.0
ID122_IZDA,0.21988822857072446,0.3764305581211974,0.3575408943435432,0.17380937056433915,0.17380937056433915,0.1787704471717716,0.17380937056433915,0.17380937056433915,0.2529169233685243,0.20223558606283268,0.14758388366248565,0.15766908871766183,0.2529536687081933,0.21034069445904713,0.15156031055347086,0.3525040561612603,0.2839446240236728,0.21015621997002953,0.15154522874498014,0.34914347555398817,0.2835099011841849,0.7717507800200489,0.17897684103064737,-0.15911616706881537,0.7717507800200489,-0.0819436086747371,-5.7000008330777305,-1.194984716649235,0.24772814630129472,0.6666666666666666,0.6666666666666666,0.26221133661411544,0.10321316579777211,0.308938352271056,0.3764305581211974,0.257250260006683,0.1787704471717716,-0.17877044717177162,0.20262118755685826,0.19269903434199334,0.19468346498496633,0.19666789562793932,0.19865232627091228,0.20063675691388527,0.2373830616697261,0.2721449357825939,0.30690680989546176,0.3416686840083296,0.3333333333333333,0.27073248085562523,0.771750780020049,0.0,0.0
ID123_DCHA,0.17266643395682968,0.34016566893079414,0.34292025041436547,-0.1675466439221695,-0.1675466439221695,0.17146012520718273,0.1675466439221695,0.1675466439221695,0.24254438716173554,0.17729414024553553,0.1294941529299889,0.1327908746795817,0.2212541011223672,0.18460970944862445,0.13306072052319565,0.308326026297492,0.24914539235293723,0.184755229769607,0.1330726176132717,0.3109769769588133,0.2494883178570416,0.6775767563780168,0.17159405742439693,-0.1450996499554244,0.6775767563780168,-0.09160028453111121,-6.735312867624348,-1.3866896291007635,0.2292187048059604,0.6666666666666666,0.6666666666666666,0.22194543750765905,0.09899254944365389,0.278391905095919,0.34016566893079414,0.22585891879267228,0.17146012520718273,-0.1714601252071828,0.17261902500862464,0.16479206243859815,0.16635745495260346,0.16792284746660874,0.16948823998061405,0.17105363249461933,0.20612835379305852,0.2396376825774924,0.2731470113619264,0.30665634014636023,0.3333333333333333,0.23990722787279647,0.6775767563780168,0.0,0.0
ID123_IZDA,0.2103540729124767,0.3674919098409481,0.3469019867806298,0.1733655535695201,0.1733655535695201,0.1734509933903149,0.1733655535695201,0.1733655535695201,0.24529677701938946,0.19788705026674233,0.14439029634476463,0.15107485820858083,0.24706684738719892,0.20583318393913003,0.14837533284821022,0.3433214249083704,0.2777607025837712,0.20583000691355066,0.14837507310881962,0.34326354888113453,0.27775321577305645,0.7555737427422144,0.17345105652020681,-0.1502869596429625,0.7555737427422144,-0.08659733696396527,-5.851739226237492,-1.2128365411991442,0.24083156641018805,0.6666666666666666,0.6666666666666666,0.2519433540681996,0.10014197772510629,0.30279978096640386,0.3674919098409481,0.25185791424740483,0.1734509933903149,-0.17345099339031486,0.194126356271428,0.19395547662983845,0.19398965255815637,0.19402382848647426,0.19405800441479218,0.19409218034311007,0.228799466985332,0.26347257769923604,0.29814568841314004,0.3328187991270441,0.3333333333333333,0.2647980821383699,0.7555737427422146,0.0,0.0
ID124_DCHA,0.059606240927627265,0.1948842034146833,0.18182436999167534,0.08917624737108634,0.08917624737108634,0.09091218499583767,0.08917624737108634,0.08917624737108634,0.1285926814414758,0.10554975944211469,0.07700458489144898,0.08170201923286702,0.13190664255710552,0.10976010307240842,0.07910692802512227,0.18343533033031195,0.14813720080968304,0.10969555333217412,0.0791016507272936,0.1822594246189521,0.1479850863004502,0.40282824025237457,0.09096189212537573,-0.08023562780236575,0.40282824025237457,-0.04285218606079186,-21.091720897948942,-2.2691827753092553,0.12735139158976533,0.6666666666666666,0.6666666666666666,0.13601201770887617,0.05248817447996393,0.1605250382824187,0.1948842034146833,0.13427608008412484,0.09091218499583767,-0.09091218499583767,0.10570795604359695,0.10223608079409431,0.10293045584399484,0.10362483089389536,0.1043192059437959,0.10501358099369643,0.12354320551781421,0.14137845499203147,0.15921370446624877,0.17704895394046602,0.3333333333333333,0.1409565428629539,0.4028282402523745,0.0,0.0
ID124_IZDA,0.11642240389321698,0.26826569127976124,0.24063908911744572,0.10188319301886048,0.10188319301886048,0.12031954455872286,0.10188319301886048,0.10188319301886048,0.17214349747184693,0.14824112518939783,0.10811374538317917,0.12541194390436217,0.18656637083311167,0.15397239154660658,0.11080945052184865,0.2615301529295928,0.20806403515008723,0.15328684750066932,0.11075340350923535,0.24904156419042778,0.20644851825216212,0.564157984721838,0.12448489859064293,-0.1201661309462489,0.564157984721838,-0.03250524496956786,-12.430965291586945,-1.643593918427306,0.18033690782796674,0.6666666666666666,1.0,0.20648901311380835,0.06946652143975182,0.22023352262386495,0.26826569127976124,0.18805266157394598,0.12031954455872286,-0.12031954455872286,0.16638249826090076,0.129509795181176,0.13688433579712095,0.1442588764130659,0.15163341702901087,0.15900795764495582,0.18675913686467285,0.20713577546844494,0.22751241407221706,0.24788905267598915,0.3333333333333333,0.1969961115464101,0.564157984721838,0.0,1.0
ID125_DCHA,0.0427981274278574,0.16709902783266375,0.1618076427804257,-0.07800424401388693,-0.07800424401388693,0.08090382139021285,0.07800424401388693,0.07800424401388693,0.1144887406210826,0.08882909795988503,0.0648361175320988,0.06586885361993286,0.110691797409544,0.09244739959980548,0.06666407088296092,0.15359916122050318,0.12471627037967445,0.09255521854661697,0.06667288567744088,0.15556330414173283,0.12497035081626018,0.33948944071756554,0.08105955195054661,-0.0675536569190263,0.33948944071756554,-0.044801276759595304,-27.57997897490476,-2.718311827608483,0.11067519253214358,0.6666666666666666,0.6666666666666666,0.11026356952952926,0.046709843058108796,0.13780206405134968,0.16709902783266375,0.11316314690585517,0.08090382139021285,-0.08090382139021285,0.08909478381877682,0.08329562906612498,0.08445546001665534,0.08561529096718572,0.08677512191771608,0.08793495286824646,0.10469563262155421,0.12029648142433158,0.13589733022710898,0.15149817902988638,0.3333333333333333,0.11944053949958727,0.33948944071756554,0.0,0.0
ID125_IZDA,0.023105990312906933,0.12516263758690704,0.12835254547564962,0.06327320292193277,0.06327320292193277,0.06417627273782481,0.06327320292193277,0.06327320292193277,0.09076794056947694,0.06471491257127275,0.047284469990926815,0.05004294511934077,0.08099353194985144,0.06738694651368463,0.048536158556515295,0.11343136576779078,0.09099786765784637,0.06735336643500085,0.04853341319959081,0.11281963586510134,0.0909187346176445,0.24713536728507152,0.06419533151091908,-0.05636036391310842,0.24713536728507152,-0.03073353164507435,-51.25198832738745,-3.841659871668387,0.08479864617132467,0.6666666666666666,0.6666666666666666,0.08328152557758253,0.03705218834076999,0.10166817951098407,0.12516263758690704,0.0823784557616905,0.06417627273782481,-0.06417627273782481,0.06188943466497428,0.06008329503319021,0.060444522959547026,0.060805750885903835,0.06116697881226065,0.06152820673861746,0.07454407524936082,0.08719871583374739,0.09985335641813395,0.1125079970025205,0.3333333333333333,0.0877610207949348,0.24713536728507152,0.0,0.0
ID126_IZDA,0.11950542750373287,0.27643040404990904,0.2609450829642724,0.11491195136107774,0.11491195136107774,0.1304725414821362,0.11491195136107774,0.11491195136107774,0.18582365858912223,0.14922865096905882,0.10890838611023788,0.1243030397461303,0.1876897228872094,0.15511681289264712,0.11163218001774444,0.2634967283594185,0.20961188259611543,0.1545382022122369,0.1115848753984493,0.252956149864783,0.20824835922068496,0.5683461291854548,0.1332271743134804,-0.12646840176256272,0.5683461291854548,-0.041895385559480414,-11.40779102978776,-1.6467698239840798,0.1851005606306269,0.6666666666666666,1.0,0.20500929984954339,0.07532835694656594,0.22535116369110453,0.27643040404990904,0.18944870972848493,0.1304725414821362,-0.1304725414821362,0.1615184526888313,0.1303972724467144,0.13662150849513777,0.14284574454356117,0.14906998059198454,0.15529421664040793,0.18450084296104685,0.2074832332332624,0.23046562350547795,0.2534480137776935,0.3333333333333333,0.19958743071958288,0.5683461291854548,0.0,1.0
ID127_DCHA,0.38793409871720697,0.5084600899684233,0.5110223486483418,0.22871446020374464,0.22871446020374464,0.2555111743241709,0.22871446020374464,0.22871446020374464,0.3633291182720391,0.2662156561160177,0.1944778510094438,0.22126055333360867,0.33510111396363274,0.27696756369522335,0.1992459527856929,0.472503649923876,0.3743936720187531,0.27597114486603036,0.19916449004231576,0.454351840359635,0.37204556402261224,1.014357921256928,0.2596924178089772,-0.24448580308176449,1.014357921256928,-0.0875605159814461,-3.346563836722374,-0.941242757309978,0.3446785346502591,0.6666666666666666,0.6666666666666666,0.3649160212060689,0.14751944527701746,0.4105023689242098,0.5084600899684233,0.3381193070856427,0.2555111743241709,-0.25551117432417086,0.27974562976467865,0.22615220152382615,0.23687088717199664,0.24758957282016714,0.25830825846833766,0.2690269441165081,0.3254885218054276,0.3712314138461765,0.41697430588692547,0.46271719792767435,0.3333333333333333,0.35959889632626657,1.014357921256928,0.0,0.0
ID127_IZDA,0.220158340420483,0.38471703394891354,0.38969513552161994,-0.18983180117320492,-0.18983180117320492,0.19484756776080997,0.18983180117320492,0.18983180117320492,0.2756473565146772,0.20000625709332218,0.1460939824457897,0.14940918236790543,0.24956660951597157,0.20827798191595387,0.15012162657157171,0.34781471649601153,0.2810851081133843,0.20846449001721834,0.15013687463909706,0.35121234351504554,0.28152462325610683,0.7644559663251206,0.1950411454172874,-0.16439916226215207,0.7644559663251206,-0.10494743376181256,-5.255036364625264,-1.2311111061040874,0.2598809551563115,0.6666666666666666,0.6666666666666666,0.24980288885410185,0.11249529569764749,0.3147565231439355,0.38471703394891354,0.2548186554417069,0.19484756776080997,-0.19484756776080997,0.19488523277570863,0.1848536996004985,0.18686000623554053,0.18886631287058256,0.19087261950562456,0.1928789261406666,0.2328515930103496,0.2708179532449906,0.3087843134796316,0.3467506737142726,0.3333333333333333,0.2708987144183123,0.7644559663251207,0.0,0.0
ID22_DCHA,0.3216869680864029,0.4706157856014632,0.49605980944895534,0.22437824836014134,0.22437824836014134,0.24802990472447767,0.22437824836014134,0.22437824836014134,0.3523584382029473,0.24025863584544874,0.17566242512514227,0.19944941314451484,0.3026549176491645,0.25015065455292174,0.17989216656504076,0.4283633449455601,0.3382415665044213,0.24927118270286144,0.179820264883208,0.41234196410480106,0.336169049583821,0.9157875473554343,0.25139020701682757,-0.2352831336427268,0.9157875473554343,-0.08853746781573432,-3.886556634598271,-1.0581902784578894,0.32327710261720277,0.6666666666666666,0.6666666666666666,0.32891417214948115,0.14320013225975442,0.37711946919393197,0.4706157856014632,0.3052625157851448,0.24802990472447767,-0.24802990472447767,0.24623753724132189,0.19893422451264922,0.20839488705838374,0.2178555496041183,0.22731621214985281,0.23677687469558736,0.29111318691335014,0.33598883658537837,0.3808644862574067,0.42574013592943494,0.3333333333333333,0.3274583780606847,0.9157875473554343,0.0,0.0
ID22_IZDA,0.7996497921812471,0.7184243499382571,0.6893328328473204,0.2992447263029916,0.2992447263029916,0.3446664164236602,0.2992447263029916,0.2992447263029916,0.4916463536806634,0.38500056050661363,0.28105358353081883,0.32428277649509185,0.48482432635207984,0.4002428840903235,0.28794603100610605,0.6823485339210753,0.5410042352600013,0.3985539073341955,0.2878079478266004,0.6515803634113987,0.5370240818243501,1.465940216967451,0.35353122692427336,-0.33782620998155943,1.465940216967451,-0.10420067303082725,-1.7104796561183333,-0.6441831840886182,0.48487160983486266,0.6666666666666666,1.0,0.5340684291098189,0.1989932483028239,0.5836144266735415,0.7184243499382571,0.4886467389891503,0.3446664164236602,-0.3446664164236602,0.4191796236352655,0.3283362433939283,0.34650491944219575,0.3646735954904632,0.3828422715387306,0.40101094758699807,0.4790285688958638,0.5388775141564621,0.5987264594170605,0.6585754046776588,0.3333333333333333,0.5162847380342386,1.465940216967451,0.0,1.0
ID23_DCHA,0.36283382357455185,0.4933315514287558,0.49796755512975577,-0.24418092658951404,-0.24418092658951404,0.24898377756487788,0.24418092658951404,0.24418092658951404,0.3521817396401129,0.2569754294171776,0.1876980348767834,0.19305654125516078,0.32077701953840176,0.26757811717090385,0.1928494343358354,0.4472126314268687,0.3611370984028513,0.26775670814008584,0.1928640351340798,0.4504660316713329,0.3615579564501792,0.9820270991565117,0.24912270796326702,-0.21146688554614226,0.9820270991565117,-0.13169616524548466,-3.2112107132322394,-0.9575959630409593,0.33253018316380045,0.6666666666666666,0.6666666666666666,0.3225395154101401,0.14375085100093213,0.403469739657854,0.4933315514287558,0.3273423663855039,0.24898377756487788,-0.24898377756487786,0.24915062483924175,0.2395449228885141,0.24146606327865963,0.24338720366880515,0.2453083440589507,0.2472294844490962,0.29798681015714457,0.34682299547504736,0.3956591807929502,0.444495366110853,0.3333333333333333,0.3477709128983963,0.9820270991565117,0.0,0.0
ID23_IZDA,0.5712823847575663,0.6123975420433146,0.5982956760153164,-0.298484098593287,-0.298484098593287,0.2991478380076582,0.298484098593287,0.298484098593287,0.42305997100805065,0.3243881445651337,0.23681739137738106,0.2472137156481548,0.4051685935763105,0.3375763852515937,0.2432938815140315,0.5643286145926022,0.4556179710643238,0.337601065980999,0.24329589929999362,0.564778224622989,0.4556761323679536,1.2388969501146274,0.29915004702437653,-0.2584948120074856,1.2388969501146274,-0.15056952812538593,-2.107793886936954,-0.7503308516157715,0.4067458603158542,0.6666666666666666,0.6666666666666666,0.4123019106238379,0.17271308480121603,0.5021812210651111,0.6123975420433146,0.4129656500382091,0.2991478380076582,-0.2991478380076582,0.31391344345002764,0.3125859646212852,0.31285146038703365,0.3131169561527822,0.31338245191853065,0.31364794768427917,0.373610263168685,0.43330708288734243,0.49300390260599986,0.5527007223246573,0.3333333333333333,0.43637995094396287,1.2388969501146274,0.0,0.0
ID25_DCHA,0.03601310984590185,0.15072260586746614,0.1428707712146784,0.05242381895350261,0.05242381895350261,0.0714353856073392,0.05242381895350261,0.05242381895350261,0.10454141747176106,0.08146575623495173,0.059473144358837736,0.07490339633310142,0.10340149140634655,0.08461411027457495,0.060767082658199266,0.14701606347467364,0.11454016777896026,0.08390717721923065,0.06070928697591682,0.13413783012608335,0.11287424667093114,0.30929704638772004,0.07865960409745941,-0.07832935835305659,0.30929704638772004,-0.007200342822914721,-44.383916745463274,-3.181441098232649,0.10942917087001058,0.3333333333333333,1.0,0.12211058211640993,0.041243239110061995,0.122463257463351,0.15072260586746614,0.10309901546257334,0.0714353856073392,-0.0714353856073392,0.09829878691396353,0.060275653606290364,0.067880280267825,0.07548490692935964,0.08308953359089426,0.0906941602524289,0.10878355070466404,0.11926831449536457,0.1297530782860651,0.14023784207676562,0.6666666666666666,0.10956445568081809,0.30929704638772004,1.0,1.0
ID25_IZDA,0.041435547889404935,0.16448186985007252,0.15940944945359992,-0.07784277554329484,-0.07784277554329484,0.07970472472679996,0.07784277554329484,0.07784277554329484,0.11275025497564882,0.087425905874357,0.06381419841966597,0.06549314415799527,0.1090327733588289,0.09098144871472559,0.0655947911103672,0.15147887750653086,0.12275781895247297,0.09105068411489846,0.06560045148677886,0.15274014210954867,0.1229209754404867,0.33403616009661763,0.07976994238471545,-0.06741382112158334,0.33403616009661763,-0.042645286138657645,-28.734787031828063,-2.7671347326078055,0.10892175327439176,0.6666666666666666,0.6666666666666666,0.10948343751536743,0.046017544276702974,0.1354027638770319,0.16448186985007252,0.11134538669887255,0.07970472472679996,-0.07970472472679994,0.08663909430677767,0.08291519593976746,0.0836599756131695,0.08440475528657154,0.08514953495997359,0.08589431463337563,0.10220764941543664,0.1177762045240956,0.13334475963275458,0.14891331474141356,0.3333333333333333,0.1175238243781588,0.33403616009661763,0.0,0.0
ID26_DCHA,0.10520581998524235,0.25629697055058437,0.23150947843746184,-0.11316193221060047,-0.11316193221060047,0.11575473921873092,0.11316193221060047,0.11316193221060047,0.163742983359763,0.14070983870256323,0.10260184522249441,0.1055945650876246,0.17532402771611721,0.14629681406250022,0.10552006313724253,0.24242046217712987,0.19732243676063146,0.14639322594761997,0.10552794534141802,0.24417680210884332,0.19754963591799388,0.5373814332142913,0.11584182144692233,-0.09800110803571255,0.5373814332142913,-0.06176658012156114,-11.783374205445806,-1.6670331215762102,0.1650139775363664,0.6666666666666666,0.6666666666666666,0.1765343373966333,0.06683102984790923,0.21309235422764145,0.25629697055058437,0.17912714440476374,0.11575473921873092,-0.11575473921873093,0.1431350383399839,0.137949424323723,0.1389865471269752,0.14002366993022736,0.14106079273347955,0.1420979155367317,0.165767424782104,0.18839981122422408,0.21103219766634418,0.23366458410846427,0.3333333333333333,0.18726613858823343,0.5373814332142912,0.0,0.0
ID26_IZDA,0.2509336668307601,0.40781290741541876,0.4042935908958556,0.1985971368379946,0.1985971368379946,0.2021467954479278,0.1985971368379946,0.1985971368379946,0.28592281121349317,0.21456030646881444,0.15668102754235536,0.16621532788664084,0.268413488706168,0.2233029543426823,0.16087152543583255,0.37497030898520134,0.3014879568354952,0.22317096253725985,0.16086073437663337,0.3725658079401847,0.301176911916775,0.8191451313504007,0.20224027081322743,-0.17813835468248626,0.8191451313504007,-0.09574890980906411,-4.831839016604253,-1.1442790645344045,0.2725023963710142,0.6666666666666666,0.6666666666666666,0.2765980357267334,0.11670950676768133,0.3328725235268031,0.40781290741541876,0.27304837711680024,0.2021467954479278,-0.2021467954479278,0.20921577057742416,0.2021164533575578,0.20353631680153106,0.20495618024550433,0.20637604368947762,0.2077959071334509,0.24893519794502306,0.288654625312622,0.3283740526802209,0.36809348004781983,0.3333333333333333,0.289213685032803,0.8191451313504007,0.0,0.0
ID27_DCHA,0.2260254509912517,0.3897929064612525,0.3949795126436159,0.18955445681159802,0.18955445681159802,0.19748975632180796,0.18955445681159802,0.18955445681159802,0.2795180596325176,0.20292400540971575,0.14824453260893905,0.16031011370196457,0.2543634467083471,0.21122971290217235,0.15209409062966076,0.3567594510069368,0.2853130306677456,0.21093464381975702,0.1520699671022493,0.35138416339155165,0.2846176864494971,0.7743992067401415,0.19796744880660888,-0.17790331692436415,0.7743992067401415,-0.08684192889558909,-5.393538730389117,-1.2242477490228856,0.2628542524887093,0.6666666666666666,0.6666666666666666,0.26606836842359044,0.11402076397458942,0.31623579855838335,0.3897929064612525,0.2581330689133805,0.19748975632180796,-0.19748975632180799,0.20023844964965445,0.18436785062923458,0.18754197043331855,0.19071609023740252,0.19389021004148652,0.19706432984557049,0.23814934101197405,0.27606023237429367,0.3139711237366133,0.3518820150989329,0.3333333333333333,0.2744846389091454,0.7743992067401415,0.0,0.0
ID27_IZDA,0.25298813786093555,0.40870033528889727,0.4029130665217442,-0.1963483614932082,-0.1963483614932082,0.2014565332608721,0.1963483614932082,0.1963483614932082,0.2849941340178665,0.2154153714272485,0.15727877982007715,0.16105965946903394,0.26868772430023546,0.22423328900548167,0.16165144870950038,0.37369207715120867,0.30257117259486954,0.22442323313479456,0.16166697769129887,0.3771522984578722,0.3030187848998488,0.8231879393449476,0.20165072538900708,-0.17004266904456855,0.8231879393449476,-0.10839052428193188,-4.651593025541053,-1.1307601512746785,0.2726902861260414,0.6666666666666666,0.6666666666666666,0.26928780801398533,0.11631098370817332,0.33569838032944527,0.40870033528889727,0.2743959797816492,0.2014565332608721,-0.2014565332608721,0.21235197379568907,0.20213563026036127,0.20417889896742683,0.2062221676744924,0.20826543638155795,0.2103087050886235,0.2516216460943307,0.29089131839297233,0.330160990691614,0.3694306629902556,0.3333333333333333,0.290395212231501,0.8231879393449476,0.0,0.0
ID29_DCHA,0.1865440444915571,0.3424481217445617,0.3162682532461121,0.13234623401937332,0.13234623401937332,0.15813412662305604,0.13234623401937332,0.13234623401937332,0.22658957349258504,0.18688040578222206,0.13635255902068047,0.15985001624637052,0.2355235282045114,0.19415749178720573,0.13967362849163403,0.3312333586936818,0.2624544995882439,0.19319858534666087,0.13959523259324255,0.31376491411120483,0.2601947913063179,0.7110761119875729,0.16432117397844365,-0.15928114096568574,0.7110761119875729,-0.04038522440600392,-7.721332328814841,-1.3214123082402653,0.23238835089855725,0.6666666666666666,1.0,0.2628132632662071,0.09129878057388778,0.27964264192036814,0.3424481217445617,0.23702537066252435,0.15813412662305604,-0.15813412662305604,0.21010188772518837,0.1585261025178229,0.168841259559296,0.1791564166007691,0.18947157364224218,0.19978673068371527,0.23657113452906303,0.26304038133293767,0.28950962813681236,0.31597887494068705,0.6666666666666666,0.2493618819383836,0.711076111987573,1.0,1.0
ID29_IZDA,0.46847580973824526,0.5412449059005416,0.49065792219187604,0.23123518949716748,0.23123518949716748,0.24532896109593802,0.23123518949716748,0.23123518949716748,0.34751959239815694,0.29715940207130703,0.21671959431180582,0.23611298500602185,0.37201524882123177,0.3088404977271078,0.22252100273282294,0.5179143599034866,0.4169327109781759,0.3083164297636908,0.222478157281929,0.5083673886982455,0.4156977200894374,1.133076795509749,0.2465404679683382,-0.22466667683279745,1.133076795509749,-0.10152382314981323,-2.812687929954663,-0.8021532673784766,0.35270582427519614,0.6666666666666666,0.6666666666666666,0.39178603676868684,0.14164074172875105,0.4461444381030828,0.5412449059005416,0.37769226516991633,0.24532896109593802,-0.24532896109593805,0.31000971640337416,0.2818221732058331,0.2874596818453413,0.2930971904848495,0.29873469912435774,0.3043722077638659,0.3562567543028076,0.40250379220224114,0.44875083010167466,0.4949978680011082,0.3333333333333333,0.3951690818448247,1.133076795509749,0.0,0.0
ID30_DCHA,0.7184343284413826,0.6954535987410907,0.7073357627054639,0.32975483869711647,0.32975483869711647,0.35366788135273197,0.32975483869711647,0.32975483869711647,0.5013039076440147,0.3615900359391464,0.26418742567876063,0.29221375551646145,0.45414755090011344,0.37634520321735593,0.27086010647397724,0.6388428790703273,0.5085337772502392,0.37545601188373673,0.2707874101706743,0.6226444379317765,0.5064383559079296,1.3790250335178083,0.35608492123042496,-0.32699467217563055,1.3790250335178083,-0.14096437669294276,-1.7338288869686513,-0.6910588880195289,0.47051265218455596,0.6666666666666666,0.6666666666666666,0.4835880538282182,0.20419024650272444,0.5622202722844538,0.6954535987410907,0.4596750111726027,0.35366788135273197,-0.35366788135273197,0.3656987600439742,0.3178726747327432,0.32743789179498944,0.3370031088572356,0.34656832591948183,0.356133542981728,0.4316497277833975,0.4976006955228208,0.5635516632622442,0.6295026310016674,0.3333333333333333,0.489365006391406,1.379025033517808,0.0,0.0
ID30_IZDA,0.4445596122930545,0.5374634007679513,0.519041346122247,0.23514460531241338,0.23514460531241338,0.2595206730611235,0.23514460531241338,0.23514460531241338,0.36863307617463803,0.28690499843875494,0.20945040557622865,0.23533198642497966,0.3604933576893925,0.2983535496790984,0.21474690032526914,0.5059785119455438,0.40311925418622807,0.2974471410508858,0.21467279641302708,0.4894664225262543,0.40098325947665325,1.093348856181607,0.26293261072519636,-0.24586178959292218,1.093348856181607,-0.09319623490749662,-2.957363257322067,-0.8586952598575227,0.3593972207584858,0.6666666666666666,0.6666666666666666,0.3888256864759124,0.1498343304521125,0.4372439245171662,0.5374634007679513,0.3644496187272024,0.2595206730611235,-0.2595206730611235,0.3023187954555379,0.2535666599581178,0.2633170870576018,0.27306751415708586,0.28281794125656984,0.2925683683560539,0.3493477165180206,0.39637663758050323,0.443405558642986,0.4904344797054686,0.3333333333333333,0.3849500453708483,1.0933488561816072,0.0,0.0
ID32_DCHA,0.2484410276976923,0.40637624563040164,0.4057876317361982,0.18725450256650267,0.18725450256650267,0.2028938158680991,0.18725450256650267,0.18725450256650267,0.2877863396273826,0.21332551303144529,0.1558150349033921,0.17338225076946595,0.2679767644835593,0.22195949534126785,0.15975119434421045,0.3766627313386521,0.2999143918715595,0.22137795738928887,0.15970365040429466,0.36606882659755985,0.29854397024252705,0.8133411051550068,0.2046940763167185,-0.18925524142946246,0.8133411051550068,-0.07798793798165493,-5.112283490373816,-1.1654470660453946,0.2735773732253138,0.6666666666666666,0.6666666666666666,0.286753015019932,0.11714079920835738,0.32923238319178655,0.40637624563040164,0.2711137017183356,0.2028938158680991,-0.20289381586809907,0.21912174306389898,0.18784311646070612,0.19409884178134468,0.20035456710198327,0.20661029242262183,0.21286601774326042,0.2565726435771995,0.2940235440905,0.3314744446038006,0.3689253451171011,0.3333333333333333,0.2877736539352252,0.8133411051550068,0.0,0.0
ID32_IZDA,0.22374523818969694,0.3793999661903152,0.3593328860048186,0.17702605719943154,0.17702605719943154,0.1796664430024093,0.17702605719943154,0.17702605719943154,0.2541141569386742,0.20404601720006432,0.1488952866903407,0.1574917735076295,0.2549965190433245,0.2122315635092407,0.15295385394299416,0.35486801170714594,0.2864481771400141,0.21213338243679286,0.15294582709798185,0.3530794424050894,0.28621680880921774,0.778867012566127,0.1797246384130559,-0.15788234502884585,0.778867012566127,-0.08587264279673801,-5.552436153564825,-1.1804594490651004,0.2491526839368681,0.6666666666666666,0.6666666666666666,0.2622627233250201,0.10373046923178357,0.3119526882722608,0.3793999661903152,0.25962233752204233,0.1796664430024093,-0.17966644300240928,0.20237390899088364,0.19709313738492812,0.19814929170611922,0.19920544602731033,0.20026160034850143,0.20131775466969254,0.23777912043076993,0.27318433187065627,0.30858954331054256,0.3439947547504289,0.3333333333333333,0.2730965874250946,0.778867012566127,0.0,0.0
ID36_DCHA,0.3357388772542021,0.4789068451075401,0.4967758261932771,0.24100025675476128,0.24100025675476128,0.24838791309663855,0.24100025675476128,0.24100025675476128,0.3514288913527997,0.2462118556586122,0.17993884807870222,0.19306698960766192,0.3085632116200937,0.25639695829632947,0.18460866043264684,0.4332448768186607,0.3463336547219243,0.25612225297799934,0.1845862017554362,0.4282405568695372,0.3456862986747931,0.9399447091293434,0.24871728482592495,-0.22150814080118536,0.9399447091293434,-0.1131124720355034,-3.547362586156445,-1.0161831028330992,0.32590632961962884,0.6666666666666666,0.6666666666666666,0.32070255938499165,0.14340682848979364,0.38754489085148053,0.4789068451075401,0.3133149030431144,0.24838791309663855,-0.24838791309663857,0.23790658835277884,0.2231312756690243,0.2260863382057752,0.2290414007425261,0.23199646327927703,0.23495152581602793,0.28610663970373107,0.33430669105468336,0.38250674240563565,0.4307067937565879,0.3333333333333333,0.334533943098057,0.9399447091293431,0.0,0.0
ID36_IZDA,0.36147194244291897,0.4949453287803628,0.5078825170094323,0.24099637182000833,0.24099637182000833,0.25394125850471616,0.24099637182000833,0.24099637182000833,0.35959347286133825,0.2560522936725416,0.1871019348302482,0.2042775673431518,0.321295068949839,0.2665638818792032,0.19188318298884302,0.451609693422044,0.3601389772592663,0.266082534473083,0.19184383017949097,0.4428409646564384,0.3590046593799584,0.976953469331656,0.2549291529911768,-0.23113018165214322,0.976953469331656,-0.10755329922529633,-3.3776973096182386,-0.9763745960208231,0.3355143691192287,0.6666666666666666,0.6666666666666666,0.3385960431285932,0.1466130539560502,0.4002404959439955,0.4949453287803628,0.32565115644388537,0.25394125850471616,-0.25394125850471616,0.25394895696035447,0.22805918359093882,0.23323713826482195,0.23841509293870508,0.2435930476125882,0.24877100228647134,0.30214823132435614,0.35034750568835776,0.3985467800523595,0.4467460544163611,0.3333333333333333,0.347117627730101,0.976953469331656,0.0,0.0
ID40_DCHA,0.15461909108907718,0.3280292843203901,0.34969236937125736,0.16829806702085753,0.16829806702085753,0.17484618468562868,0.16829806702085753,0.16829806702085753,0.24744319002176102,0.16618256058805375,0.12151458926137618,0.131407128811984,0.20851950545971096,0.1731232922926421,0.12460367175266303,0.29375145783995604,0.23392407634223775,0.17287980468786984,0.12458376529597844,0.2893158324748086,0.23335028631039947,0.6343954835899128,0.1752136462550107,-0.15709207393720154,0.6343954835899128,-0.07760091584565762,-7.618845247613277,-1.521592828456351,0.2257494795844981,0.6666666666666666,0.6666666666666666,0.21801327886140875,0.10094749179502674,0.2640189152417445,0.3280292843203901,0.2114651611966376,0.17484618468562868,-0.17484618468562868,0.15973121729953255,0.14663498196999025,0.14925422903589872,0.15187347610180718,0.15449272316771562,0.15711197023362408,0.19339083070370405,0.22705044410787556,0.26071005751204707,0.2943696709162186,0.3333333333333333,0.22702356051672784,0.6343954835899128,0.0,0.0
ID40_IZDA,0.18778193656719455,0.35355296449338786,0.35282334664377496,0.17293577132965432,0.17293577132965432,0.17641167332188748,0.17293577132965432,0.17293577132965432,0.24953220384907418,0.18540728333711315,0.13540758646114698,0.14391653816965716,0.23200690824317166,0.192977759621452,0.13901298813804458,0.32435155450235953,0.2605634680648677,0.19284851040910728,0.13900242130097923,0.3219970154068782,0.26025888619616977,0.7078355468363886,0.17651437382889582,-0.15578721004721494,0.7078355468363886,-0.08299198367259403,-6.442343288146007,-1.3280546046372084,0.23687003867290377,0.6666666666666666,0.6666666666666666,0.23942108427102937,0.10185132708058406,0.28821416783291254,0.35355296449338786,0.2359451822787962,0.17641167332188748,-0.17641167332188748,0.18061719316373354,0.17366538917926722,0.17505574997616047,0.17644611077305375,0.177836471569947,0.17922683236684028,0.21520434742966438,0.24979150169559525,0.2843786559615261,0.318965810227457,0.3333333333333333,0.25018788710833206,0.7078355468363886,0.0,0.0
ID43_IZDA,0.40259542029177503,0.5129730367991392,0.500534506517148,0.22357056434852868,0.22357056434852868,0.250267253258574,0.22357056434852868,0.22357056434852868,0.35593935228448953,0.2725519048767265,0.1990094754859336,0.22595532178419897,0.34283271978900376,0.2834443144637131,0.20395857021466016,0.4821714851832537,0.3830646170433598,0.2824516150085661,0.2038774115506567,0.4640874316342577,0.38072527392769095,1.0383846038802695,0.25450311913583784,-0.23985780985030852,1.0383846038802695,-0.08508859326421897,-3.2854714913133547,-0.9099542402972739,0.34504694501207983,0.6666666666666666,0.6666666666666666,0.3728248902034686,0.14449186603818598,0.4161938993193285,0.5129730367991392,0.3461282012934232,0.250267253258574,-0.250267253258574,0.2894024724506105,0.23600909463051975,0.24668777019453791,0.25736644575855605,0.2680451213225742,0.2787237968865924,0.33411658532031624,0.37883069819002196,0.42354481105972774,0.46825892392943347,0.3333333333333333,0.36633109809377595,1.0383846038802695,0.0,0.0
ID44_DCHA,0.2313674480193259,0.3961777762937352,0.4106944379796966,-0.17725794711914186,-0.17725794711914186,0.2053472189898483,0.17725794711914186,0.17725794711914186,0.29310915216380123,0.20291796293784245,0.14824871609554593,0.13623260279185762,0.2512734152428148,0.2115407702288791,0.15271837914881062,0.34691887620024114,0.2851023597787664,0.21258525199871509,0.15280377130307884,0.36594625065756686,0.2875637303628228,0.7778388909015088,0.21103199266827793,-0.1535098852278555,0.7778388909015088,-0.14480751730098385,-4.564673522771355,-1.2112040190973863,0.27716954171684455,0.6666666666666666,1.0,0.23119035842979646,0.11855727216112996,0.3288773934053823,0.3961777762937352,0.25927963030050294,0.2053472189898483,-0.20534721898984834,0.21891982917459332,0.1627412854331804,0.17397699418146298,0.18521270292974557,0.19644841167802815,0.20768412042631074,0.2543714185984217,0.28982300802225003,0.32527459744607845,0.3607261868699068,0.3333333333333333,0.2777093492720557,0.7778388909015088,0.0,1.0
ID44_IZDA,0.2127748854501521,0.3694740121754865,0.3484457215131232,0.17123827399549177,0.17123827399549177,0.1742228607565616,0.17123827399549177,0.17123827399549177,0.24642448323303676,0.1991116558684743,0.14528595750985218,0.15394899252280997,0.2488490413635027,0.2070849437272483,0.14924417028778195,0.34627668543783696,0.2795026689420814,0.20697396376034927,0.14923509706244872,0.344254958062181,0.27924113941247763,0.7599763150133363,0.17429953667351875,-0.15346615129006647,0.7599763150133363,-0.08263455023667607,-5.864046962719229,-1.2080144856990693,0.2423100707607626,0.6666666666666666,0.6666666666666666,0.2563100250988486,0.10058761555678752,0.303904849533991,0.3694740121754865,0.25332543833777876,0.1742228607565616,-0.17422286075656157,0.1982357381799947,0.19226656465785505,0.193460399362283,0.19465423406671092,0.19584806877113883,0.19704190347556677,0.23248339297909304,0.2667310477781914,0.30097870257728976,0.3352263573763881,0.3333333333333333,0.26631740802417964,0.7599763150133363,0.0,0.0
ID50_DCHA,0.08863854712906931,0.2481365137275493,0.2638455147560562,-0.12665287339091347,-0.12665287339091347,0.1319227573780281,0.12665287339091347,0.12665287339091347,0.18671574969166216,0.12563907564722301,0.09185000317705311,0.09250105941991862,0.15673320694805412,0.13095001193986766,0.09437332054977164,0.21899683065714454,0.17674507346244242,0.13114596923555796,0.09438934114113745,0.22256659410388122,0.17720685607777606,0.4805640264265917,0.1322381523840038,-0.10968460581882522,0.4805640264265917,-0.07386620466968602,-12.512669442411715,-1.991954498917107,0.17202990146394598,0.6666666666666666,0.6666666666666666,0.15491812482174924,0.07616563948444222,0.20197259299869583,0.2481365137275493,0.16018800880886389,0.1319227573780281,-0.1319227573780281,0.12148364033663583,0.11094387236240655,0.11305182595725241,0.11515977955209826,0.11726773314694412,0.11937568674178997,0.14681421501481853,0.1721447896930012,0.19747536437118393,0.2228059390493666,0.3333333333333333,0.17189002989224372,0.4805640264265917,0.0,0.0
ID50_IZDA,0.11816350702475506,0.2791688316842899,0.2761124495564813,0.12386582687787692,0.12386582687787692,0.13805622477824064,0.12386582687787692,0.12386582687787692,0.19626965426469142,0.14733523559868641,0.10760297294339283,0.12200356143588371,0.18534957014143313,0.15325435769264117,0.11026953835586795,0.26091035732945467,0.2071302531130345,0.15272669674144695,0.11022639915837598,0.251297932493685,0.20588679517903108,0.5613940454963885,0.14022704224839103,-0.1318494428800554,0.5613940454963885,-0.047742515538574753,-11.067446181634324,-1.6901969724462542,0.18830002401154383,0.6666666666666666,0.6666666666666666,0.20132174639915984,0.07970679853902071,0.22604391278309552,0.2791688316842899,0.18713134849879612,0.13805622477824064,-0.13805622477824064,0.155303004806413,0.12692220900568557,0.13259836816583107,0.13827452732597653,0.14395068648612203,0.1496268456462675,0.18007617018198838,0.20484933555756374,0.22962250093313916,0.2543956663087145,0.3333333333333333,0.198463688555157,0.5613940454963884,0.0,0.0
ID981_DCHA,0.12113031984220773,0.28375045759695233,0.2849861028256026,0.12366902352316722,0.12366902352316722,0.1424930514128013,0.12366902352316722,0.12366902352316722,0.20326639528914245,0.14870955039488212,0.10864061660778929,0.12617771290929794,0.18752875881796405,0.1546880808731166,0.11123484586160148,0.26506762995819166,0.20917244804478005,0.15398812132784576,0.11117762030228832,0.2523164333768117,0.20752296034234805,0.5662652699652544,0.146175585440594,-0.1397046887402179,0.5662652699652544,-0.04301048387194953,-11.010254634975482,-1.694788042589253,0.19361261442065814,0.6666666666666666,1.0,0.20757911787805222,0.08226840159083201,0.22866478013400196,0.28375045759695233,0.18875508998841814,0.1424930514128013,-0.1424930514128013,0.1600814340737851,0.12243337829451693,0.12996298945037058,0.1374926006062242,0.14502221176207783,0.15255182291793148,0.18481523877841854,0.20954904348305198,0.23428284818768547,0.2590166528923189,0.3333333333333333,0.20093972549183975,0.5662652699652544,0.0,1.0
ID981_IZDA,0.10243010141342032,0.2581426717854397,0.24876790959197975,0.12218467359891763,0.12218467359891763,0.12438395479598988,0.12218467359891763,0.12218467359891763,0.1759329704658831,0.13770814183319674,0.10051478893472328,0.10659011984882946,0.17218048007375344,0.1432629678195774,0.10323131617467177,0.2399959762242884,0.1933888315621872,0.14318118894230145,0.10322463029971837,0.23850620649774423,0.1931961157784012,0.5256601057643394,0.12444227064804883,-0.1096242980632325,0.5256601057643394,-0.058893055602386585,-12.037356643140582,-1.7626276269707586,0.17063725520072343,0.6666666666666666,0.6666666666666666,0.17741931645185205,0.071813109784335,0.2116229311893326,0.2581426717854397,0.1752200352547798,0.12438395479598988,-0.12438395479598986,0.13595799818652207,0.13155943579237758,0.13243914827120648,0.13331886075003538,0.13419857322886428,0.13507828570769317,0.1603949329063056,0.1848318676260891,0.20926880234587267,0.23370573706565617,0.3333333333333333,0.18477923892528286,0.5256601057643394,0.0,0.0
ID982_DCHA,0.07444152866539469,0.21663120507637185,0.19905213172452146,0.09299834069031443,0.09299834069031443,0.09952606586226073,0.09299834069031443,0.09299834069031443,0.14105352871828142,0.11825135955457299,0.08625879658088272,0.0945872326549159,0.14815120376193874,0.1229139218280913,0.08854155457972347,0.20660107112745052,0.165962155480502,0.12267119250523872,0.08852171011677444,0.2021792594203745,0.165390152375794,0.4508414835045941,0.10016621872557854,-0.09184527720326961,0.4508414835045941,-0.03997144517321091,-17.69720434301752,-2.030567690025113,0.14195773457987473,0.6666666666666666,0.6666666666666666,0.15680821967347766,0.05746140091696065,0.17807009476830854,0.21663120507637185,0.15028049450153136,0.09952606586226073,-0.09952606586226073,0.12363286438605742,0.11057741404216483,0.11318850411094335,0.11579959417972187,0.11841068424850038,0.1210217743172789,0.1422325325241203,0.16083220066218318,0.17943186880024609,0.19803153693830897,0.3333333333333333,0.1575241025635915,0.4508414835045941,0.0,0.0
ID982_IZDA,0.1505065043671345,0.30722074575084574,0.2794520488183806,0.13718099073641685,0.13718099073641685,0.1397260244091903,0.13718099073641685,0.13718099073641685,0.19763521494709993,0.16828994287713997,0.12273248693691255,0.13008190065181383,0.21021150728692323,0.17494895810750996,0.12611349024213886,0.291778681696943,0.23608234607500297,0.17485432264358383,0.12610575327020868,0.2900547029152479,0.2358593331380201,0.6422101884341566,0.13979554172570846,-0.123210350522272,0.6422101884341566,-0.06604546169543496,-8.463400859898295,-1.4075295106979975,0.1990315974774377,0.6666666666666666,0.6666666666666666,0.216615096484159,0.08067085780544225,0.25404007527727074,0.30722074575084574,0.21407006281138552,0.1397260244091903,-0.1397260244091903,0.1700397550144289,0.16494968766888196,0.16596770113799134,0.16698571460710074,0.1680037280762101,0.16902174154531951,0.19747595316171226,0.2249121513089956,0.252348349456279,0.27978454760356236,0.3333333333333333,0.22398400565452176,0.6422101884341566,0.0,0.0
ID983_DCHA,0.06681995387158242,0.2084884275510049,0.20255799894099835,0.08777332454857228,0.08777332454857228,0.10127899947049918,0.08777332454857228,0.08777332454857228,0.1444980206704724,0.11107020954191525,0.08109845328897418,0.09383521801081995,0.13993357631283618,0.1154844943359871,0.08307074177105675,0.19719452995980302,0.15611822695536826,0.11498229437472732,0.08302968415013519,0.18804592919787277,0.15493476904575526,0.42290728371201636,0.10394539671883342,-0.09940644398896609,0.42290728371201636,-0.03038098735235925,-20.361293119357402,-2.243756344469658,0.1411828396513588,0.6666666666666666,1.0,0.15447476949259903,0.058473457607548664,0.1689849191219833,0.2084884275510049,0.14096909457067214,0.10127899947049918,-0.10127899947049916,0.12071510300243263,0.09370375315857886,0.09910602312734962,0.10450829309612036,0.10991056306489112,0.11531283303366188,0.13826976791214707,0.15582443282186154,0.173379097731576,0.19093376264129047,0.3333333333333333,0.149242480404187,0.4229072837120164,0.0,1.0
ID983_IZDA,0.07654954667054614,0.2182816626122353,0.1966057597180231,0.09079136150737668,0.09079136150737668,0.09830287985901155,0.09079136150737668,0.09079136150737668,0.139426533317889,0.12022528432958042,0.08767564300067779,0.09673233385562087,0.15065663051502431,0.12492938338623713,0.08999429607051115,0.20996559408415416,0.16868208267394424,0.12465007233758538,0.08997146084940527,0.20487737132503456,0.16802387300594662,0.4582392281186828,0.09916009738002529,-0.09163795693658244,0.4582392281186828,-0.03788416240205347,-17.55566022628524,-1.9859627453129176,0.1426726547937594,0.6666666666666666,0.6666666666666666,0.16025792772452913,0.05675519414871576,0.17983815765234532,0.2182816626122353,0.15274640937289427,0.09830287985901155,-0.09830287985901155,0.12749030110485862,0.11246726440158888,0.11547187174224283,0.11847647908289678,0.12148108642355072,0.12448569376420468,0.14564857340633397,0.1638068457078093,0.18196511800928464,0.20012339031075999,0.3333333333333333,0.15973889807072264,0.45823922811868284,0.0,0.0
ID984_DCHA,0.05508643431663204,0.17597781517926434,0.13479044027207643,0.05099578434205054,0.05099578434205054,0.06739522013603821,0.05099578434205054,0.05099578434205054,0.09809237678378659,0.10346122549627938,0.0753204885501792,0.08978055528116591,0.1302624355856441,0.10726233606181818,0.07721649743872964,0.18159731397701384,0.14490828088820681,0.10665253343677107,0.07716664270566008,0.17048851033207182,0.14347125222316207,0.39314300526571655,0.07313644905427406,-0.07256830073677878,0.39314300526571655,-0.0090984563770376,-31.051845374134437,-2.3369259357852243,0.12440340325245304,0.3333333333333333,1.0,0.1474471042158932,0.03891064848763575,0.14825066007464724,0.17597781517926434,0.13104766842190552,0.06739522013603821,-0.06739522013603823,0.12498203083721379,0.09218315924923844,0.0987429335668335,0.10530270788442858,0.11186248220202365,0.11842225651961873,0.1351811877056239,0.145380344574034,0.15557950144244412,0.16577865831085423,0.6666666666666666,0.13550699159899712,0.39314300526571655,1.0,1.0
ID984_IZDA,0.1905755918387481,0.3570983545190789,0.36022872113141946,0.16580197419686987,0.16580197419686987,0.18011436056570973,0.16580197419686987,0.16580197419686987,0.2555230998777428,0.1865044412053409,0.13624883188337095,0.15203003728509798,0.23438442345645924,0.19407770975058747,0.13966540496359128,0.32982400960427855,0.26226916977503806,0.1935455127355166,0.13962189491782073,0.3201289510754798,0.2610150223924337,0.7110663424258172,0.18181231006922316,-0.16837850202048818,0.7110663424258172,-0.06858860072959505,-6.638832603741768,-1.3386288078048965,0.24127488428772095,0.6666666666666666,0.6666666666666666,0.25133450051077894,0.10398907455752984,0.2887520207841784,0.3570983545190789,0.23702211414193905,0.18011436056570973,-0.18011436056570976,0.19129638032220903,0.16267160758452928,0.16839656213206522,0.17412151667960118,0.17984647122713712,0.1855714257746731,0.224456775161583,0.25761717000095696,0.29077756484033096,0.32393795967970496,0.3333333333333333,0.25204205458530665,0.7110663424258171,0.0,0.0
ID985_DCHA,0.25327080059505475,0.4201088915829239,0.4486263581176423,0.21698522837736858,0.21698522837736858,0.22431317905882114,0.21698522837736858,0.21698522837736858,0.3173959708649893,0.2126001790635356,0.15545932749451946,0.1674130214874074,0.2666790931421133,0.22149306784026843,0.15942739581497511,0.37556296272928447,0.29926539084884723,0.22122058263907615,0.15940511864460413,0.3705990867604589,0.2986232666125281,0.8117003166311294,0.22467198063631377,-0.20060710291640405,0.8117003166311294,-0.10116466350723172,-4.627036869659908,-1.1892810786516266,0.2893864930842041,0.6666666666666666,0.6666666666666666,0.27789472289182904,0.1295072743123911,0.33823718158872124,0.4201088915829239,0.2705667722103765,0.22431317905882114,-0.22431317905882114,0.20312366320555533,0.18846776184265024,0.19139894211523126,0.19433012238781228,0.1972613026603933,0.2001924829329743,0.24652070888102903,0.28991775455650276,0.3333148002319765,0.3767118459074502,0.3333333333333333,0.29055739570410455,0.8117003166311295,0.0,0.0
ID985_IZDA,0.19517490714197208,0.36606571286853556,0.3823756012207251,0.18942249433829136,0.18942249433829136,0.19118780061036256,0.18942249433829136,0.18942249433829136,0.27039190597524165,0.18740175071280737,0.13697053274511306,0.14438197431688854,0.23455008445846212,0.19520169232583595,0.1405851884276239,0.32886181838398987,0.2636132795482058,0.19513605053106667,0.1405798218483046,0.3276660186628305,0.2634585915609228,0.7158215373848816,0.19121224861637498,-0.16710229229932164,0.7158215373848816,-0.0929459408970745,-5.973507845235137,-1.3347535409987907,0.2500626357331481,0.6666666666666666,0.6666666666666666,0.24037248540036504,0.11038232814816532,0.296675689512318,0.36606571286853556,0.23860717912829385,0.19118780061036256,-0.19118780061036256,0.1766432185302442,0.17311260598610181,0.1738187284949303,0.17452485100375878,0.17523097351258723,0.17593709602141572,0.21452771739790247,0.25241221626556076,0.29029671513321903,0.3281812140008773,0.3333333333333333,0.25506529042709314,0.7158215373848815,0.0,0.0
ID986_DCHA,0.14938616381844486,0.31196442788473494,0.30126373051592215,0.14863586606569815,0.14863586606569815,0.15063186525796107,0.14863586606569815,0.14863586606569815,0.2130443279877127,0.1662370433400583,0.12134137021866234,0.12823430994374016,0.20779990179416957,0.17295202444623703,0.12463042177090204,0.28957620801028106,0.23345625759094574,0.1728778044814575,0.1246243538787997,0.28822413935494107,0.23328135474119407,0.6346295531382827,0.15067153304263908,-0.13217960793926178,0.6346295531382827,-0.07232193384058616,-8.214679877186807,-1.4604073969988225,0.20632920051005854,0.6666666666666666,0.6666666666666666,0.2135391835716905,0.08696734795521925,0.2557935352800851,0.31196442788473494,0.21154318437942757,0.15063186525796107,-0.15063186525796107,0.1633285618190368,0.15933656343451097,0.16013496311141615,0.1609333627883213,0.16173176246522647,0.16253016214213162,0.1930557350321764,0.22278290824531605,0.2525100814584557,0.28223725467159533,0.3333333333333333,0.2231488022362693,0.6346295531382827,0.0,0.0
ID986_IZDA,0.13887659838794292,0.30523782999018406,0.30863371378693183,0.14559374707225703,0.14559374707225703,0.15431685689346591,0.14559374707225703,0.14559374707225703,0.21858538362128108,0.15914257198093415,0.1162596001945589,0.1273931286708598,0.19969742340831279,0.1656340836716666,0.11923565262261747,0.28046753302887745,0.22376958471646266,0.16530972036219854,0.1192091341303269,0.2745585910753622,0.22300520726964793,0.6070797761836204,0.15505473309879014,-0.14119675300707765,0.6070797761836204,-0.06407376371491963,-8.913820433567304,-1.5638551282891875,0.2058774700062196,0.6666666666666666,0.6666666666666666,0.211083035215749,0.0890948788679395,0.2472829830108818,0.30523782999018406,0.20235992539454015,0.15431685689346591,-0.1543168568934659,0.15964408291792703,0.1421978632755093,0.14568710720399283,0.14917635113247638,0.15266559506095995,0.1561548389894435,0.18876283233237842,0.21788158174682984,0.24700033116128126,0.27611908057573264,0.3333333333333333,0.2151562210642482,0.6070797761836204,0.0,0.0
ID987_DCHA,0.15472935690480852,0.3196250586897143,0.3163364461477196,0.1434617750282729,0.1434617750282729,0.1581682230738598,0.1434617750282729,0.1434617750282729,0.22464846496007856,0.16859325056327285,0.12312745202928892,0.1385823449872291,0.2119591541277761,0.17537839200418645,0.12620579875375817,0.2981205366613444,0.23700419054770425,0.17483154205544585,0.1261610907497192,0.28815854493764986,0.2357155128353742,0.6425387299214234,0.16020619723560922,-0.14971385686032088,0.6425387299214234,-0.05702443946854954,-8.371782990072191,-1.47441083445757,0.21518097516302215,0.6666666666666666,0.6666666666666666,0.22888602468606137,0.09131846616893774,0.2589755673338802,0.3196250586897143,0.21417957664047446,0.1581682230738598,-0.1581682230738598,0.1761632836614414,0.1467503875702676,0.15263296678850236,0.15851554600673712,0.16439812522497188,0.17028070444320664,0.20485563866709597,0.23354799367275056,0.2622403486784052,0.2909327036840597,0.3333333333333333,0.2271044964363384,0.6425387299214234,0.0,0.0
ID987_IZDA,0.17231909715195898,0.3319615069301775,0.3114464830506689,-0.1550897264154502,-0.1550897264154502,0.15572324152533445,0.1550897264154502,0.1550897264154502,0.22022774254190638,0.17924508148340876,0.13077508649011643,0.1363572446225475,0.22370673923254805,0.1864325359475227,0.13440431340100586,0.31059984332535623,0.2515585469410426,0.1864560928053236,0.1344062393042562,0.3110289797328654,0.25161405978819656,0.6844380377398637,0.15572710738770243,-0.13431164294175837,0.6844380377398637,-0.07881189342749362,-7.143083122075302,-1.3345388015046225,0.21699753501436542,0.6666666666666666,0.6666666666666666,0.22751249747007027,0.08990685541373296,0.27391664078153855,0.3319615069301775,0.2281460125799545,0.15572324152533445,-0.15572324152533445,0.1768717805147273,0.1756047502949588,0.1758581563389125,0.1761115623828662,0.1763649684268199,0.1766183744707736,0.20788972579781734,0.23890767108090738,0.2699256163639974,0.30094356164708747,0.3333333333333333,0.23966580701187434,0.6844380377398636,0.0,0.0
ID988_DCHA,0.3159061734051247,0.4570195162763756,0.4549729598824683,-0.1986030451630289,-0.1986030451630289,0.22748647994123414,0.1986030451630289,0.1986030451630289,0.32429724439359753,0.2391465940351931,0.17460050039748387,0.16328295490130676,0.29628209694226854,0.24912736457523457,0.1798603967648775,0.40837836208831146,0.3357483663849031,0.2502013767893976,0.17994820319609187,0.4279436940651717,0.3382793268546803,0.9160855889466585,0.232922426936124,-0.1719952823801312,0.9160855889466585,-0.1570683921379249,-3.4546722069239677,-1.0126419533060191,0.31125039215304035,0.6666666666666666,1.0,0.27647842820401425,0.13133938043107193,0.38072160224800194,0.4570195162763756,0.3053618629822195,0.22748647994123414,-0.2274864799412341,0.2584164711133467,0.20064960155693623,0.2122029754682183,0.22375634937950042,0.2353097232907825,0.24686309720206462,0.29813708014595247,0.33785768917855824,0.37757829821116407,0.41729890724376983,0.3333333333333333,0.32450278550685546,0.9160855889466586,0.0,1.0
ID989_DCHA,0.12509664137773321,0.29069539002836653,0.29696600146178337,0.1399946482819178,0.1399946482819178,0.14848300073089168,0.1399946482819178,0.1399946482819178,0.2103295206733852,0.15076019197023996,0.11015576634177161,0.12084922400590163,0.18923509990361784,0.1569326727962532,0.11296001429442581,0.2660369471735561,0.21203255527110335,0.1566170387908683,0.11293420947096362,0.260287027370871,0.21128874884133275,0.5751201686233163,0.1492091079255686,-0.1359411795201828,0.5751201686233163,-0.06150897169198502,-9.839660304602488,-1.6572295698450104,0.1968047723665577,0.6666666666666666,0.6666666666666666,0.20019507532341266,0.08572670044206371,0.23508748221614667,0.29069539002836653,0.19170672287443877,0.14848300073089168,-0.14848300073089166,0.15070074174644874,0.13372403684850095,0.1371193778280905,0.14051471880768007,0.14391005978726962,0.1473054007668592,0.1786996714028323,0.20669860105921584,0.23469753071559943,0.26269646037198296,0.3333333333333333,0.20420303734088877,0.5751201686233163,0.0,0.0
ID990_DCHA,0.12252848263238966,0.2798675442489528,0.2632712559358218,0.12029458966115869,0.12029458966115869,0.1316356279679109,0.12029458966115869,0.12029458966115869,0.18685051619078533,0.1512201809589196,0.11034978819496541,0.12299295301769075,0.18979136912637615,0.1572095319154277,0.11319352351925431,0.26562001563276866,0.21235268667033527,0.15678782259462581,0.11315904645281026,0.25793771672553045,0.2113589087536494,0.5763313768110367,0.13309318540080067,-0.12382142514226803,0.5763313768110367,-0.04880625652382714,-10.810260232781921,-1.610087849050715,0.18547085329770463,0.6666666666666666,0.6666666666666666,0.20345149724376446,0.07599986524221879,0.2288076471471818,0.2798675442489528,0.19211045893701226,0.1316356279679109,-0.1316356279679109,0.15957295458779414,0.13689087797428973,0.1414272932969906,0.1459637086196915,0.15050012394239237,0.15503653926509325,0.18363187252002586,0.2076907904522576,0.23174970838448936,0.2558086263167211,0.3333333333333333,0.20209608493023778,0.5763313768110367,0.0,0.0
ID990_IZDA,0.10806768455533247,0.26838937965756876,0.26836044884560784,0.13187471529253886,0.13187471529253886,0.13418022442280392,0.13187471529253886,0.13187471529253886,0.18978750221499704,0.14059928193735535,0.10268605944907312,0.10891724350908934,0.17591396021191208,0.14634659298489947,0.10542424269112477,0.24591389197279048,0.19759715202679862,0.1462608640892614,0.10541723388035089,0.2443521645724415,0.1973951278383245,0.5368076901270985,0.13423963179032944,-0.11820011251111183,0.5368076901270985,-0.0636318485160044,-11.158382715036764,-1.7520056941500906,0.17994729862217385,0.6666666666666666,0.6666666666666666,0.18124140583929788,0.07746898869043024,0.21878863552907346,0.26838937965756876,0.17893589670903284,0.13418022442280392,-0.13418022442280392,0.1365146643650299,0.1319036461044998,0.13282584975660583,0.13374805340871185,0.13467025706081787,0.13559246071292388,0.16288960742353767,0.18926455048204543,0.21563949354055323,0.242014436599061,0.3333333333333333,0.1897961051192678,0.5368076901270985,0.0,0.0
ID991_DCHA,0.08679009246779372,0.23444654748637378,0.21660394652592546,0.10827344694271754,0.10827344694271754,0.10830197326296273,0.10827344694271754,0.10827344694271754,0.15316212473325408,0.1274916163976907,0.09299629998850832,0.09729087799251665,0.1591197304467548,0.1325746247672013,0.09558064516632477,0.22076875544035524,0.17888032616063237,0.1325735640340647,0.09558055844553148,0.22074943201397054,0.17887782649293552,0.4867356959331959,0.10830198453354552,-0.0938169646437176,0.4867356959331959,-0.05410819715111356,-14.351486230220278,-1.8649987367812741,0.1524243433208632,0.6666666666666666,0.6666666666666666,0.16227375829797716,0.06252817341713918,0.19379192489440988,0.23444654748637378,0.16224523197773197,0.10830197326296273,-0.10830197326296272,0.12617310054365624,0.12611604790316586,0.12612745843126394,0.12613886895936202,0.12615027948746008,0.12616169001555816,0.14782778993219975,0.16948247932074326,0.19113716870928676,0.21279185809783027,0.3333333333333333,0.1700883030152218,0.4867356959331959,0.0,0.0
ID991_IZDA,0.14655666840251447,0.31915423306952384,0.33998659978028,0.1600114177422361,0.1600114177422361,0.16999329989014,0.1600114177422361,0.1600114177422361,0.24082092923478937,0.16183907641709647,0.11834199459921037,0.13038493556093192,0.20338586926132218,0.16857199095479133,0.12128586940325967,0.28711780808843096,0.22784062583699374,0.16820082099424102,0.12125552420868912,0.28035618712896665,0.22696594630790318,0.6174760994282915,0.17087023123172448,-0.1558630796956748,0.6174760994282915,-0.07002382672321414,-8.192887560130572,-1.5669081308335524,0.21953570866144267,0.6666666666666666,0.6666666666666666,0.21580724862400108,0.09814567745200511,0.25625597063498845,0.31915423306952384,0.20582536647609717,0.16999329989014,-0.16999329989014,0.15914281532728775,0.13917905103147993,0.1431718038906415,0.14716455674980305,0.15115730960896462,0.15515006246812618,0.19114509887573494,0.22314738242418217,0.25514966597262945,0.28715194952107664,0.3333333333333333,0.22102538949369177,0.6174760994282915,0.0,0.0
ID992_DCHA,0.1602382055738781,0.32413352474192125,0.3188623567923592,0.13796099059226014,0.13796099059226014,0.1594311783961796,0.13796099059226014,0.13796099059226014,0.22750503119329035,0.17164401439828805,0.12535240987371238,0.14543075408296194,0.21634776578536719,0.17849277703897926,0.12837545601660938,0.3052664711541007,0.24132562910506106,0.17769442171459165,0.12831018605882766,0.2907227939489855,0.23944426710543443,0.6535382174334046,0.163710743501461,-0.15666517870859736,0.6535382174334046,-0.047510307492210635,-8.443082868609716,-1.4587714072252065,0.2202242762157468,0.6666666666666666,1.0,0.23931626028172098,0.09204763376425353,0.2621256172592603,0.32413352474192125,0.21784607247780155,0.1594311783961796,-0.15943117839617957,0.18617253414966112,0.14323215854182222,0.15182023366339,0.1604083087849578,0.16899638390652555,0.17758445902809333,0.21376473226811313,0.24135693038656517,0.26894912850501723,0.2965413266234692,0.3333333333333333,0.23111195380441207,0.6535382174334047,0.0,1.0
ID992_IZDA,0.27246472578147984,0.4270557339136382,0.4296448400023945,0.21378154430009816,0.21378154430009816,0.21482242000119725,0.21378154430009816,0.21378154430009816,0.303808346025569,0.22295640495053767,0.16284833702085189,0.17097893140395903,0.27875640640696536,0.23210893161946022,0.16722842185401357,0.3894230178492351,0.3133568253196803,0.23207022731628468,0.16722525756343137,0.3887179397034042,0.3132656168026302,0.8515223617385201,0.21482998487605542,-0.18694309782282087,0.8515223617385201,-0.10584989644894999,-4.365898302698845,-1.1056215067753288,0.287082217998489,0.6666666666666666,0.6666666666666666,0.28488166294727246,0.12402778201565806,0.34833158245895574,0.4270557339136382,0.2838407872461734,0.21482242000119725,-0.21482242000119728,0.21327418961354005,0.21119243821134187,0.2116087884917815,0.21202513877222115,0.21244148905266078,0.21285783933310043,0.2560304984735597,0.2987868073335793,0.34154311619359895,0.3842994250536186,0.3333333333333333,0.30136618134836113,0.8515223617385201,0.0,0.0
ID993_DCHA,0.15257328420844646,0.3193325750815842,0.32084092458794855,0.1535694945168366,0.1535694945168366,0.16042046229397428,0.1535694945168366,0.1535694945168366,0.22707558425377136,0.1669776270354112,0.12196703058787624,0.13211341517502387,0.20930070543994125,0.1737878239636582,0.1251387532950953,0.29340842308128273,0.2347324973606703,0.17353307506942225,0.12511792616579112,0.2887676502662846,0.2341321695687439,0.637156800656804,0.16085873305811707,-0.14486130776893524,0.637156800656804,-0.0699337794812806,-8.048627750365895,-1.4836153839906865,0.21468116689684746,0.6666666666666666,0.6666666666666666,0.21923656799607236,0.09261879708895027,0.25935402192599766,0.3193325750815842,0.21238560021893468,0.16042046229397428,-0.1604204622939743,0.1657630805647476,0.15206114501047222,0.1548015321213273,0.15754191923218236,0.16028230634303745,0.1630226934538925,0.1964769794681149,0.22719087837148222,0.25790477727484956,0.2886186761782169,0.3333333333333333,0.22551665438014878,0.637156800656804,0.0,0.0
ID993_IZDA,0.11786694471485867,0.27975033943825384,0.27807705224081797,-0.1371592330820048,-0.1371592330820048,0.13903852612040898,0.1371592330820048,0.1371592330820048,0.19664812985665459,0.14688213282850268,0.10725815940357389,0.1109049018667137,0.18337531071639135,0.15290203435861827,0.11020241758330485,0.25548424987649965,0.2063603662859204,0.15297191467904198,0.11020813068550947,0.25675726302263446,0.2065250425589417,0.5611739660739435,0.1390766226678957,-0.11878338021260715,0.5611739660739435,-0.07233820261781074,-10.023093515011025,-1.6663417805450316,0.18721526393382273,0.6666666666666666,0.6666666666666666,0.18517869565291034,0.08027393048334693,0.22914002163941752,0.27975033943825384,0.18705798869131451,0.13903852612040898,-0.13903852612040896,0.14259110635624903,0.13883252027944068,0.13958423749480234,0.14033595471016402,0.14108767192552568,0.14183938914088737,0.17002295297265,0.19745479958905093,0.22488664620545193,0.25231849282185287,0.3333333333333333,0.1982144837584266,0.5611739660739435,0.0,0.0
ID994_DCHA,0.14536830517218094,0.30917408068629726,0.30366371477336274,0.14028753977515648,0.14028753977515648,0.15183185738668137,0.14028753977515648,0.14028753977515648,0.2153424444302856,0.16363272602244103,0.11948600994993223,0.1326653732528264,0.20545321278845202,0.17021809199061422,0.12253164437078241,0.2883310231565454,0.2299686940516766,0.16978882385771502,0.12249654932969549,0.2805110250070791,0.2289571034375517,0.623858527285529,0.15314283112453173,-0.1414879179215787,0.623858527285529,-0.05859945227605334,-8.813440925292829,-1.5096958155226274,0.20702484187666909,0.6666666666666666,0.6666666666666666,0.21949716004003456,0.08766016373376137,0.2511952941937511,0.30917408068629726,0.20795284242850967,0.15183185738668137,-0.15183185738668137,0.16888654091114078,0.14579790568809098,0.15041563273270095,0.1550333597773109,0.15965108682192086,0.1642688138665308,0.19694404886617206,0.22500155682120335,0.2530590647762347,0.28111657273126595,0.3333333333333333,0.22012746699142366,0.623858527285529,0.0,0.0
ID994_IZDA,0.2579863035034018,0.4218418431022333,0.4436012177949127,0.22062329263331287,0.22062329263331287,0.22180060889745634,0.22062329263331287,0.22062329263331287,0.31367784805710525,0.21514899252481862,0.15726895120749018,0.16520648572564461,0.2692389794331848,0.22413379347685508,0.16142331354276107,0.37757637310085196,0.30268338842271164,0.224090015717827,0.16141973446913774,0.3767788715666126,0.3025802240675077,0.8219243115117872,0.2218099824805904,-0.1931045476730908,0.8219243115117872,-0.10913433005251294,-4.485373344268469,-1.1648098464851755,0.28911873531962273,0.6666666666666666,0.6666666666666666,0.27515208676807257,0.12805664125336932,0.34169729723268244,0.4218418431022333,0.2739747705039291,0.22180060889745634,-0.22180060889745634,0.20121855046892045,0.19886391794063352,0.1993348444462909,0.1998057709519483,0.20027669745760568,0.20074762396326307,0.245343208995583,0.28946786752224557,0.3335925260489082,0.37771718457557074,0.3333333333333333,0.2932497817580329,0.8219243115117874,0.0,0.0
ID996_DCHA,0.11631474525830618,0.28247829125865415,0.2947642216171321,-0.14431581976794405,-0.14431581976794405,0.14738211080856606,0.14431581976794405,0.14431581976794405,0.20847488446877355,0.14458212732603407,0.10566583036479638,0.10842544886611083,0.18056143788646448,0.15062731902587012,0.10853599820389037,0.2523811242906262,0.20333281303519987,0.1507413371146153,0.10854531981246666,0.25445819727755203,0.20360150204231559,0.5526706521588304,0.1474777712356199,-0.12498116608701601,0.5526706521588304,-0.07829049196521601,-9.795779036575265,-1.7231589541240322,0.19342406374436932,0.6666666666666666,0.6666666666666666,0.1811572596789881,0.08509110134906085,0.22992098746035453,0.28247829125865415,0.18422355071961008,0.14738211080856606,-0.14738211080856606,0.1381624714907101,0.1320298894094661,0.1332564058257149,0.1344829222419637,0.1357094386582125,0.1369359550744613,0.1670256354442989,0.1958887993978877,0.22475196335147654,0.25361512730506536,0.3333333333333333,0.196905006926611,0.5526706521588303,0.0,0.0
ID996_IZDA,0.17178334039317272,0.3348927743798437,0.3262923619186048,0.14530822482326552,0.14530822482326552,0.1631461809593024,0.14530822482326552,0.14530822482326552,0.23209855251903927,0.17807177880699537,0.13002037094469923,0.14789039736413703,0.22401919669426426,0.18518188177131606,0.13324838341680525,0.31510118039101165,0.2502717346018154,0.18451858867917095,0.1331941555425759,0.3030179383434426,0.24870865312661652,0.6783859612209264,0.16604594062770392,-0.15673686040656937,0.6783859612209264,-0.05481615627559591,-7.725729849238011,-1.3928425111022138,0.22533005658680125,0.6666666666666666,0.6666666666666666,0.24396660987634564,0.09419249149411263,0.2717266020012687,0.3348927743798437,0.22612865374030877,0.1631461809593024,-0.1631461809593024,0.1895845495565782,0.15390863728450446,0.1610438197389192,0.16817900219333395,0.1753141846477487,0.18244936710216345,0.2186461945212313,0.24770783948588437,0.2767694844505375,0.30583112941519064,0.3333333333333333,0.23929294486965325,0.6783859612209263,0.0,0.0
ID997_DCHA,0.09821745291984549,0.2604055940540729,0.2747215780254899,0.12941310350455762,0.12941310350455762,0.13736078901274495,0.12941310350455762,0.12941310350455762,0.19458238390533142,0.13275429959954246,0.0970562239608195,0.10677774801560053,0.16678033095886255,0.13825667464747782,0.09948536535987988,0.2351971801993675,0.1868492387115931,0.13796114499957873,0.09946120417869603,0.22981350244049165,0.18615280914904603,0.5064952041367287,0.13804884451894187,-0.1258408303202912,0.5064952041367287,-0.05675886624409146,-12.29160391077214,-1.9037064043827938,0.17844396780522728,0.6666666666666666,0.6666666666666666,0.17677942022043025,0.0793052885126077,0.20944905855136473,0.2604055940540729,0.16883173471224291,0.13736078901274495,-0.13736078901274495,0.13099249054951526,0.11509711953314058,0.11827619373641551,0.12145526793969046,0.12463434214296538,0.12781341634624033,0.15687511125042677,0.1827577319513383,0.20864035265224984,0.23452297335316136,0.3333333333333333,0.1809396335059896,0.5064952041367288,0.0,0.0
ID997_IZDA,0.13530505710770477,0.29216891224938,0.26962570042010964,0.12031244846267344,0.12031244846267344,0.13481285021005482,0.12031244846267344,0.12031244846267344,0.19175383298695303,0.15931445569769745,0.11622773957269479,0.1312592544729747,0.20011640993438928,0.16556676462720746,0.11919554779855995,0.2801371572521905,0.2236654693461973,0.16502757637946103,0.11915146618089956,0.27031473910269005,0.22239484679384758,0.6068810363280305,0.13713237959820088,-0.1293090693168063,0.6068810363280305,-0.04565582248395536,-10.086227403832442,-1.5248407306835792,0.19388533751648013,0.6666666666666666,0.6666666666666666,0.21679408052339152,0.07783423535899585,0.239257066775421,0.29216891224938,0.20229367877601015,0.13481285021005482,-0.1348128502100548,0.17185646378670658,0.14285566029194383,0.1486558209908964,0.15445598168984892,0.16025614238880148,0.16605630308775401,0.19591895347924126,0.21998144317177593,0.24404393286431064,0.26810642255684536,0.3333333333333333,0.21237157461055906,0.6068810363280305,0.0,0.0
ID998_DCHA,0.07677773649756299,0.22981962252393326,0.24076162414084493,-0.11851384480224486,-0.11851384480224486,0.12038081207042246,0.11851384480224486,0.11851384480224486,0.17026464977507702,0.11739406719787958,0.08580286502083247,0.08845842445589701,0.146674290202001,0.12230601307377234,0.08811853696606907,0.20519364133291673,0.16511787130757385,0.12237543506824297,0.08812421259759529,0.20645830513319963,0.16528146751385647,0.44869724343095485,0.12042423599539964,-0.1026360002989104,0.44869724343095485,-0.06299085693747764,-14.862527323361334,-2.126544943238343,0.1575642701800677,0.6666666666666666,0.6666666666666666,0.1476987805421407,0.06950189425412416,0.18680587318920186,0.22981962252393326,0.14956574781031828,0.12038081207042246,-0.12038081207042245,0.1113057777216884,0.1075718431853332,0.10831863009260423,0.10906541699987528,0.10981220390714631,0.11055899081441736,0.13500854668213735,0.15871131564258634,0.18241408460303532,0.2061168535634843,0.3333333333333333,0.1599768071706677,0.44869724343095485,0.0,0.0
ID998_IZDA,0.09803652713056742,0.2518709997853688,0.2411896486275399,0.11251218536395477,0.11251218536395477,0.12059482431376994,0.11251218536395477,0.11251218536395477,0.17092946325114408,0.13491357948636473,0.09847383600464069,0.10838853713577837,0.16919404892847054,0.14030376593805538,0.10103303710531718,0.23674669336155052,0.18949818479597405,0.14000321813197097,0.10100846566198203,0.2312715995745207,0.18878992970683553,0.5144233507285666,0.12140469022425882,-0.11143795208080357,0.5144233507285666,-0.048173453732162225,-13.153567848432042,-1.8100469330980502,0.1670895841579421,0.6666666666666666,0.6666666666666666,0.17955708919267066,0.0696254542804307,0.20565329097328483,0.2518709997853688,0.1714744502428555,0.12059482431376994,-0.12059482431376996,0.13935881442141404,0.12319353652178369,0.12642659210170976,0.12965964768163582,0.1328927032615619,0.13612575884148798,0.161861251494205,0.18436368856699595,0.2068661256397869,0.22936856271257786,0.3333333333333333,0.18077290277266614,0.5144233507285665,0.0,0.0
ID9992_DCHA,0.08071119514689451,0.23641773862074145,0.25376790258563153,0.10660407358669075,0.10660407358669075,0.12688395129281577,0.10660407358669075,0.10660407358669075,0.18171852154061252,0.1196896048079515,0.08755157792158633,0.10507326885186113,0.1515822519878886,0.12459760628021159,0.08948770779824802,0.2163370632654865,0.1686557826597384,0.12384351188232003,0.08942605641569909,0.20259968947953147,0.16687872362225692,0.4554853132765928,0.1316562091775538,-0.12744761443127178,0.4554853132765928,-0.033022159087220365,-16.35545477848852,-2.1647298124171175,0.16535465992212836,0.6666666666666666,1.0,0.17210831546498928,0.07325648343475055,0.1878891983586517,0.23641773862074145,0.15182843775886426,0.12688395129281577,-0.12688395129281577,0.1298136650340507,0.08925390962180066,0.09736586070425067,0.10547781178670068,0.11358976286915068,0.12170171395160069,0.15113447975138886,0.17245529446872698,0.19377610918606517,0.2150969239034033,0.6666666666666666,0.16402357060993247,0.4554853132765928,1.0,1.0
ID9992_IZDA,0.04895299104816652,0.17487830908769955,0.1599944162963724,0.06647460803198635,0.06647460803198635,0.0799972081481862,0.06647460803198635,0.06647460803198635,0.11473808457009274,0.09584440239347305,0.06992156209638443,0.08217275992201496,0.12080077201404799,0.09956291753521383,0.07162466983553581,0.16983437414985764,0.13458401979293666,0.09906008822133319,0.07158356076156104,0.16067430844107228,0.13339907878417095,0.36464051096672623,0.08335547644403558,-0.0809905297140082,0.36464051096672623,-0.019714703899793323,-29.74807782096056,-2.5733080840899465,0.11884640347990694,0.6666666666666666,1.0,0.13506943710510858,0.04618640965877383,0.14301246940920553,0.17487830908769955,0.12154683698890874,0.0799972081481862,-0.07999720814818621,0.1084037010557132,0.0813585008233135,0.08676754086979344,0.09217658091627338,0.09758562096275332,0.10299466100923327,0.12169862266211047,0.13499354426850774,0.14828846587490502,0.1615833874813023,0.6666666666666666,0.12774061093764258,0.36464051096672623,1.0,1.0
ID9993_DCHA,0.15851006811926846,0.329957009569149,0.3454035177464407,0.16321460406858432,0.16321460406858432,0.17270175887322034,0.16321460406858432,0.16321460406858432,0.2446054113227713,0.16891103542058694,0.12347173720407281,0.13542673376899464,0.21211606000222782,0.17589411387842185,0.12658376760842854,0.2988199471637591,0.23769034410069942,0.1755413400405429,0.12655492639850424,0.2923934492526232,0.23685901590287342,0.6444675109610062,0.17348174496691382,-0.1577802275329138,0.6444675109610062,-0.07212014722965612,-7.633902751496328,-1.4915358642668453,0.22540866832625372,0.6666666666666666,0.6666666666666666,0.22430965845830475,0.0997094069749756,0.26582390548855306,0.329957009569149,0.21482250365366873,0.17270175887322034,-0.17270175887322037,0.16674240550056466,0.1477680958912926,0.15156295781314702,0.15535781973500143,0.15915268165685584,0.16294754357871025,0.19938532631428152,0.23202824712799835,0.26467116794171525,0.29731408875543214,0.3333333333333333,0.229862326998335,0.6444675109610062,0.0,0.0
ID9993_IZDA,0.6991043383304011,0.6899154660200646,0.7129507774575283,0.3370277951930411,0.3370277951930411,0.35647538872876416,0.3370277951930411,0.3370277951930411,0.5048819895057739,0.35562559991596787,0.2598963286125531,0.28472624936897867,0.44643024612485227,0.3702555218711474,0.2664920433898376,0.6281236786954808,0.5002818909039495,0.36953237543258033,0.26643292217391606,0.6149500853677035,0.49857776219317895,1.3567956206026655,0.35806330369407535,-0.3255588525074529,1.3567956206026655,-0.14906630406079752,-1.7442862876215115,-0.7051756357292378,0.4689989886606916,0.6666666666666666,0.6666666666666666,0.47171280040327823,0.20581116164202848,0.5570363524947392,0.6899154660200646,0.45226520686755517,0.35647538872876416,-0.35647538872876416,0.3528876708270235,0.31399248375557737,0.32177152116986657,0.32955055858415583,0.33732959599844503,0.3451086334127343,0.42029322986563167,0.4876987889042399,0.5551043479428481,0.6225099069814564,0.3333333333333333,0.48273675998774634,1.3567956206026655,0.0,0.0
ID9994_DCHA,0.25782427748461145,0.41855248734225114,0.4322887715945511,0.19743591602896177,0.19743591602896177,0.21614438579727555,0.19743591602896177,0.19743591602896177,0.3068172170943261,0.2159795273121381,0.15784909794040955,0.1775377776546429,0.2717356453235902,0.22481610140713296,0.16173056607216704,0.3834943188479153,0.30389500768567773,0.22412043881735574,0.16167369181270133,0.37082140011069115,0.30225564596165755,0.8233686904322024,0.2185598683081988,-0.20338853907111792,0.8233686904322024,-0.0800094882461671,-4.8697559846894025,-1.167183219991769,0.28525953196996756,0.6666666666666666,0.6666666666666666,0.29316469991238125,0.12479101932388337,0.3368663004703158,0.41855248734225114,0.27445623014406745,0.21614438579727555,-0.21614438579727555,0.22111657131328938,0.18369963177666182,0.19118301968398732,0.19866640759131285,0.20614979549863835,0.21363318340596388,0.26060375451908174,0.30009093772487405,0.33957812093066647,0.3790653041364588,0.3333333333333333,0.29315768082757754,0.8233686904322023,0.0,0.0
ID9994_IZDA,0.2230974910436577,0.38476641605185763,0.3823064332996217,0.1848225706767262,0.1848225706767262,0.19115321664981086,0.1848225706767262,0.1848225706767262,0.2704796824680407,0.2022794991098013,0.14772275833866028,0.15870415605799504,0.2533249835202998,0.21050848886177684,0.15161616756057117,0.35446960968403796,0.28427363615329465,0.21027308780401327,0.15159692222377352,0.3501812973332909,0.28371890245112014,0.7719928148559512,0.19146744754886957,-0.1710260418689037,0.7719928148559512,-0.08608063936527843,-5.496864531598416,-1.2176473673122534,0.25746775163872065,0.6666666666666666,0.6666666666666666,0.2636615842584017,0.11036236108923114,0.3133869316780145,0.38476641605185763,0.25733093828531706,0.19115321664981086,-0.1911532166498109,0.19994384537513143,0.1872825534289621,0.18981481181819598,0.19234707020742983,0.1948793285966637,0.19741158698589756,0.23690835951047667,0.2738728736458219,0.31083738778116715,0.3478019019165124,0.3333333333333333,0.2727009907350648,0.7719928148559512,0.0,0.0
ID9995_DCHA,0.14080335579168465,0.30365809941940447,0.2982672921083712,0.12864583171199268,0.12864583171199268,0.1491336460541856,0.12864583171199268,0.12864583171199268,0.21288774000367086,0.16093036278739856,0.11752582339802517,0.13659050780715412,0.2028701869475624,0.1673456435838982,0.12035529731856105,0.2862778726853993,0.22625910165563243,0.16658381719399729,0.12029301380295478,0.2723996448304576,0.22446382181407593,0.6127070061498421,0.1532974102683265,-0.1468964937302799,0.6127070061498421,-0.043835101513803376,-9.64269043213708,-1.556127797406717,0.20642103353884098,0.6666666666666666,1.0,0.22472348305880702,0.08610235069461443,0.2455940605826906,0.30365809941940447,0.20423566871661405,0.1491336460541856,-0.14913364605418564,0.1750122677074118,0.1340366390230259,0.14223176475990307,0.15042689049678026,0.15862201623365743,0.16681714197053463,0.20074143404981032,0.22647060039220884,0.2521997667346074,0.27792893307700595,0.3333333333333333,0.21664360579200476,0.6127070061498422,0.0,1.0
ID9995_IZDA,0.11442098859617975,0.2648423899507648,0.2347692863277121,0.09748586297005318,0.09748586297005318,0.11738464316385605,0.09748586297005318,0.09748586297005318,0.16837527077280143,0.14713256903210986,0.10729059368625807,0.1255319656119407,0.18528157247538352,0.1527889874440084,0.10994663175747563,0.2598089908619259,0.20648247424093977,0.15204906391554993,0.10988613892178092,0.24632976848356464,0.2047388095260596,0.5597578835245823,0.12233984964151974,-0.11889093214622659,0.5597578835245823,-0.028844151291223724,-12.93520702248287,-1.6585275200650256,0.17921738273889493,0.6666666666666666,1.0,0.20648474136866365,0.06777205532938045,0.21775574462955966,0.2648423899507648,0.1865859611748608,0.11738464316385605,-0.11738464316385605,0.16735652698071163,0.1275589665931059,0.13551847867062705,0.14347799074814818,0.15143750282566934,0.15939701490319047,0.18685369957472225,0.20635087216873288,0.22584804476274356,0.24534521735675419,0.6666666666666666,0.19529549286161194,0.5597578835245823,1.0,1.0
ID9996_DCHA,0.04597472811707884,0.16512247327305457,0.13867130018205925,0.0559366585868306,0.0559366585868306,0.06933565009102963,0.0559366585868306,0.0559366585868306,0.09986956840675035,0.093798612668076,0.06835346740571857,0.0804681540902622,0.11809583299448856,0.09734165575351199,0.07005993043969978,0.16518522492179863,0.13152908954014556,0.09684342274751802,0.07001919713928417,0.15610889037406,0.13035497994783363,0.35669611963710446,0.07311655963962259,-0.0716503013944687,0.35669611963710446,-0.014569337789216277,-33.853214872825234,-2.5796572221593603,0.11268650180121172,0.3333333333333333,1.0,0.13229769804990052,0.04003095624449365,0.1369560440058371,0.16512247327305457,0.11889870654570149,0.06933565009102963,-0.06933565009102963,0.10918581468622397,0.08238783167782593,0.08774742827950553,0.09310702488118515,0.09846662148286475,0.10382621808454437,0.12037314640359009,0.1315604781209562,0.14274780983832233,0.15393514155568847,0.6666666666666666,0.12379381798926638,0.35669611963710446,1.0,1.0
ID9996_IZDA,0.10076130285381299,0.24591095844524452,0.21420680982629045,0.07748896979088613,0.07748896979088613,0.10710340491314523,0.07748896979088613,0.07748896979088613,0.1571505909094817,0.13788827847841956,0.10054260128530743,0.12496912940651732,0.17457062270315368,0.1430872669149376,0.10284540975488188,0.24641611371881228,0.1935602672205253,0.14198607291633306,0.10275538106264073,0.2263556098721092,0.19096525159289035,0.5235260655094431,0.11875261532623448,-0.11840112262119731,0.5235260655094431,-0.009130049773183962,-16.722570514293125,-1.848891728521357,0.1795263110326532,0.3333333333333333,1.0,0.2041231236254068,0.061836179657729876,0.20298639311196426,0.24591095844524452,0.1745086885031477,0.10710340491314523,-0.10710340491314523,0.1684219886543584,0.10919311840984021,0.12103889245874384,0.1328846665076475,0.14473044055655113,0.15657621460545476,0.1839197826125356,0.19941757657071285,0.2149153705288901,0.2304131644870673,0.6666666666666666,0.18326783938070257,0.5235260655094431,1.0,1.0
ID9997_DCHA,0.025322976889814428,0.1313558329647647,0.13577289341261833,-0.06544758919743097,-0.06544758919743097,0.06788644670630917,0.06544758919743097,0.06544758919743097,0.09606786843015898,0.067551278387184,0.04935904069511712,0.049977703639802876,0.08425653652946576,0.0703719031401623,0.050723047337348656,0.11749929306035894,0.09497047377460065,0.07046259051073482,0.05073046153083844,0.11915134923622162,0.0951841828432689,0.2582946054816757,0.06801774565695624,-0.05667927486142322,0.2582946054816757,-0.03760150961647188,-44.76012844996778,-3.6691051329881987,0.08970530131953545,0.6666666666666666,0.6666666666666666,0.08365934431834704,0.039194258280214785,0.10730439851214989,0.1313558329647647,0.08609820182722523,0.06788644670630917,-0.06788644670630917,0.06590824376733372,0.06103052874957732,0.0620060717531286,0.06298161475667988,0.06395715776023116,0.06493270076378244,0.07899776160681991,0.0920872794463061,0.10517679728579231,0.11826631512527849,0.3333333333333333,0.09187487304265955,0.2582946054816757,0.0,0.0
ID9997_IZDA,0.05078094918027421,0.18338708297437542,0.18163485628813703,0.08838381071116817,0.08838381071116817,0.09081742814406851,0.08838381071116817,0.08838381071116817,0.1284813429919906,0.09654974969804579,0.07050482537805876,0.07535414686479158,0.12085521215658455,0.10047686052826968,0.07237593172240388,0.16896500511681595,0.13567166122224186,0.1003863680066009,0.07236853345888833,0.16731649851277117,0.13545841132421105,0.3685263926349892,0.09091519529832291,-0.08075777439911555,0.3685263926349892,-0.041758287922683726,-24.06978418645236,-2.5454347965271578,0.1225308417077271,0.6666666666666666,0.6666666666666666,0.1252757483112301,0.05243346658608746,0.14954830845606576,0.18338708297437542,0.12284213087832974,0.09081742814406851,-0.09081742814406851,0.09500327226320725,0.09013603739740655,0.09110948437056669,0.09208293134372683,0.09305637831688697,0.09402982529004711,0.11268003440544087,0.1303567965476745,0.14803355868990817,0.1657103208321418,0.3333333333333333,0.13010373960840405,0.3685263926349892,0.0,0.0
ID9998_DCHA,0.08859817251805747,0.23857147554437075,0.22697681913922776,0.09951921511630982,0.09951921511630982,0.11348840956961388,0.09951921511630982,0.09951921511630982,0.1617081166813506,0.12833490245028045,0.09367176932027492,0.10730124326678488,0.16148348050219694,0.13340846248949095,0.09599735396072935,0.2269336034143189,0.18029607104944334,0.13288902684826354,0.09595488722776276,0.21747101944440825,0.1790719964465633,0.4887376074938845,0.11603893436111472,-0.1103815229893446,0.4887376074938845,-0.03579041310485084,-15.378744739956637,-1.9222785308102552,0.16023746937113603,0.6666666666666666,1.0,0.1768817302845989,0.06552256381491907,0.19418487685424224,0.23857147554437075,0.16291253583129484,0.11348840956961388,-0.11348840956961388,0.13905226042806093,0.1111138715214528,0.11670154930277443,0.12228922708409605,0.12787690486541767,0.1334645826467393,0.15895610345132288,0.17885994647458486,0.19876378949784684,0.2186676325211088,0.3333333333333333,0.1718508777186949,0.4887376074938845,0.0,1.0
ID9998_IZDA,0.1525120751200856,0.3147814578311708,0.3042415054558263,0.13618809826623354,0.13618809826623354,0.15212075272791314,0.13618809826623354,0.13618809826623354,0.21630798824223843,0.168008645014039,0.1226559515954496,0.13891961816989148,0.2112511711021053,0.1747036050865217,0.125726541373203,0.29680950216708907,0.23608231252578993,0.17411115942944236,0.12567810566814247,0.28601689123943774,0.23468618637490857,0.640102868037686,0.1546035958349376,-0.14553851981871777,0.640102868037686,-0.052161394671437156,-8.703404182246961,-1.4703604061944637,0.2110997303609253,0.6666666666666666,0.6666666666666666,0.22930027714090828,0.08782695753678917,0.2558418205277028,0.3147814578311708,0.21336762267922868,0.15212075272791314,-0.15212075272791314,0.17859335956493724,0.146728050641578,0.15310111242624985,0.1594741742109217,0.16584723599559356,0.1722202977802654,0.20583097921818394,0.23306859887143064,0.2603062185246774,0.28754383817792406,0.3333333333333333,0.22547141365007198,0.640102868037686,0.0,0.0
ID9999_DCHA,0.10137434161445756,0.2570264293078378,0.24980275741016486,0.1107999912173335,0.1107999912173335,0.12490137870508243,0.1107999912173335,0.1107999912173335,0.1777594078045382,0.13684318130838724,0.09991365266583288,0.11390989236040926,0.17218006483455542,0.14229953398374806,0.1023893584044687,0.24220751915872676,0.1923211070034807,0.14177518282832677,0.10234648980106408,0.23265538903117233,0.19108544875941913,0.5212765305133485,0.12726704911197298,-0.12037992671930069,0.5212765305133485,-0.04129860812091782,-13.15437719333647,-1.8123242783445679,0.17299234786090886,0.6666666666666666,1.0,0.18786023099219845,0.07211184461753473,0.20858362366525218,0.2570264293078378,0.1737588435044495,0.12490137870508243,-0.12490137870508243,0.1462264380905043,0.11802366311500645,0.12366421811010603,0.1293047731052056,0.13494532810030516,0.14058588309540473,0.16838643633397102,0.1905464345774377,0.21270643282090443,0.2348664310643711,0.3333333333333333,0.18382450110042237,0.5212765305133485,0.0,1.0
ID9999_IZDA,0.06866407353510044,0.21350935064310114,0.2122695392289993,-0.1030340099554556,-0.1030340099554556,0.10613476961449965,0.1030340099554556,0.1030340099554556,0.15016127351342004,0.1120520593974957,0.08182197154098758,0.08349003888861278,0.13974429428705207,0.11665599349537478,0.08409818103668744,0.19441085164116007,0.15741078729938496,0.11677129327784767,0.08410760743080588,0.19651127330414844,0.15768249667825848,0.42825851270030413,0.10627056719766005,-0.0892300700752033,0.42825851270030413,-0.05771852429581591,-17.0017681900122,-2.1803369130606995,0.14303496813172642,0.6666666666666666,0.6666666666666666,0.139652077907724,0.061276937807310285,0.17524815707758204,0.21350935064310114,0.14275283756676804,0.10613476961449965,-0.10613476961449966,0.11047534068764554,0.10427382136955744,0.10551412523317506,0.10675442909679268,0.1079947329604103,0.10923503682402792,0.13108214267873666,0.15168894466982777,0.1722957466609189,0.19290254865201004,0.3333333333333333,0.15128788620276293,0.42825851270030413,0.0,0.0
ID999_DCHA,0.18743181406822773,0.33923283753014205,0.29988145538727595,-0.1313680284180113,-0.1313680284180113,0.14994072769363798,0.1313680284180113,0.1313680284180113,0.21366874820469442,0.18760811510879424,0.13673720573366557,0.1306355861312204,0.23234445724290656,0.19510871577387393,0.14092501221670015,0.31817166218605397,0.2628466964615765,0.19579932982394013,0.14098147373015707,0.3307526114334138,0.2644741610635061,0.7178170572031501,0.15335272184231447,-0.11376804985507383,0.7178170572031501,-0.10282941276025898,-6.251176571934021,-1.222378569271584,0.2169110450635638,0.6666666666666666,1.0,0.2206996531254234,0.08656831949641025,0.2866567670837419,0.33923283753014205,0.23927235240105008,0.14994072769363798,-0.14994072769363795,0.20786480911213076,0.17071941056087742,0.17814849027112808,0.18557756998137875,0.19300664969162942,0.2004357294018801,0.23413841479573302,0.26041202047933526,0.2866856261629375,0.3129592318465398,0.3333333333333333,0.24995453857867017,0.7178170572031503,0.0,1.0
ID999_IZDA,0.12224619798045175,0.28416604836255127,0.28025278091201716,0.13941616556337905,0.13941616556337905,0.14012639045600858,0.13941616556337905,0.13941616556337905,0.19817118721765725,0.14985097525893437,0.10941574078349973,0.1148945005178047,0.18728848233356324,0.15595721379413677,0.11237975428010044,0.26122743876609006,0.21052255507452564,0.15593080453168773,0.11237759517701384,0.2607463399664067,0.21046032040120163,0.5722453641756367,0.14013178997081321,-0.12196808667493798,0.5722453641756367,-0.06899785788905999,-9.850796959644555,-1.6321342504761183,0.18946247229601032,0.6666666666666666,0.6666666666666666,0.19145867961784174,0.08090200925034716,0.23248261040940507,0.28416604836255127,0.1907484547252122,0.14012639045600858,-0.14012639045600858,0.14474988279917222,0.14332943301391315,0.14361352297096497,0.14389761292801678,0.1441817028850686,0.1444657928421204,0.17263311591184802,0.20051634902452384,0.22839958213719966,0.25628281524987545,0.3333333333333333,0.2018631532998298,0.5722453641756367,0.0,0.0
