ID,ACCELERATION__range_count__max_1__min_-1,VELOCITY__range_count__max_1__min_-1,level_0__abs_energy,"level_0__agg_linear_trend__attr_""intercept""__chunk_len_10__f_agg_""max""","level_0__agg_linear_trend__attr_""intercept""__chunk_len_10__f_agg_""mean""","level_0__agg_linear_trend__attr_""intercept""__chunk_len_10__f_agg_""min""","level_0__agg_linear_trend__attr_""intercept""__chunk_len_50__f_agg_""max""","level_0__agg_linear_trend__attr_""intercept""__chunk_len_50__f_agg_""mean""","level_0__agg_linear_trend__attr_""intercept""__chunk_len_50__f_agg_""min""","level_0__agg_linear_trend__attr_""intercept""__chunk_len_5__f_agg_""max""","level_0__agg_linear_trend__attr_""intercept""__chunk_len_5__f_agg_""mean""","level_0__agg_linear_trend__attr_""intercept""__chunk_len_5__f_agg_""min""",level_0__c3__lag_1,level_0__c3__lag_2,level_0__c3__lag_3,"level_0__cwt_coefficients__coeff_10__w_20__widths_(2, 5, 10, 20)","level_0__cwt_coefficients__coeff_10__w_5__widths_(2, 5, 10, 20)","level_0__cwt_coefficients__coeff_11__w_10__widths_(2, 5, 10, 20)","level_0__cwt_coefficients__coeff_11__w_20__widths_(2, 5, 10, 20)","level_0__cwt_coefficients__coeff_12__w_10__widths_(2, 5, 10, 20)","level_0__cwt_coefficients__coeff_12__w_20__widths_(2, 5, 10, 20)","level_0__cwt_coefficients__coeff_13__w_20__widths_(2, 5, 10, 20)","level_0__cwt_coefficients__coeff_13__w_5__widths_(2, 5, 10, 20)","level_0__cwt_coefficients__coeff_14__w_20__widths_(2, 5, 10, 20)","level_0__cwt_coefficients__coeff_1__w_10__widths_(2, 5, 10, 20)","level_0__cwt_coefficients__coeff_1__w_20__widths_(2, 5, 10, 20)","level_0__cwt_coefficients__coeff_1__w_5__widths_(2, 5, 10, 20)","level_0__cwt_coefficients__coeff_2__w_20__widths_(2, 5, 10, 20)","level_0__cwt_coefficients__coeff_2__w_5__widths_(2, 5, 10, 20)","level_0__cwt_coefficients__coeff_3__w_20__widths_(2, 5, 10, 20)","level_0__cwt_coefficients__coeff_4__w_20__widths_(2, 5, 10, 20)","level_0__cwt_coefficients__coeff_4__w_5__widths_(2, 5, 10, 20)","level_0__cwt_coefficients__coeff_5__w_20__widths_(2, 5, 10, 20)","level_0__cwt_coefficients__coeff_6__w_10__widths_(2, 5, 10, 20)","level_0__cwt_coefficients__coeff_6__w_20__widths_(2, 5, 10, 20)","level_0__cwt_coefficients__coeff_6__w_5__widths_(2, 5, 10, 20)","level_0__cwt_coefficients__coeff_7__w_10__widths_(2, 5, 10, 20)","level_0__cwt_coefficients__coeff_7__w_20__widths_(2, 5, 10, 20)","level_0__cwt_coefficients__coeff_7__w_5__widths_(2, 5, 10, 20)","level_0__cwt_coefficients__coeff_8__w_10__widths_(2, 5, 10, 20)","level_0__cwt_coefficients__coeff_8__w_20__widths_(2, 5, 10, 20)","level_0__cwt_coefficients__coeff_8__w_2__widths_(2, 5, 10, 20)","level_0__cwt_coefficients__coeff_9__w_20__widths_(2, 5, 10, 20)","level_0__cwt_coefficients__coeff_9__w_5__widths_(2, 5, 10, 20)","level_0__fft_aggregated__aggtype_""kurtosis""","level_0__linear_trend__attr_""intercept""",level_0__minimum,level_0__time_reversal_asymmetry_statistic__lag_1,level_0__time_reversal_asymmetry_statistic__lag_2,level_0__time_reversal_asymmetry_statistic__lag_3
CONTROL01_DCHA,44.0,44.0,1113775.0,9.000000000000014,4.500000000000014,1.4210854715202004e-14,49.00000000000001,24.500000000000007,7.105427357601002e-15,4.000000000000014,2.000000000000014,1.4210854715202004e-14,821362.5,810187.5,799012.5,-69.31045621707169,-1.5851426526923083,-15.802676582095273,-67.59862718929831,-14.155751907920157,-65.76260940154533,-63.81516364604769,-0.4192402360293915,-61.776605796656874,-27.406966034038632,-77.56747154563324,-9.662168085619735,-77.3707069669767,-9.283305604170009,-76.97869782431002,-76.40911025305257,-7.595671158475933,-75.65138528550786,-23.585261110275173,-74.71130394734257,-5.292236363904523,-22.208209064461904,-73.59598330681936,-4.159225071413563,-20.706156717463347,-72.31378676314918,-0.0018846103927921036,-70.88596353091873,-2.274940697338196,6.345920156976575,0.0,0.0,29502.0,58612.0,87338.0
CONTROL01_DCHA_aug0_005,45.0,45.0,170449839775.0,33644.0,33639.5,33635.0,33684.0,33659.5,33635.0,33639.0,33637.0,33635.0,38305313841217.5,38305308784792.5,38305303728367.5,57508.05760666184,17641.757165225416,55378.50873929733,61686.857860281525,53879.875300920816,65436.57285453031,68503.07458284408,5795.992591558136,71386.45737124534,9295.956761059435,6540.609074054316,12733.377395473994,13107.856724077108,24003.133563991378,19081.099143151718,25409.67001945642,37903.392668936685,31543.984189722687,46293.56029980349,37439.09810734162,38103.542586569856,50499.32248224341,43053.08429160541,34299.558775281344,53593.527716813594,47952.51996296652,55.15475894449301,52921.30168270735,23199.08229096733,1209.894149788804,33635.0,33635.0,4545328862.0,9090657332.0,13635985418.0
CONTROL01_DCHA_aug0_007,46.0,45.0,173486992075.0,33943.0,33938.5,33934.0,33983.0,33958.5,33934.0,33938.0,33936.0,33934.0,39333671558149.5,39333666456874.5,39333661355599.5,58019.894474531124,17798.598531363466,55870.939216875144,62235.82716278759,54358.968961833736,66018.85911300211,69112.60334854113,5847.520081901715,72021.59998932516,9378.837265129472,6599.441682560947,12846.657277427703,13225.067457002287,24216.59313420125,19251.405825904476,25636.229783387138,38240.40427927371,31825.068507751705,46705.29886150119,37772.578975901175,38442.31296302473,50948.43613399605,43436.461053972445,34604.50337709806,54070.13410682923,48379.43910347888,55.645076661817775,53392.37836194705,23405.331906316518,1220.5998362811233,33934.0,33934.0,4626319590.0,9252638788.0,13878957602.0
CONTROL01_IZDA,68.0,68.0,7841275.0,159.0,154.5,150.0,199.0,174.5,150.0,154.0,152.0,150.0,12543937.5,12510262.5,12476587.5,187.46389221259415,77.09781694836936,231.23602454416744,207.8040329302359,226.19223851646956,226.35424267485607,241.96849807458935,25.430671307574787,256.8568146450346,14.171882161710418,-48.05278500364208,47.167204131831504,-18.56933593511045,97.80343530379251,8.459437336871318,37.24963419339854,161.47369857585653,65.36081439491748,182.9725457616458,92.58679064738271,164.65945750974097,203.09964298537133,118.73349614127993,148.8230166426615,218.3940389427011,141.85969509977042,0.2440941775730329,165.44012973311607,101.1947659995461,11.2512745270029,150.0,150.0,208902.0,417412.0,625538.0
CONTROL02_DCHA,40.0,40.0,21318775.0,309.0,304.5,300.0,349.0,324.5,300.0,304.0,302.0,300.0,54574012.5,54517837.5,54461662.5,444.23824064226153,155.7807765494312,478.2747256704321,483.20669304977366,466.54022894085733,518.4710947512534,547.7521597952294,51.280582851178806,575.4902350867286,55.75073035746059,-18.53809846164837,103.9965763492806,40.23203509675199,204.89017621175628,93.89757249804553,150.90837863985627,330.5430683101885,206.3730140753474,389.53035263356566,259.8848852421014,334.6111513833861,428.40749503520834,311.06297558938377,301.80525835673706,457.4942346028629,356.0331769626824,0.49007296553868457,401.7662229971529,204.6644726964307,16.506469717778387,300.0,300.0,568302.0,1136212.0,1703738.0
CONTROL02_IZDA,51.0,51.0,41546275.0,459.0,454.5,450.0,499.0,474.5,450.0,454.0,452.0,450.0,147161587.5,147082912.5,147004237.5,701.012589071939,234.46373615049245,725.3134267966932,758.6093531693155,706.8882193652487,810.5879468276446,853.5358215158695,77.13049439478314,894.1236555284165,97.32957855320933,10.976588080341267,160.82594856673174,99.03340612861443,311.9769171197201,179.3357076592116,264.567123086314,499.61243804452283,347.38521375578546,596.0881595054856,427.18297983682004,504.56284525703234,653.7153470850417,503.39245503748356,454.78750007081146,696.5944302630269,570.2066588256025,0.7360517535045422,638.0923162611816,308.13417939331515,21.82658558623588,450.0,450.0,1107702.0,2215012.0,3321938.0
CONTROL03_IZDA,56.0,56.0,68523775.0,609.0,604.5,600.0,649.0,624.5,600.0,604.0,602.0,600.0,310556662.5,310455487.5,310354312.5,957.7869375015922,313.1466957515543,972.3521279229585,1034.012013288845,947.2362097896386,1102.7047989040561,1159.3194832365016,102.98040593838704,1212.7570759700964,138.90842674896237,40.49127462235124,217.65532078417985,157.83477716047688,419.0636580276854,264.77384282039395,378.2258675327636,668.6818077788525,488.3974134362113,802.6459663774054,594.4810744315469,674.5145391306766,879.0231991348751,695.7219344855794,607.7697417848876,935.6946259231909,784.3801406885348,0.9820305414704752,874.4184095252225,411.6038860901989,27.169207285770106,600.0,600.0,1827102.0,3653812.0,5480138.0
CONTROL03_IZDA_aug1_003,49.0,49.0,218949315775.0,38140.0,38135.5,38131.0,38180.0,38155.5,38131.0,38135.0,38133.0,38131.0,55767258092377.5,55767252361552.5,55767246630727.5,65204.44074359316,20000.1477410012,62783.08207438831,69941.59359293043,61083.905733907835,74192.28863410077,77668.43020348542,6570.800606891764,80936.96309328303,10542.213437646727,7425.262612005935,14436.743112071912,14870.3298184733,27212.880144806193,21641.96484771497,28816.40145299821,42970.96524444041,35770.589854810714,52484.786297777646,42453.57966266103,43197.56135760925,57252.54983435069,48817.83988893077,38884.94650025793,60760.157581400556,54372.01312600288,62.52756314910868,60004.782451475556,26300.414299695265,1370.873328715236,38131.0,38131.0,5838648222.0,11677296052.0,17515943498.0
CONTROL04_DCHA,78.0,78.0,102251275.0,759.0,754.5,750.0,799.0,774.5,750.0,754.0,752.0,750.0,565009237.5,564885562.5,564761887.5,1214.5612859312657,391.82965535261593,1219.3908290492197,1309.414673408383,1187.5842002140257,1394.8216509804636,1465.1031449571376,128.83031748199133,1531.3904964117842,180.48727494470393,70.00596116434495,274.4846930016371,216.63614819234743,526.1503989356452,350.21197798157635,491.88461197920907,837.7511775131894,629.4096131166493,1009.2037732493268,761.7791690262696,844.4662330043241,1104.3310511847114,888.0514139336832,760.7519834989615,1174.7948215833562,998.5536225514305,1.228009329436569,1110.7445027892552,515.0735927870834,32.522136233229354,750.0,750.0,2726502.0,5452612.0,8178338.0
CONTROL04_IZDA,77.0,77.0,142728775.0,909.0,904.5,900.0,949.0,924.5,900.0,904.0,902.0,900.0,930769312.5,930623137.5,930476962.5,1471.335634360931,470.5126149536769,1466.4295301754864,1584.8173335279207,1427.9321906384184,1686.9385030568467,1770.8868066777898,154.68022902559528,1850.0239168534883,222.0661231404541,99.52064770633865,331.31406521908417,275.43751922418545,633.237139843611,435.6501131427668,605.5433564256628,1006.8205472475186,770.421812797063,1215.761580121248,929.0772636209923,1014.4179268779676,1329.6389032345435,1080.3808933817952,913.7342252130372,1413.8950172435202,1212.7271044143588,1.4739881174020977,1347.07059605328,618.5432994839683,37.88061098614556,900.0,900.0,3805902.0,7611412.0,11416538.0
CONTROL05_DCHA,95.0,95.0,189956275.0,1059.0,1054.5,1050.0,1099.0,1074.5,1050.0,1054.0,1052.0,1050.0,1428086887.5,1427918212.5,1427749537.5,1728.1099827906125,549.1955745547383,1713.468231301746,1860.2199936474503,1668.2801810628068,1979.055355133238,2076.6704683984503,180.5301405691995,2168.657337295152,263.64497133620426,129.03533424829982,388.14343743653427,334.2388902560723,740.3238807515717,521.0882483039247,719.2021008721733,1175.8899169818478,911.4340124774523,1422.3193869931722,1096.3753582157233,1184.3696207516136,1554.9467552843812,1272.7103728298828,1066.7164669271133,1652.9952129036785,1426.9005862772788,1.719966905367792,1583.3966893173047,722.0130061808528,43.24240229595546,1050.0,1050.0,5065302.0,10130212.0,15194738.0
CONTROL05_IZDA,91.0,91.0,229450771.0,1209.8666666666668,1204.9333333333334,1200.0,1250.3333333333333,1225.1666666666667,1200.0,1204.1862068965518,1202.093103448276,1200.0,2057027164.5,2056846753.5,2056666342.5,1984.8843424097488,627.8785341558008,1960.5069324280087,2135.622669247834,1908.6281714871982,2271.1722280077497,2382.4541587445374,206.38005211280378,2487.290797030429,305.2238195319602,158.55002135408176,444.97280965398744,393.04026206418683,847.4106216595375,606.5263845620154,832.8608468643793,1344.9592867161862,1052.4462143345997,1628.8771938650907,1263.67345586183,1354.3213146252594,1780.254607334216,1465.0398564281174,1219.6987086411875,1892.0954085638339,1641.0740739280538,1.965945693334775,1819.7227906315281,825.4827128777359,50.96893774151123,1200.0,1200.0,6463214.0,12926057.333333334,19388538.0
CONTROL06_DCHA,15.0,15.0,301252075.0,1351.0,1346.5,1342.0,1391.0,1366.5,1342.0,1346.0,1344.0,1342.0,2849922925.5,2849710450.5,2849497975.5,2227.964047733689,702.3650692448055,2194.3702361608616,2396.337172013485,2136.1576024222986,2547.7094938419864,2671.9293298812768,230.85130170741556,2788.930395754994,344.5851291572621,186.49059071673182,498.77128201983754,448.70555919807464,948.786069719074,687.4078180843559,940.4577900612318,1505.0116233980198,1185.9377611887373,1824.4185843705015,1422.04898236011,1515.2089181589781,1993.5460406080515,1647.111759488875,1364.521897463845,2118.4435937888134,1843.824964303753,2.198805612608728,2043.4448175379428,923.4340352174555,53.68553360133902,1342.0,1342.0,8033190.0,16065988.0,24098402.0
CONTROL06_IZDA,48.0,48.0,368369575.0,1501.0,1496.5,1492.0,1541.0,1516.5,1492.0,1496.0,1494.0,1492.0,3852645400.5,3852410425.5,3852175450.5,2484.7383961633864,781.0480288458672,2441.4089372871385,2671.7398321330306,2376.50559284667,2839.8263459183536,2977.7129916018885,256.70121325102053,3107.563816196682,386.1639773530122,216.00527725874178,555.6006542372887,507.5069302299371,1055.8728106270369,772.8459532455545,1054.1165345076693,1674.080993132347,1326.9499608691835,2030.9763912424257,1589.3470769548,1685.1606120326226,2218.853892657895,1839.4412389369788,1517.5041391779203,2357.543789448966,2057.998446166657,2.4447844005744144,2279.770910802,1026.9037419143385,59.05190826871474,1492.0,1492.0,9822990.0,19645588.0,29467802.0
CONTROL07_DCHA,62.0,62.0,442237075.0,1651.0,1646.5,1642.0,1691.0,1666.5,1642.0,1646.0,1644.0,1642.0,5066845375.5,5066587900.5,5066330425.5,2741.5127445930357,859.730988446932,2688.4476384133836,2947.142492252528,2616.8535832710727,3131.943197994769,3283.496653322598,282.5511247946244,3426.197236638321,427.7428255487624,245.5199638007355,612.4300264547398,566.3083012618158,1162.9595515350015,858.2840884067043,1167.7752789541391,1843.1503628666812,1467.9621605495647,2237.5341981143442,1756.6451715495552,1855.112305906267,2444.161744707721,2031.7707183850664,1670.4863808919954,2596.643985109124,2272.1719280296093,2.690763188540433,2516.0970040660245,1130.373448611221,64.41905840538126,1642.0,1642.0,11792790.0,23585188.0,35377202.0
CONTROL07_IZDA,59.0,59.0,522854575.0,1801.0,1796.5,1792.0,1841.0,1816.5,1792.0,1796.0,1794.0,1792.0,6512772850.5,6512492875.5,6512212900.5,2998.2870930227336,938.4139480479892,2935.4863395396605,3222.545152372074,2857.2015736954495,3424.060050071152,3589.280315043177,308.4010363382293,3744.8306570801064,469.32167374451257,275.0346503427129,669.259398672193,625.1096722936783,1270.0462924429664,943.7222235679029,1281.4340234005765,2012.2197326010073,1608.974360230027,2444.0920049862684,1923.9432661442781,2025.0639997799167,2669.469596757559,2224.100197833154,1823.4686226060705,2835.7441807692994,2486.345409892513,2.936741976506127,2752.423097330049,1233.8431553081089,69.78679523051123,1792.0,1792.0,13942590.0,27884788.0,41826602.0
CONTROL07_IZDA_aug0_012,57.0,61.0,181223279575.0,34693.0,34688.5,34684.0,34733.0,34708.5,34684.0,34688.0,34686.0,34684.0,41993787545524.5,41993782331749.5,41993777117974.5,59303.76621668012,18192.013329368805,57106.132722506765,63612.84046338512,55560.70891395537,67479.44337338272,70641.52165714564,5976.769639619732,73614.76709153359,9586.731506108361,6747.015115271598,13130.804138514732,13519.074312161227,24752.026838741225,19678.596501710665,26204.523505619112,39085.751127945405,32530.129506153902,47738.08789586117,38609.069448875634,39292.071432392906,52074.97539424506,44398.10845121298,35369.41458566842,55265.63508513005,49450.306512792384,56.87497060166456,54574.008828267404,23922.68043980092,1247.4535661714863,34684.0,34684.0,4832620590.0,9665240788.0,14497860602.0
CONTROL08_DCHA,73.0,73.0,610222075.0,1951.0,1946.5,1942.0,1991.0,1966.5,1942.0,1946.0,1944.0,1942.0,8210677825.5,8210375350.5,8210072875.5,3255.0614414523825,1017.0969076490535,3182.525040665923,3497.9478124916036,3097.5495641198495,3716.176902147584,3895.063976763837,334.25094788183225,4063.464077521746,510.90052194026276,304.5493368846904,726.0887708896462,683.9110433255244,1377.1330333509272,1029.160358729134,1395.0927678469814,2181.28910233535,1749.9865599104733,2650.6498118581753,2091.241360738952,2195.015693653559,2894.7774488073965,2416.4296772812904,1976.4508643201436,3074.8443764294752,2700.5188917554333,3.182720764471814,2988.74919059409,1337.3128620049908,75.1549865356351,1942.0,1942.0,16272390.0,32544388.0,48816002.0
CONTROL08_IZDA,79.0,79.0,704339575.0,2101.0,2096.5,2092.0,2141.0,2116.5,2092.0,2096.0,2094.0,2092.0,10180810300.5,10180485325.5,10180160350.5,3511.835789882064,1095.7798672501144,3429.5637417922144,3773.3504726111332,3337.8975545442236,4008.293754223967,4200.8476384844325,360.10085942543725,4382.097497963467,552.4793701360129,334.06402342674915,782.9181431070872,742.7124143574031,1484.2197742589021,1114.598493890235,1508.7515122935001,2350.358472069674,1890.9987595908544,2857.207618730128,2258.539455333691,2364.9673875272056,3120.085300857211,2608.7591567294107,2129.4331060342197,3313.944572089622,2914.6923736183207,3.428699552436863,3225.0752838581634,1440.7825687018762,80.523536999227,2092.0,2092.0,18782190.0,37563988.0,56345402.0
CONTROL09_DCHA,63.0,63.0,805207075.0,2251.0,2246.5,2242.0,2291.0,2266.5,2242.0,2246.0,2244.0,2242.0,12443420275.5,12443072800.5,12442725325.5,3768.6101383117457,1174.4628268511744,3676.602442918448,4048.7531327307115,3578.2455449686236,4300.41060630035,4506.6313002050765,385.95077096904055,4700.7309184051865,594.0582183317631,363.5787099686452,839.7475153245505,801.5137853893143,1591.3065151668466,1200.0366290514662,1622.4102567399211,2519.427841804016,2032.0109592713331,3063.7654256020355,2425.837549928349,2534.919081400847,3345.3931529070605,2801.0886361774983,2282.4153477482982,3553.0447677497973,3128.8658554812896,3.6746783404035295,3461.401377122123,1544.2522753987612,85.89237617712328,2242.0,2242.0,21471990.0,42943588.0,64414802.0
CONTROL09_DCHA_aug0_028,64.0,65.0,207102252175.0,37092.0,37087.5,37083.0,37132.0,37107.5,37083.0,37087.0,37085.0,37083.0,51302813328757.5,51302807755132.5,51302802181507.5,63410.44396256534,19450.41612992176,61057.105015852736,68017.44700756235,59404.67444080989,72151.3655609262,75532.02168692979,6390.195891573799,78710.77759579808,10251.715884919175,7219.053335366075,14039.695231512496,14459.504239531016,26464.700781662388,21045.03707672137,28022.305691798945,41789.73391456327,34785.384619710014,51041.63575376605,41284.72364175962,42010.16552307875,55678.3989746958,47474.09792585331,37816.110571482204,59089.64421438811,52875.65439938819,60.80899135052124,58353.650813202476,25577.50594890646,1333.3497075686282,37083.0,37083.0,5522726526.0,11045452660.0,16568178410.0
CONTROL09_IZDA,76.0,76.0,912824575.0,2401.0,2396.5,2392.0,2441.0,2416.5,2392.0,2396.0,2394.0,2392.0,15018757750.5,15018387775.5,15018017800.5,4025.3844867414273,1253.145786452237,3923.641144044699,4324.1557928501925,3818.5935353930063,4592.527458376799,4812.4149619257205,411.80068251264464,5019.364338846825,635.6370665275018,393.0933965106715,896.5768875419975,860.3151564211605,1698.3932560748135,1285.4747642125997,1736.0690011863749,2688.4972115383466,2173.0231589517143,3270.3232324739597,2593.135644523169,2704.8707752744954,3570.701004956881,2993.418115625586,2435.39758946237,3792.144963409967,3343.039337344161,3.9206571283698595,3697.7274703862126,1647.7219820956448,91.2614508932738,2392.0,2392.0,24341790.0,48683188.0,73024202.0
CONTROL09_IZDA_aug0_020,78.0,79.0,193952339575.0,35893.0,35888.5,35884.0,35933.0,35908.5,35884.0,35888.0,35886.0,35884.0,46495030795324.5,46495025401549.5,46495020007774.5,61357.96100411809,18821.47700617728,59082.44233151677,65816.0617443394,57483.49283735075,69816.37818999535,73087.79095090988,6183.568931968555,76163.83445506761,9919.362291674362,6983.132607607287,13585.43911625434,13989.485280416255,25608.720766004957,20362.101583000254,27113.79346118944,40438.3060858201,33658.22710359773,49390.55035083615,39947.4542056329,40651.68498338208,53877.438210644315,45936.74428679899,36593.27251938099,57178.43665041141,51163.69436769536,58.842800905377246,56464.61757437986,24750.43809337603,1290.4195374278431,35884.0,35884.0,5172062190.0,10344123988.0,15516185402.0
CONTROL1000_DCHA,75.0,75.0,1270932775.0,2845.0,2840.5,2836.0,2885.0,2860.5,2836.0,2840.0,2838.0,2836.0,24670809592.5,24670373017.5,24669936442.5,4785.436558093212,1486.0473468713774,4654.875699378453,5139.347666804086,4530.023587049245,5457.193340522825,5717.534600618878,488.31642068171294,5962.519263354246,758.7104571869334,480.45686867498193,1064.7918293056416,1034.3672146754682,2015.370009162387,1538.3716442896723,2072.4988847478776,3188.9425459519794,2590.419270005831,3881.7343408148645,3088.338004523511,3207.9277891404854,4237.612247024422,3562.713374791998,2888.225024936032,4499.88154256402,3976.992843658429,4.648754340749053,4397.252706447695,1953.9923139184264,107.1549366130396,2836.0,2836.0,33891342.0,67782292.0,101672858.0
CONTROL1000_IZDA,72.0,72.0,1405280275.0,2995.0,2990.5,2986.0,3035.0,3010.5,2986.0,2990.0,2988.0,2986.0,28683419167.5,28682960092.5,28682501017.5,5042.210906522926,1564.7303064724447,4901.9144005046865,5414.750326923567,4770.371577473599,5749.310192599371,6023.318262339409,514.1663322253169,6281.152683795868,800.289305382672,509.97155521704076,1121.6212015230926,1093.1685857072819,2122.456750070358,1623.8097794508383,2186.1576291943966,3358.0119156862997,2731.4314696861798,4088.2921476867596,3255.6360991182983,3377.8794830141337,4462.920099074214,3755.0428542400855,3041.207266650106,4738.981738224247,4191.166325521268,4.894733128714421,4633.578799711786,2057.4620206153036,112.52461874020445,2986.0,2986.0,37473942.0,74947492.0,112420658.0
CONTROL1002_DCHA,80.0,80.0,1546377775.0,3145.0,3140.5,3136.0,3185.0,3160.5,3136.0,3140.0,3138.0,3136.0,33109196242.5,33108714667.5,33108233092.5,5298.985254952543,1643.4132660735015,5148.953101630995,5690.152987043113,5010.719567897999,6041.427044675786,6329.101924060102,540.0162437689208,6599.786104237589,841.8681535784222,539.4862417589694,1178.4505737405398,1151.969956739193,2229.5434909783207,1709.247914612037,2299.8163736408173,3527.081285420632,2872.4436693666257,4294.849954558678,3422.9341937129884,3547.8311768877866,4688.227951124063,3947.372333688206,3194.189508364181,4978.081933884382,4405.339807384237,5.140711916680432,4869.904892975745,2160.9317273121924,117.89440198703224,3136.0,3136.0,41236542.0,82472692.0,123708458.0
CONTROL1002_IZDA,63.0,63.0,1694225275.0,3295.0,3290.5,3286.0,3335.0,3310.5,3286.0,3290.0,3288.0,3286.0,37968390817.5,37967886742.5,37967382667.5,5555.759603382192,1722.0962256745677,5395.991802757234,5965.5556471626915,5251.067558322359,6333.543896752104,6634.885585780762,565.866155312526,6918.419524679277,883.4470017741723,569.0009283009631,1235.279945958003,1210.7713277711043,2336.6302318862713,1794.686049773138,2413.4751180873363,3696.15065515496,3013.4558690470394,4501.407761430585,3590.2322883077113,3717.7828707614185,4913.535803173923,4139.701813136293,3347.1717500782624,5217.182129544529,4619.513289247141,5.386690704645807,5106.230986239835,2264.4014340090735,123.26427269946907,3286.0,3286.0,45179142.0,90357892.0,135536258.0
CONTROL101_DCHA,38.0,38.0,1848822775.0,3445.0,3440.5,3436.0,3485.0,3460.5,3436.0,3440.0,3438.0,3436.0,43281252892.5,43280726317.5,43280199742.5,5812.533951811841,1800.7791852756282,5643.0305038835195,6240.958307282237,5491.415548746776,6625.66074882852,6940.669247501357,591.7160668561306,7237.052945120997,925.0258499699225,598.5156148429568,1292.1093181754625,1269.5726988029178,2443.716972794226,1880.1241849344017,2527.133862533725,3865.2200248892923,3154.4680687274854,4707.965568302515,3757.5303829024015,3887.7345646350714,5138.843655223738,4332.031292584414,3500.1539917923315,5456.282325204687,4833.686771110012,5.632669492611823,5342.557079503925,2367.871140705961,128.63421957402184,3436.0,3436.0,49301742.0,98603092.0,147904058.0
CONTROL101_DCHA_aug0_032,37.0,36.0,213821948275.0,37690.0,37685.5,37681.0,37730.0,37705.5,37681.0,37685.0,37683.0,37681.0,53819833034152.5,53819827370827.5,53819821707502.5,64434.117698305476,19764.09886219799,62041.96597100909,69115.38561257134,60362.86176263509,73315.93807787188,76751.07921832282,6493.250872260922,79981.06283195876,10417.476893059431,7336.718552379856,14266.254995419526,14693.92570537773,26891.619922082333,21385.65044223105,28475.425219658817,42463.75713523742,35347.553255769606,51865.112877162006,41951.68537887667,42687.7062759883,56576.62627820081,48240.851450586866,38425.999775115684,60042.8569944203,53729.49268041394,61.789626785211915,59295.80417168241,25990.005179604672,1354.7610864978305,37681.0,37681.0,5701918422.0,11403836452.0,17105754098.0
CONTROL101_IZDA,31.0,31.0,2010170275.0,3595.0,3590.5,3586.0,3635.0,3610.5,3586.0,3590.0,3588.0,3586.0,49068032467.5,49067483392.5,49066934317.5,6069.308300241588,1879.4621448766875,5890.06920500976,6516.360967401718,5731.76353917113,6917.777600904935,7246.4529092219855,617.5659783997327,7555.686365562685,966.6046981656727,628.0303013849505,1348.9386903928973,1328.3740698347965,2550.803713702201,1965.5623200955677,2640.792606980211,4034.2893946236327,3295.480268407899,4914.523375174445,3924.8284774971567,4057.686258508718,5364.151507273587,4524.360772032468,3653.1362335064027,5695.382520864857,5047.860252973013,5.878648280577839,5578.883172767884,2471.3408474028474,134.00423317313664,3586.0,3586.0,53604342.0,107208292.0,160811858.0
CONTROL102_DCHA,57.0,57.0,2178267775.0,3745.0,3740.5,3736.0,3785.0,3760.5,3736.0,3740.0,3738.0,3736.0,55348979542.5,55348407967.5,55347836392.5,6326.082648671204,1958.1451044777505,6137.1079061360215,6791.763627521296,5972.11152959553,7209.894452981286,7552.23657094271,643.4158899433378,7874.319786004307,1008.1835463614228,657.5449879270093,1405.7680626103565,1387.1754408665777,2657.890454610164,2051.000455256734,2754.4513514266323,4203.358764357953,3436.492468088378,5121.0811820463405,4092.1265720918145,4227.637952382366,5589.459359323437,4716.690251480589,3806.1184752204776,5934.482716525015,5262.033734835983,6.124627068544493,5815.209266031909,2574.810554099729,139.3743055556637,3736.0,3736.0,58086942.0,116173492.0,174259658.0
CONTROL102_IZDA,77.0,77.0,2353115275.0,3895.0,3890.5,3886.0,3935.0,3910.5,3886.0,3890.0,3888.0,3886.0,62144344117.5,62143750042.5,62143155967.5,6582.856997100788,2036.8280640788116,6384.146607262307,7067.16628764081,6212.45952001993,7502.011305057669,7858.020232663273,669.2658014869403,8192.953206446093,1049.7623945571615,687.0596744689705,1462.5974348277955,1445.9768118985214,2764.9771955181427,2136.438590417965,2868.110095873021,4372.428134092302,3577.5046677688565,5327.638988918294,4259.424666686505,4397.589646256007,5814.767211373298,4909.019730928676,3959.100716934555,6173.582912185173,5476.207216698919,6.370605856507926,6051.535359295998,2678.2802607966105,144.74442999175287,3886.0,3886.0,62749542.0,125498692.0,188247458.0
CONTROL103_DCHA,27.0,27.0,2534712775.0,4045.0,4040.5,4036.0,4085.0,4060.5,4036.0,4040.0,4038.0,4036.0,69474376192.5,69473759617.5,69473143042.5,6839.631345530633,2115.5110236798723,6631.185308388582,7342.5689477602255,6452.807510444336,7794.128157134247,8163.803894383934,695.1157130305438,8511.586626887749,1091.3412427529347,716.5743610108665,1519.4268070452588,1504.7781829304001,2872.0639364260815,2221.8767255791636,2981.7688403194416,4541.497503826621,3718.51686744927,5534.196795790201,4426.722761281325,4567.5413401296455,6040.075063423089,5101.349210376731,4112.082958648634,6412.683107845366,5690.38069856179,6.6165846444778085,6287.861452559893,2781.749967493499,150.114600740502,4036.0,4036.0,67592142.0,135183892.0,202775258.0
CONTROL103_DCHA_aug0_003,27.0,26.0,167429484775.0,33344.0,33339.5,33335.0,33384.0,33359.5,33335.0,33339.0,33337.0,33335.0,37291689412567.5,37291684401142.5,37291679389717.5,56994.50890980234,17484.391246023228,54884.43133704465,61136.052540043085,53399.17932007229,64852.339150377025,67891.50725940349,5744.292768470925,70749.19053036222,9212.799064667843,6481.579700969222,12619.718651039157,12990.253982014263,23788.96008217562,18910.22287282841,25182.35253056436,37565.25392946801,31261.959790361077,45880.44468605979,37104.50191815308,37763.6391988226,50048.70677814392,42668.42533270982,33993.59429185314,53115.32732549275,47524.17299923987,54.662801368537835,52448.649496178325,22992.142877573613,1199.1526586176462,33335.0,33335.0,4464786062.0,8929571732.0,13394357018.0
CONTROL103_DCHA_aug0_009,43.0,43.0,176561257075.0,34243.0,34238.5,34234.0,34283.0,34258.5,34234.0,34238.0,34236.0,34234.0,40383802760599.5,40383797614324.5,40383792468049.5,58533.44317139088,17955.96445056561,56365.016619128015,62786.632483026544,54839.664942682626,66603.09281715383,69724.1706719833,5899.219904988957,72658.866830208,9461.994961521248,6658.471055644999,12960.31602186241,13342.670199065135,24430.7666160173,19422.282096226743,25863.54727228024,38578.54301874245,32107.09290711279,47118.41447524553,38107.17516509023,38782.21635077195,51399.051838095365,43821.120012869076,34910.46786052623,54548.334498149794,48807.78606720449,56.13703423774726,53865.0305484753,23612.27131971026,1231.3413280297812,34234.0,34234.0,4708299990.0,9416599588.0,14124898802.0
CONTROL103_IZDA,31.0,31.0,2723060275.0,4195.0,4190.5,4186.0,4235.0,4210.5,4186.0,4190.0,4188.0,4186.0,77359325767.5,77358686692.5,77358047617.5,7096.405693960314,2194.1939832809317,6878.224009514844,7617.971607879934,6693.1555008686955,8086.245009210467,8469.587556104561,720.9656245741492,8830.220047329469,1132.920090948662,746.089047553088,1576.2561792627018,1563.5795539620835,2979.1506773340643,2307.3148607402973,3095.427584765993,4710.5668735609615,3859.529067129619,5740.754602662142,4594.020855876048,4737.4930340032915,6265.382915472869,5293.678689824917,4265.065200362707,6651.7833035055355,5904.554180424661,6.862563432441252,6524.187545823917,2885.2196741903836,155.484812874826,4186.0,4186.0,72614742.0,145229092.0,217843058.0
CONTROL104_DCHA,89.0,89.0,2918157775.0,4345.0,4340.5,4336.0,4385.0,4360.5,4336.0,4340.0,4338.0,4336.0,85819442842.5,85818781267.5,85818119692.5,7353.18004238993,2272.8769428819974,7125.262710641141,7893.374267999382,6933.503491293107,8378.361861287014,8775.371217825124,746.8155361177542,9148.853467771189,1174.498939144435,775.6037340949841,1633.0855514801528,1622.3809249939623,3086.2374182420313,2392.752995901561,3209.086329212349,4879.63624329529,4000.5412668100976,5947.31240953406,4761.318950470705,4907.444727876944,6490.690767522777,5486.008169272972,4418.047442076787,6890.8834991656595,6118.7276622876625,7.10854222040598,6760.513639088007,2988.689380887267,160.855062142265,4336.0,4336.0,77817342.0,155634292.0,233450858.0
CONTROL104_IZDA,113.0,113.0,3120005275.0,4495.0,4490.5,4486.0,4535.0,4510.5,4486.0,4490.0,4488.0,4486.0,94874977417.5,94874293342.5,94873609267.5,7609.954390819677,2351.559902483057,7372.301411767323,8168.776928118961,7173.8514817174955,8670.478713363136,9081.154879545948,772.6654476613611,9467.486888212845,1216.0777873402083,805.1184206369453,1689.9149236976205,1681.182296025841,3193.324159149982,2478.1911310627593,3322.7450736589003,5048.705613029622,4141.553466490512,6153.870216405944,4928.617045065428,5077.396421750578,6715.998619572591,5678.337648721092,4571.029683790868,7129.9836948258635,6332.9011441505345,7.35452100837135,6996.839732351999,3092.1590875841453,166.2253448533825,4486.0,4486.0,83199942.0,166399492.0,249598658.0
CONTROL105_DCHA,14.0,14.0,3328602775.0,4645.0,4640.5,4636.0,4685.0,4660.5,4636.0,4640.0,4638.0,4636.0,104546179492.5,104545472917.5,104544766342.5,7866.728739249099,2430.2428620841215,7619.340112893643,8444.179588238767,7414.199472141884,8962.595565439551,9386.938541266576,798.515359204964,9786.120308654403,1257.6566355359123,834.6331071790365,1746.7442959150715,1739.98366705785,3300.410900057957,2563.629266223828,3436.4038181053215,5217.774982763946,4282.565666170925,6360.428023277908,5095.915139660216,5247.348115624227,6941.306471622405,5870.6671281692115,4724.011925504937,7369.08389048601,6547.07462601347,7.600499796338006,7233.165825615992,3195.6287942810336,171.59565779162125,4636.0,4636.0,88762542.0,177524692.0,266286458.0
CONTROL105_IZDA,39.0,39.0,3543950275.0,4795.0,4790.5,4786.0,4835.0,4810.5,4786.0,4790.0,4788.0,4786.0,114853299067.5,114852569992.5,114851840917.5,8123.5030876787805,2508.925821685181,7866.378814019894,8719.582248358052,7654.547462566249,9254.712417516064,9692.722202987236,824.365270748564,10104.753729096123,1299.2354837316857,864.1477937209327,1803.5736681325063,1798.7850380895984,3407.4976409659153,2649.0674013850266,3550.062562551808,5386.844352498275,4423.577865851404,6566.985830149839,5263.213234254874,5417.299809497879,7166.614323672244,6062.996607617331,4876.994167219012,7608.184086146203,6761.248107876342,7.846478584303379,7469.491918880244,3299.0985009779224,176.9659981399132,4786.0,4786.0,94505142.0,189009892.0,283514258.0
CONTROL105_IZDA_aug0_031,55.0,53.0,212126325775.0,37540.0,37535.5,37531.0,37580.0,37555.5,37531.0,37535.0,37533.0,37531.0,53180912333077.5,53180906692252.5,53180901051427.5,64177.34334987521,19685.41590259692,61794.927269883025,68839.98295245304,60122.513772210696,73023.82122579419,76445.2955566037,6467.400960717318,79662.42941151577,10375.898044863727,7307.203865838871,14209.42562320191,14635.124334344484,26784.53318117429,21300.212307070437,28361.766475213048,42294.687765503004,35206.54105608802,51658.5550702897,41784.38728428292,42517.75458211468,56351.31842615125,48048.52197113751,38273.017533401675,59803.75679876015,53515.31919855165,61.54364799723948,59059.478078419066,25886.53547290779,1349.3903391953802,37531.0,37531.0,5656701822.0,11313403252.0,16970104298.0
CONTROL106_DCHA,18.0,18.0,3766047775.0,4945.0,4940.5,4936.0,4985.0,4960.5,4936.0,4940.0,4938.0,4936.0,125816586142.5,125815834567.5,125815082992.5,8380.277436108592,2587.6087812862424,8113.417515146122,8994.984908477598,7894.895452990695,9546.829269592383,9998.50586470793,850.2151822921704,10423.387149537713,1340.8143319274589,893.6624802629589,1860.4030403499494,1857.586409121412,3514.5843818738904,2734.5055365462254,3663.721306998359,5555.913722232607,4564.590065531687,6773.543637021711,5430.511328849597,5587.251503371533,7391.922175722128,6255.326087065387,5029.976408933073,7847.284281806315,6975.421589739278,8.092457372271962,7705.818012144171,3402.5682076748076,182.33636342056553,4936.0,4936.0,100427742.0,200855092.0,301282058.0
CONTROL106_IZDA,15.0,15.0,3994895275.0,5095.0,5090.5,5086.0,5135.0,5110.5,5086.0,5090.0,5088.0,5086.0,137456290717.5,137455516642.5,137454742567.5,8637.051784538273,2666.291740887303,8360.456216272372,9270.387568597145,8135.243443415118,9838.94612166883,10304.289526428427,876.0650938357746,10742.020569979532,1382.3931801231859,923.1771668049852,1917.2324125673924,1916.3877801532908,3621.6711227818328,2819.9436717073586,3777.38005144478,5724.983091966959,4705.602265212231,6980.101443893675,5597.809423444319,5757.203197245169,7617.230027771896,6447.655566513572,5182.958650647154,8086.3844774665195,7189.59507160215,8.338436160235409,7942.144105408163,3506.0379143716873,187.7067514456528,5086.0,5086.0,106530342.0,213060292.0,319589858.0
CONTROL106_IZDA_aug0_023,34.0,34.0,198826189675.0,36342.0,36337.5,36333.0,36382.0,36357.5,36333.0,36337.0,36335.0,36333.0,48258561064882.5,48258555603757.5,48258550142632.5,62126.572220417125,19057.001331916454,59821.911510221296,66640.43370696508,58202.9344886878,70690.78130054352,74003.10337832736,6260.94633385575,77117.6104935899,10043.82164394047,7071.479902655944,13755.548370425338,14165.497384369994,25929.267077122775,20617.846400916744,27454.011969565927,40944.38706589154,34080.32362130938,50008.846719406254,40448.233168785686,41160.407053710485,54551.85971444643,46512.4505286133,37051.1993629119,57894.143236087286,51804.786990072076,59.57909741068474,57172.02034688317,25060.15741542205,1306.4959726872457,36333.0,36333.0,5302031526.0,10604062660.0,15906093410.0
CONTROL107_DCHA,18.0,18.0,4230492775.0,5245.0,5240.5,5236.0,5285.0,5260.5,5236.0,5240.0,5238.0,5236.0,149792662792.5,149791866217.5,149791069642.5,8893.826132967824,2744.9747004883643,8607.494917398704,9545.79022871669,8375.591433839449,10131.062973745344,10610.07318814899,901.9150053793774,11060.653990421284,1423.972028318913,952.6918533469463,1974.0617847848516,1975.1891511852996,3728.7578636897997,2905.3818068684923,3891.038795891266,5894.052461701288,4846.614464892579,7186.659250765594,5765.107518039107,5927.154891118821,7842.537879821733,6639.985045961627,5335.940892361227,8325.4846731267,7403.768553465021,8.584414948200775,8178.470198672285,3609.5076210685766,193.0771602758829,5236.0,5236.0,112812942.0,225625492.0,338437658.0
CONTROL107_DCHA_aug0_015,26.0,26.0,185946052075.0,35143.0,35138.5,35134.0,35183.0,35158.5,35134.0,35138.0,35136.0,35134.0,43646003907949.5,43645998626674.5,43645993345399.5,60074.08926196884,18428.062208172,57847.248825885334,64439.04844374317,56281.75288522866,68355.7939296129,71558.87264230668,6054.3193742505855,74570.66735285839,9711.468050695657,6835.559174897677,13301.292255167116,13695.478425256797,25073.28706146502,19934.91090719302,26545.49973895955,39592.95923714846,32953.166105195014,48357.761316476724,39110.96373265896,39801.92651401388,52750.89895039494,44975.09688955689,35828.36131081069,55982.93567211077,50092.82695838289,57.6129069655459,55282.98710805951,24233.089559891563,1263.565804914492,35134.0,35134.0,4958561190.0,9917121988.0,14875682402.0
CONTROL107_IZDA,26.0,26.0,4472840275.0,5395.0,5390.5,5386.0,5435.0,5410.5,5386.0,5390.0,5388.0,5386.0,162845952367.5,162845133292.5,162844314217.5,9150.600481397636,2823.657660089429,8854.53361852499,9821.192888836042,8615.93942426385,10423.179825821793,10915.856849869617,927.7649169229824,11379.287410863102,1465.5508765147092,982.2065398888424,2030.8911570023108,2033.9905222172436,3835.8446045977585,2990.819942029756,4004.6975403376223,6063.121831435616,4987.626664572993,7393.2170576374665,5932.40561263383,6097.106584992466,8067.84573187164,6832.314525409747,5488.923134075307,8564.584868786778,7617.9420353279575,8.830393736166782,8414.796291936278,3712.977327765454,198.44758818626667,5386.0,5386.0,119275542.0,238550692.0,357825458.0
CONTROL108_DCHA,34.0,34.0,4689618550.0,5545.108333333334,5540.554166666666,5536.0,5585.166666666667,5560.583333333333,5536.0,5540.060215053763,5538.030107526882,5536.0,176588780610.0,176587944720.0,176587108830.0,9407.374831276544,2902.3406196904916,9101.572319651206,10096.595550988042,8856.28741468826,10715.296680740203,11221.640515554025,953.6148284665888,11697.920836326806,1507.1297247104364,1011.7212264956864,2087.720529219754,2092.7918933420538,3942.9313455057254,3076.2580773241693,4118.356284957216,6232.191201169956,5128.638864517298,7599.774864509385,6099.703707603468,6267.058278866114,8293.153583921432,7024.6440053891,5641.9053757893735,8803.685064446994,7832.115517941635,9.076372524135378,8651.122386163815,3816.4470344623405,205.61952952375412,5536.0,5536.0,125895602.66666667,251790816.0,377685648.0
CONTROL108_DCHA_aug0_006,34.0,34.0,170818625919.0,33794.10833333334,33789.55416666667,33785.0,33834.166666666664,33809.583333333336,33785.0,33789.06021505377,33787.03010752688,33785.0,38817219931238.0,38817214886247.0,38817209841256.0,57764.83196374333,17720.44012482643,55625.5474404234,61962.26053253144,54120.22329134549,65728.68972357074,68808.85826822615,5821.84250310175,71705.09082166383,9337.535609255323,6570.123760983167,12790.206767691478,13166.65809566534,24110.220304899514,19166.537279106808,25523.328764936152,38072.46203867091,31684.99639097812,46500.11810667543,37606.39620417405,38273.49428044354,50724.63033429306,43245.4137742259,34452.54101699539,53832.62791247365,48166.69344930879,55.40073773246032,53157.6277817236,23302.551997664246,1226.2429162315375,33785.0,33785.0,4585734726.666667,9171469064.0,13757203020.0
CONTROL108_DCHA_aug0_022,31.0,34.0,195882017686.0,36193.10833333334,36188.55416666667,36184.0,36233.166666666664,36208.583333333336,36184.0,36188.06021505377,36186.03010752688,36184.0,47666505914970.0,47666500512528.0,47666495110086.0,61871.509710240025,18978.842925379406,59576.519733769186,66366.86707756823,57964.18881819983,70400.61191231116,73699.35829968567,6235.268755055803,76801.101328047,10002.519988065955,7042.161981105237,13699.097860689373,14107.088023073657,25822.894247820583,20532.977854174263,27341.110951190432,40776.44482528871,33940.25150464408,49803.665964580316,40282.05039721787,40991.58837112935,54328.05391474362,46321.40324908957,36899.237002809234,57656.637041731614,51592.04133622113,59.3347584813273,56937.2697670645,24957.37750676978,1312.9183482987826,36184.0,36184.0,5258577458.666667,10517154528.0,15775731216.0
CONTROL108_IZDA,43.0,43.0,4976057275.0,5694.0,5689.5,5685.0,5734.0,5709.5,5685.0,5689.0,5687.0,5685.0,191084745742.5,191083881817.5,191083017892.5,9662.437349267511,2980.4990262275437,9346.964096103296,10370.162191340993,9095.033085176496,11005.466084294103,11525.38561556614,979.2924072665668,12014.43002894344,1548.4313805848603,1041.0391483959281,2144.1710389557684,2151.2012551406006,4049.3041748076403,3161.126624784334,4231.257304267624,6400.133441772727,5268.710982602725,7804.955619335512,6265.886481192545,6435.87696144725,8516.959383624286,7215.69128777633,5793.867735892037,9041.191258802759,8044.861175841483,9.320711453512127,8885.872971175786,3919.2269431145774,209.15269212263453,5685.0,5685.0,132694662.0,265388932.0,398082818.0
CONTROL109_DCHA,73.0,73.0,5238609775.0,5844.0,5839.5,5835.0,5884.0,5859.5,5835.0,5839.0,5837.0,5835.0,206405036317.5,206404149892.5,206403263467.5,9919.211697697127,3059.181985828603,9594.00279722957,10645.56485146067,9335.381075600815,11297.58293637055,11831.169277286637,1005.142318810171,12333.063449385192,1590.0102287806337,1070.5538349380195,2201.000411173195,2210.0026261724793,4156.390915715615,3246.564759945403,4344.91604871411,6569.20281150708,5409.723182283139,8011.513426207408,6433.184575787268,6605.82865532089,8742.2672356741,7408.020767224384,5946.84997760611,9280.291454462906,8259.034657704484,9.566690241480726,9122.19906443978,4022.696649811468,214.5231685652334,5835.0,5835.0,139696062.0,279391732.0,419087018.0
CONTROL109_IZDA,90.0,90.0,5507912275.0,5994.0,5989.5,5985.0,6034.0,6009.5,5985.0,5989.0,5987.0,5985.0,222523109392.5,222522200467.5,222521291542.5,10175.986046126678,3137.8649454296637,9841.041498355786,10920.96751158015,9575.72906602526,11589.699788446804,12136.95293900746,1030.9922303537737,12651.696869826816,1631.5890769763837,1100.0685214799155,2257.8297833906545,2268.803997204293,4263.477656623566,3332.0028951067966,4458.574793160401,6738.272181241384,5550.735381963683,8218.071233079327,6600.482670381925,6775.780349194551,8967.575087723937,7600.3502466725695,6099.832219320187,9519.391650123122,8473.208139567225,9.812669029440295,9358.52515770403,4126.166356508359,219.89365882528512,5985.0,5985.0,146877462.0,293754532.0,440631218.0
CONTROL10_DCHA,60.0,60.0,991038460.0,2551.5416666666665,2546.7708333333335,2542.0,2591.8333333333335,2566.9166666666665,2542.0,2546.0,2544.0,2542.0,17874811698.0,17874432668.0,17874053638.0,4282.158842410955,1331.8287460533,4170.679845170979,4599.558463051351,4058.9415258174176,4884.644324454321,5118.198643038724,437.6505940562463,5337.997786075784,677.2159147232635,422.60808339699366,953.4062597594447,919.1165279439562,1805.4799969827884,1370.9129000718917,1849.72774662309,2857.566581272677,2314.035359996068,3476.881039345878,2760.4337410423827,2874.8224691481378,3796.0088570067473,3185.7475977819977,2588.379831176447,4031.245159070114,3557.212823008149,4.166635916333624,3934.0535689706358,1751.1916887925267,99.96800358575453,2542.0,2542.0,27338800.0,54677221.333333336,82015272.0
CONTROL10_IZDA,84.0,84.0,1136120679.0,2696.1083333333336,2691.554166666667,2687.0,2736.1666666666665,2711.5833333333335,2687.0,2691.0602150537634,2689.0301075268817,2687.0,21062349242.0,21061937853.0,21061526464.0,4530.37403937607,1407.888940334327,4409.483922926363,4865.781025432468,4291.2779165610045,5167.023935544819,5413.7894986204155,462.63884188173205,5646.010068220747,717.4088013124748,451.13894674226634,1008.3413195696473,975.9578528302278,1908.9971798604722,1453.5030967627374,1959.5978653508187,3021.0003053491923,2450.347151788231,3676.553585988714,2922.155230746422,3039.1091065593355,4013.8064473215923,3371.666092138534,2736.262664833383,4262.375348208256,3764.2471853824304,4.404415411367156,4162.502120952781,1851.2124052661832,102.69711076187879,2687.0,2687.0,30499686.666666668,60998984.0,91497900.0
CONTROL110_DCHA,57.0,57.0,6356319775.0,6444.0,6439.5,6435.0,6484.0,6459.5,6435.0,6439.0,6437.0,6435.0,275866523617.5,275865547192.5,275864570767.5,10946.309091415918,3373.913824232846,10582.157601734585,11747.175491938851,10296.773037298439,12466.050344675888,13054.30392416941,1108.5419649845855,13607.597131151684,1756.3256215635884,1188.6125811059942,2428.317900043016,2445.208110299864,4584.73787934745,3588.317300590132,4799.551026499925,7245.480290444376,5973.771981004858,8837.744653695081,7102.376954166094,7285.6354308154805,9643.498643873474,8177.3386850168,6558.77894446241,10236.692237103538,9115.728585156034,10.550605393343485,10067.503437495941,4436.575476599003,236.00520290782342,6435.0,6435.0,169501662.0,339002932.0,508503818.0
CONTROL110_IZDA,74.0,74.0,6652622275.0,6594.0,6589.5,6585.0,6634.0,6609.5,6585.0,6589.0,6587.0,6585.0,295378226692.5,295377227767.5,295376228842.5,11203.083439845404,3452.596783833918,10829.196302860893,12022.578152058333,10537.121027722793,12758.167196752336,13360.087585890102,1134.3918765281912,13926.230551593437,1797.9044697593386,1218.1272676480205,2485.1472722604835,2504.009481331743,4691.824620255417,3673.755435751331,4913.2097709462805,7414.549660178713,6114.784180685402,9044.302460567069,7269.675048760817,7455.587124689129,9868.806495923289,8369.66816446492,6711.7611861764835,10475.792432763708,9329.902067018971,10.796584181308226,10303.829530760064,4540.045183295885,241.37573927003243,6585.0,6585.0,177403062.0,354805732.0,532208018.0
CONTROL11_DCHA,76.0,76.0,5783964775.0,6144.0,6139.5,6135.0,6184.0,6159.5,6135.0,6139.0,6137.0,6135.0,239459214967.5,239458283542.5,239457352117.5,10432.76039455636,3216.547905030727,10088.080199482038,11196.37017169976,9816.077056449627,11881.816640523317,12442.736600727958,1056.8421418973771,12970.330290268568,1673.167925172134,1129.5832080220068,2314.6591556080893,2327.6053682361066,4370.564397531532,3417.4410302679303,4572.233537606887,6907.341550975703,5691.747581643966,8424.62903995129,6767.780764976778,6945.732043068191,9192.882939773752,7792.679726120625,6252.8144610342515,9758.491845783268,8687.38162143016,10.058647817414029,9594.851250968022,4229.636063205238,225.26416189592277,6135.0,6135.0,154238862.0,308477332.0,462715418.0
CONTROL11_DCHA_aug1_001,76.0,76.0,215524320775.0,37840.0,37835.5,37831.0,37880.0,37855.5,37831.0,37835.0,37833.0,37831.0,54463850727727.5,54463845041902.5,54463839356077.5,64690.89204673418,19842.781821799035,62289.00467213562,69390.78827269278,60603.20975305986,73608.05492994591,77056.86288004482,6519.100783804554,80299.69625239966,10459.055741255319,7366.233238921883,14323.084367636944,14752.727076408892,26998.706662990047,21471.088577392184,28589.08396410615,42632.826504971774,35488.565455449105,52071.670684034136,42118.983473472494,42857.65796986201,56801.93413025047,48433.18093003414,38578.98201682972,60281.957190080444,53943.66616227831,62.03560557315865,59532.13026494575,26093.47488630158,1360.1318338523154,37831.0,37831.0,5747315022.0,11494629652.0,17241943898.0
CONTROL11_IZDA,67.0,67.0,6066767275.0,6294.0,6289.5,6285.0,6334.0,6309.5,6285.0,6289.0,6287.0,6285.0,257233603042.5,257232649117.5,257231695192.5,10689.534742986107,3295.230864631793,10335.118900608322,11471.77283181924,10056.425046874027,12173.93349259957,12748.520262448716,1082.692053440985,13288.963710710126,1714.7467733678611,1159.097894563968,2371.4885278255647,2386.4067392679854,4477.651138439492,3502.8791654289985,4685.892282053438,7076.41092071004,5832.75978132451,8631.18684682321,6935.078859571371,7115.683736941836,9418.19079182359,7985.00920556868,6405.796702748333,9997.592041443415,8901.555103293098,10.30462660537875,9831.177344232015,4333.105769902116,230.63467686575848,6285.0,6285.0,161780262.0,323560132.0,485339618.0
CONTROL12_DCHA,58.0,58.0,6955674775.0,6744.0,6739.5,6735.0,6784.0,6759.5,6735.0,6739.0,6737.0,6735.0,315788962267.5,315787940842.5,315786919417.5,11459.857788275087,3531.27974343497,11076.235003987087,12297.980812177813,10777.469018147249,13050.28404882872,13665.87124761073,1160.2417880717917,14244.863972035191,1839.4833179551347,1247.6419541898515,2541.9766444779266,2562.8108523636865,4798.9113611633675,3759.193570912529,5026.868515392766,7583.61902991304,6255.796380365686,9250.860267438942,7436.973143355669,7625.538818562782,10094.114347973149,8561.997643912975,6864.74342789056,10714.892628423877,9544.075548881776,11.04256296927551,10540.155624024252,4643.514889992773,246.74628526689406,6735.0,6735.0,185484462.0,370968532.0,556452218.0
CONTROL12_IZDA,40.0,40.0,7265477275.0,6894.0,6889.5,6885.0,6934.0,6909.5,6885.0,6889.0,6887.0,6885.0,337118980342.5,337117936417.5,337116892492.5,11716.632136704899,3609.9627030360357,11323.273705113419,12573.383472297359,11017.817008571568,13342.400900905039,13971.654909331359,1186.0916996153958,14563.497392476813,1881.0621661508387,1277.1566407318778,2598.806016695369,2621.6122233954998,4905.998102071342,3844.631706073728,5140.527259839253,7752.688399647369,6396.808580046165,9457.418074310883,7604.271237950327,7795.490512436434,10319.422200022918,8754.327123361096,7017.725669604626,10953.992824084047,9758.249030744713,11.288541757238951,10776.48171728818,4746.984596689654,252.11684027229012,6885.0,6885.0,193745862.0,387491332.0,581236418.0
CONTROL13_DCHA,52.0,52.0,7582029775.0,7044.0,7039.5,7035.0,7084.0,7059.5,7035.0,7039.0,7037.0,7035.0,359388530917.5,359387464492.5,359386398067.5,11973.40648513432,3688.645662637096,11570.312406239635,12848.786132417035,11258.164998995957,13634.517752981616,14277.438571051922,1211.9416111590094,14882.130812918565,1922.641014346589,1306.6713272738389,2655.6353889128122,2680.4135944273785,5013.084842979301,3930.0698412349916,5254.186004285674,7921.7577693816975,6537.820779726579,9663.975881182825,7771.569332544985,7965.442206310075,10544.730052072733,8946.656602809151,7170.707911318707,11193.09301974424,9972.422512607714,11.534520545203685,11012.8078105523,4850.4543033865375,257.4874037132038,7035.0,7035.0,202187262.0,404374132.0,606560618.0
CONTROL13_DCHA_aug0_004,139.0,139.0,168936287275.0,33494.0,33489.5,33485.0,33534.0,33509.5,33485.0,33489.0,33487.0,33485.0,37796236360642.5,37796231326717.5,37796226292792.5,57251.28325823261,17563.074205624267,55131.47003817062,61411.455200162956,53639.52731049687,65144.456002452884,68197.29092112444,5770.142680014525,71067.82395080286,9254.37791286373,6511.09438751229,12676.54802325651,13049.055353045946,23896.046823083467,18995.661007989544,25296.01127500961,37734.32329920233,31402.971990042664,46087.00249293155,37271.800012747866,37933.59089269625,50274.01463019348,42860.754812158135,34146.576533567255,53354.42752115345,47738.34648110163,54.90878015650513,52684.975589443224,23095.61258427048,1204.5234041660997,33485.0,33485.0,4504967462.0,9009934532.0,13514901218.0
CONTROL13_DCHA_aug0_024,139.0,139.0,200467902175.0,36492.0,36487.5,36483.0,36532.0,36507.5,36483.0,36487.0,36485.0,36483.0,48857500492657.5,48857495009032.5,48857489525407.5,62383.346568847395,19135.684291517493,60068.95021134773,66915.83636708443,58443.28247911247,70982.89815261964,74308.88704004779,6286.796245399385,77436.24391403185,10085.40049213636,7100.994589197449,13812.377742642757,14224.298755402719,26036.353818030555,20703.284536077357,27567.67071401378,41113.45643562576,34221.33582098731,50215.404526278195,40615.53126338047,41330.35874758417,54777.16756649645,46704.78000806109,37204.18160462589,58133.24343174725,52018.96047193593,59.82507619865204,57408.34644014703,25163.627122118884,1311.8667195499902,36483.0,36483.0,5345810526.0,10691620660.0,16037430410.0
CONTROL13_IZDA,37.0,37.0,7905332275.0,7194.0,7189.5,7185.0,7234.0,7209.5,7185.0,7189.0,7187.0,7185.0,382617863992.5,382616775067.5,382615686142.5,12230.180833564002,3767.328622238165,11817.351107365876,13124.188792536452,11498.512989420324,13926.634605058,14583.222232772614,1237.7915227026067,15200.764233360254,1964.2198625423391,1336.1860138159302,2712.4647611302553,2739.2149654593227,5120.171583887276,4015.5079763960603,5367.8447487320955,8090.827139116058,6678.832979407057,9870.53368805472,7938.867427139772,8135.393900183727,10770.037904122617,9138.986082257336,7323.6901530327805,11432.193215404386,10186.595994470586,11.780499333173553,11249.133903816293,4953.924010083423,262.8579750641791,7185.0,7185.0,210808662.0,421616932.0,632424818.0
CONTROL14_DCHA,50.0,50.0,8235384775.0,7344.0,7339.5,7335.0,7384.0,7359.5,7335.0,7339.0,7337.0,7335.0,406827229567.5,406826118142.5,406825006717.5,12486.955181993748,3846.011581839217,12064.389808492184,13399.591452655997,11738.860979844745,14218.751457134447,14889.005894493046,1263.6414342462144,15519.397653802072,2005.7987107380893,1365.7007003578915,2769.2941333477147,2798.016336491136,5227.258324795252,4100.946111557324,5481.503493178517,8259.89650885037,6819.845179087471,10077.091494926615,8106.165521734495,8305.345594057359,10995.345756172408,9331.31556170539,7476.672394746862,11671.293411064602,10400.769476333588,12.02647812113442,11485.45999708022,5057.393716780311,268.2285538425186,7335.0,7335.0,219610062.0,439219732.0,658829018.0
CONTROL14_DCHA_aug0_002,48.0,49.0,165929432275.0,33194.0,33189.5,33185.0,33234.0,33209.5,33185.0,33189.0,33187.0,33185.0,36791652746992.5,36791647758067.5,36791642769142.5,56737.73456137338,17405.708286422203,54637.3926359183,60860.64987992295,53158.83132964789,64560.22229830116,67585.72359768306,5718.4428569273205,70430.55710992002,9171.220216472324,6452.065014428237,12562.889278821804,12931.452610982058,23681.873341267583,18824.784737666756,25068.693786117547,37396.18455973372,31120.947590681575,45673.88687918794,36937.20382355777,37593.68750494893,49823.3989260938,42476.09585326099,33840.6120501391,52876.22712983278,47309.99951737758,54.41682258057567,52212.32340291446,22888.67317087668,1193.7819131442923,33185.0,33185.0,4424784662.0,8849568932.0,13274352818.0
CONTROL14_IZDA,42.0,42.0,8513909319.0,7494.108333333334,7489.554166666666,7485.0,7534.166666666667,7509.583333333333,7485.0,7489.060215053763,7487.030107526882,7485.0,431950604038.0,431949477747.0,431948351456.0,12743.72953236959,3924.694541440289,12311.428509618388,13674.99411550479,11979.208970269134,14510.868313027144,15194.789561536545,1289.4913457898176,15838.031080987548,2047.3775589338395,1395.215386986862,2826.1235055651578,2856.8177076479647,5334.3450657031935,4186.384246897357,5595.162237857527,8428.965878584715,6960.8573791223,10283.649301798487,8273.463616832598,8475.29728793098,11220.653608222292,9523.645041866832,7629.654636460947,11910.393606724749,10614.942959204714,12.272456909104289,11721.78609163803,5160.863423477188,276.0337723864193,7485.0,7485.0,228561126.66666666,457121864.0,685682220.0
CONTROL15_DCHA,84.0,84.0,8913427075.0,7643.0,7638.5,7634.0,7683.0,7658.5,7634.0,7638.0,7636.0,7634.0,458088766699.5,458087610424.5,458086454149.5,12998.792049863752,4002.852947977342,12556.820286070593,13948.560755160885,12217.954640757347,14801.037715606693,15498.534660189634,1315.1689245897976,16154.540271882475,2088.6792148083555,1424.533308864782,2882.57401530118,2915.227069414623,5440.7178950051,4271.252794311772,5708.063257108648,8596.908119187468,7100.929497117073,10488.830056624614,8439.646390293407,8644.115970512175,11444.459407925167,9714.692324071908,7781.616996563573,12147.899801080466,10827.688616846983,12.516795838481059,11956.536676319794,5263.6433321294335,278.9339279693363,7634.0,7634.0,237691190.0,475381988.0,713072402.0
CONTROL15_IZDA,56.0,56.0,9263684575.0,7793.0,7788.5,7784.0,7833.0,7808.5,7784.0,7788.0,7786.0,7784.0,485352724174.5,485351545399.5,485350366624.5,13255.566398293173,4081.535907578402,12803.858987196774,14223.96341528043,12458.302631181781,15093.154567683272,15804.318321910197,1341.0188361334037,16473.173692324097,2130.2580630040597,1454.0479954070684,2939.403387518615,2974.028440446307,5547.804635913084,4356.690929473296,5821.722001554808,8765.977488921797,7241.941696797421,10695.387863496488,8606.944484888063,8814.067664385813,11669.767259974982,9907.021803520289,7934.5992382776585,12386.999996740591,11041.862098709853,12.762774626449634,12192.862769583786,5367.113038826315,284.3045264599263,7784.0,7784.0,247031390.0,494062388.0,741093002.0
CONTROL15_IZDA_aug0_026,56.0,56.0,203771577175.0,36792.0,36787.5,36783.0,36832.0,36807.5,36783.0,36787.0,36785.0,36783.0,50070205385707.5,50070199857082.5,50070194328457.5,62896.895265706364,19293.050210719648,60563.02761360023,67466.64168732364,58923.978459961,71567.13185677344,74920.45436348814,6338.496068486555,78073.5107549147,10168.558188527399,7160.023962282023,13926.036487077594,14341.901497466606,26250.5272998467,20874.160806399104,27794.988202906883,41451.59517509457,34503.36022034892,50628.520140022265,40950.127452569526,41670.26213533141,55227.78327059594,47089.438966957205,37510.146088054054,58611.44382306809,52447.30743566154,60.31703377459695,57880.998626675275,25370.56653551269,1322.608213447302,36783.0,36783.0,5433908526.0,10867816660.0,16301724410.0
CONTROL16_DCHA,60.0,60.0,9620692075.0,7943.0,7938.5,7934.0,7983.0,7958.5,7934.0,7938.0,7936.0,7934.0,513677579149.5,513676377874.5,513675176599.5,13512.34074672266,4160.218867179464,13050.897688323072,14499.366075399845,12698.6506216061,15385.271419759654,16110.101983630955,1366.868747677006,16791.807112765786,2171.83691119981,1483.5626819490947,2996.2327597360418,3032.8298114783806,5654.891376821026,4442.1290646341695,5935.3807460013595,8935.046858656133,7382.953896477965,10901.945670368545,8774.242579483047,8984.019358259453,11895.075112024751,10099.351282968018,8087.58147999174,12626.100192400807,11256.035580572985,13.008753414415652,12429.188862847974,5470.582745523188,289.67513079867206,7934.0,7934.0,256551590.0,513102788.0,769653602.0
CONTROL16_IZDA,60.0,60.0,9984449575.0,8093.0,8088.5,8084.0,8133.0,8108.5,8084.0,8088.0,8086.0,8084.0,543083581624.5,543082357849.5,543081134074.5,13769.115095152667,4238.90182678052,13297.936389449345,14774.768735519521,12938.99861203049,15677.388271835907,16415.885645351387,1392.7186592206058,17110.440533207668,2213.415759395514,1513.077368491121,3053.062131953558,3091.6311825100643,5761.978117728977,4527.567199795433,6049.039490447781,9104.11622839047,7523.966096158249,11108.503477240392,8941.540674077705,9153.971052133118,12120.382964074795,10291.680762416268,8240.563721705801,12865.200388060885,11470.20906243566,13.254732202381666,12665.514956111965,5574.052452220096,295.04574066157886,8084.0,8084.0,266251790.0,532503188.0,798754202.0
CONTROL17_DCHA,54.0,54.0,10354957075.0,8243.0,8238.5,8234.0,8283.0,8258.5,8234.0,8238.0,8236.0,8234.0,573590981599.5,573589735324.5,573588489049.5,14025.889443582153,4317.584786381583,13544.975090575643,15050.171395639132,13179.346602454912,15969.505123912291,16721.669307072472,1418.5685707642172,17429.0739536489,2254.9946075912644,1542.5920550328867,3109.891504170993,3150.432553542268,5869.06485863696,4613.005334956566,6162.698234894072,9273.185598124806,7664.978295839052,11315.061284112358,9108.838768672233,9323.922746006734,12345.69081612445,10484.010241864453,8393.545963419898,13104.3005837211,11684.382544298598,13.500710990343823,12901.841049375958,5677.52215891697,300.4163557481434,8234.0,8234.0,276131990.0,552263588.0,828394802.0
CONTROL17_IZDA,47.0,47.0,10732214575.0,8393.0,8388.5,8384.0,8433.0,8408.5,8384.0,8388.0,8386.0,8384.0,605220029074.5,605218760299.5,605217491524.5,14282.663792011836,4396.267745982653,13792.013791701847,15325.574055758743,13419.694592879312,16261.621975988608,17027.452968792903,1444.4184823078194,17747.707374090718,2296.573455786968,1572.106741574913,3166.7208763884278,3209.2339245739518,5976.151599544911,4698.4434701177,6276.356979340753,9442.254967859142,7805.990495519076,11521.619090984323,9276.13686326702,9493.874439880403,12570.998668174265,10676.339721312508,8546.528205133947,13343.400779381269,11898.556026161534,13.746689778312406,13138.16714264008,5780.991865613851,305.78697577928136,8384.0,8384.0,286192190.0,572383988.0,858575402.0
CONTROL18_DCHA,63.0,63.0,11116222075.0,8543.0,8538.5,8534.0,8583.0,8558.5,8534.0,8538.0,8536.0,8534.0,637990974049.5,637989682774.5,637988391499.5,14539.438140441516,4474.950705583713,14039.0524928281,15600.976715878094,13660.042583303666,16553.73882806493,17333.236630513595,1470.2683938514203,18066.340794532538,2338.1523039827644,1601.621428116809,3223.5502486058463,3268.0352956057654,6083.23834045291,4783.881605278963,6390.0157237871745,9611.324337593462,7947.00269519975,11728.176897856125,9443.434957861677,9663.826133754006,12796.306520224216,10868.669200760432,8699.510446848031,13582.500975041416,12112.729508024471,13.992668566277136,13374.493235904201,5884.461572310736,311.1576004954104,8534.0,8534.0,296432390.0,592864388.0,889296002.0
CONTROL18_DCHA_aug0_021,63.0,64.0,195573847075.0,36043.0,36038.5,36034.0,36083.0,36058.5,36034.0,36038.0,36036.0,36034.0,47079318365299.5,47079312949024.5,47079307532749.5,61614.735352548356,18900.159965778334,59329.48103264293,66091.46440445927,57723.840827775246,70108.49504207095,73393.57461263136,6209.418843512187,76482.46787550904,9960.94113987025,7012.647294149314,13642.26848847163,14048.286651446897,25715.807506912803,20447.539718161388,27227.452205638332,40607.37545555429,33799.239303277755,49597.10815770883,40114.75230022716,40821.6366772557,54102.74606269323,46129.0737662447,36746.25476109516,57417.53684607165,51377.86784956024,59.0887796933497,56700.9436676432,24853.907800072888,1295.7902841145674,36034.0,36034.0,5215302390.0,10430604388.0,15645906002.0
CONTROL18_IZDA,34.0,34.0,11506979575.0,8693.0,8688.5,8684.0,8733.0,8708.5,8684.0,8688.0,8686.0,8684.0,671924066524.5,671922752749.5,671921438974.5,14796.212488871459,4553.63366518477,14286.09119395428,15876.379375997574,13900.390573728158,16845.85568014157,17639.020292234225,1496.1183053950222,18384.974214974223,2379.7311521785145,1631.1361146589657,3280.379620823314,3326.836666637579,6190.325081360852,4869.319740440227,6503.674468233596,9780.393707327807,8088.014894879903,11934.734704728067,9610.733052456595,9833.777827627668,13021.614372273985,11060.998680208879,8852.492688562106,13821.601170701679,12326.902989887147,14.238647354241856,13610.819329168064,5987.93127900763,316.52822965484927,8684.0,8684.0,306852590.0,613704788.0,920556602.0
CONTROL19_DCHA,36.0,36.0,11904487075.0,8843.0,8838.5,8834.0,8883.0,8858.5,8834.0,8838.0,8836.0,8834.0,707039556499.5,707038220224.5,707036883949.5,15052.986837300554,4632.316624785836,14533.12989508067,16151.782036117316,14140.738564152465,17137.972532218017,17944.80395395472,1521.9682169386272,18703.607635415978,2421.310000374311,1660.6508012008617,3337.2089930407487,3385.638037669653,6297.411822268811,4954.757875601101,6617.333212680147,9949.463077062128,8229.027094560708,12141.292511600055,9778.031147050993,10003.72952150132,13246.922224323824,11253.328159656803,9005.47493027618,14060.701366361756,12541.076471750082,14.484626142210447,13847.145422432446,6091.400985704501,321.8988630321968,8834.0,8834.0,317452790.0,634905188.0,952357202.0
CONTROL20_DCHA,29.0,29.0,12225332886.0,8993.108333333332,8988.554166666667,8984.0,9033.166666666666,9008.583333333334,8984.0,8988.060215053763,8986.030107526882,8984.0,743233945370.0,743232595728.0,743231246086.0,15309.761188058927,4710.999584386905,14780.168596206899,16427.18469950183,14381.086554576934,17430.08938885983,18250.587622043375,1547.8181284822329,19022.24106392573,2462.888848570015,1690.1654878467525,3394.0383652582486,3444.439408850886,6404.498563176737,5040.196010976471,6730.991957404842,10118.53244679648,8370.039294664779,12347.850318471881,9945.329242248014,10173.681215374972,13472.23007637366,11445.657639958554,9158.457171990276,14299.801562021925,12755.249954819308,14.730604930168745,14083.471517244127,6194.870692401379,330.19108078871324,8984.0,8984.0,328196658.6666667,656392928.0,984588816.0
CONTROL20_IZDA,36.0,36.0,12286397665.0,9142.541666666666,9137.770833333334,9133.0,9182.833333333334,9157.916666666666,9133.0,9137.0,9135.0,9133.0,780005336880.0,780004002155.0,780002667430.0,15564.82373015998,4789.15799092395,15025.560372658963,16700.751373420462,14619.832225065158,17720.258839017424,18554.332786587238,1573.4957072822192,19338.750345957258,2504.190504444485,1719.4834108963394,3450.4888749941983,3502.8487722875147,6510.871392478717,5125.064560765913,6843.8929800279875,10286.474687399234,8510.111417297998,12553.031073298123,10111.51202225256,10342.499897956115,13696.0358760764,11636.704931371665,9310.419532092923,14537.307756377713,12967.995625383752,14.974943859558351,14318.222120036291,6297.650601053632,344.65163549967986,9133.0,9133.0,338934916.0,677869453.3333334,1016803620.0
CONTROL21_DCHA,43.0,43.0,13120669675.0,9287.0,9282.5,9278.0,9327.0,9302.5,9278.0,9282.0,9280.0,9278.0,818107421677.5,818106018802.5,818104615927.5,15813.0389086526,4865.218185204965,15264.364450414407,16966.973910071112,14852.168615808676,18002.638414363915,18849.92359264801,1598.4839551077007,19646.762559923398,2544.3833910336966,1748.0142733651396,3505.423934804466,3559.690095923863,6614.388575356344,5207.654755678498,6953.763096241584,10449.908411475752,8646.423205614596,12752.703619940901,10273.233507051627,10506.786535367313,13913.833466391336,11822.623418823021,9458.30236574984,14768.4379455159,13175.029978064546,15.212723354584497,14546.670658493702,6397.671317527297,337.79596057532274,9278.0,9278.0,349884326.0,699768260.0,1049651810.0
CONTROL21_DCHA_aug0_016,53.0,55.0,187533809575.0,35293.0,35288.5,35284.0,35333.0,35308.5,35284.0,35288.0,35286.0,35284.0,44206221990424.5,44206216686649.5,44206211382874.5,60330.863610399625,18506.745167773046,58094.287527011766,64714.45110386148,56522.10087565325,68647.9107816893,71864.65630402789,6080.16928579415,74889.30077330035,9753.046898891362,6865.073861438662,13358.1216273846,13754.27979628744,25180.373802372993,20020.34904235624,26659.158483404277,39762.028606882785,33094.1783048766,48564.319123348665,39278.2618272527,39971.87820788747,52976.20680244478,45167.42636900573,35981.34355252476,56222.035867770916,50307.00044024465,57.858885753518344,55519.313201323894,24336.559266588436,1268.9365512919626,35284.0,35284.0,5000901390.0,10001802388.0,15002703002.0
CONTROL21_DCHA_aug0_027,68.0,68.0,205433539675.0,36942.0,36937.5,36933.0,36982.0,36957.5,36933.0,36937.0,36935.0,36933.0,50684011350982.5,50684005799857.5,50684000248732.5,63153.66961413455,19371.733170320727,60810.06631472639,67742.04434744352,59164.326450385124,71859.24870884905,75226.23802521013,6364.345980030181,78392.14417535614,10210.137036723287,7189.538648823528,13982.865859295012,14400.70286849881,26357.614040754608,20959.59894156076,27908.646947352132,41620.66454482882,34644.37242003103,50835.07794689411,41117.42554716432,41840.21382920513,55453.091122645776,47281.768446404996,37663.12832976816,58850.54401872851,52661.48091752434,60.563012562543655,58117.32471993966,25474.036242209535,1327.9789604802918,36933.0,36933.0,5478227526.0,10956454660.0,16434681410.0
CONTROL21_IZDA,47.0,47.0,13361488470.0,9437.216666666667,9432.608333333332,9428.0,9477.333333333334,9452.666666666666,9428.0,9432.120430107527,9430.060215053763,9428.0,857831810745.0,857830404523.0,857828998301.0,16069.81326294719,4943.901144806044,15511.403151540588,17242.376578401632,15092.516606233052,18294.755277904853,19155.70726950562,1624.3338666512989,19965.3960013891,2585.962239229447,1777.5289601730751,3562.2533070218683,3618.4914673367743,6721.475316264319,5293.092891355702,7067.4218414243,10618.97778121008,8787.435406370752,12959.261426812865,10440.531603172627,10676.738229240966,14139.141318441127,12014.952900431019,9611.284607463924,15007.538141176025,13389.20346281526,15.458702142554365,14782.996755822085,6501.141024224166,347.704868339284,9428.0,9428.0,361121114.0,722241841.3333334,1083362190.0
CONTROL21_IZDA_aug0_030,61.0,59.0,207642700190.0,37392.21666666667,37387.60833333334,37383.0,37432.333333333336,37407.666666666664,37383.0,37387.12043010753,37385.06021505377,37383.0,52551271729680.0,52551266186118.0,52551260642556.0,63923.99268240939,19607.78204912388,61551.182418105054,68568.25235998193,59885.37042165869,72735.59931000997,76143.58906969562,6441.895714660998,79348.04451907768,10334.8735813104,7278.082709492419,14153.353975947399,14577.106983087535,26678.87426347847,21215.91334906783,28249.62318357683,42127.87265403182,35067.40902328764,51454.75136750957,41619.31983693119,42350.06891082599,56129.014678795196,47858.7568932127,38122.0750549104,59567.84460570895,53304.001374431675,61.300948926450694,58826.30301566029,25784.44536230017,1362.1218574107984,37383.0,37383.0,5611964674.0,11223928961.333334,16835892870.0
CONTROL22_DCHA,53.0,53.0,13970103775.0,9585.0,9580.5,9576.0,9625.0,9600.5,9576.0,9580.0,9578.0,9576.0,898824650062.5,898823202487.5,898821754912.5,16323.163947533245,5021.534998279078,15755.148003318538,17514.107194841792,15329.659956785099,18582.9772271559,19457.413800599537,1649.8391127076623,20279.780955200567,2626.9867027825903,1806.6501172952585,3618.324954276414,3676.50881970721,6827.134233960239,5377.391850865388,7179.565135208615,10785.792892681293,8926.567442312973,13163.065129593133,10605.599054979482,10844.423900529626,14361.44506579695,12204.717984660205,9762.227085955154,15243.450334227406,13600.521295365594,15.701401213347012,15016.171830444735,6603.231134831766,348.46565145251844,9576.0,9576.0,372535902.0,745071412.0,1117606538.0
CONTROL22_DCHA_aug0_010,57.0,57.0,178108514575.0,34393.0,34388.5,34384.0,34433.0,34408.5,34384.0,34388.0,34386.0,34384.0,40915805708074.5,40915800539299.5,40915795370524.5,58790.217519820886,18034.647410166708,56612.05532025435,63062.035143145375,55080.012933106475,66895.20966923151,70029.95433370295,5925.069816532509,72977.50025065022,9503.573809716952,6687.985742188066,13017.14539407983,13401.471570096297,24537.853356925338,19507.720231388397,25977.20601672653,38747.6123884767,32248.105106792813,47324.97228211747,38274.47325968658,38952.16804464565,51624.35969014566,44013.44949231635,35063.450102240306,54787.434693809395,49021.95954906782,56.38301302572481,54101.35664173864,23715.74102640713,1236.7120740087216,34384.0,34384.0,4749560190.0,9499119988.0,14248679402.0
CONTROL22_IZDA,54.0,54.0,14407751275.0,9735.0,9730.5,9726.0,9775.0,9750.5,9726.0,9730.0,9728.0,9726.0,941389722637.5,941388252562.5,941386782487.5,16579.93829596286,5100.217957880152,16002.186704444812,17789.509854961274,15570.007947209453,18875.094079232153,19763.19746232023,1675.6890242512638,20598.414375642256,2668.5655509783865,1836.1648038374149,3675.1543264938646,3735.3101907388937,6934.220974868182,5462.829986026391,7293.223879655036,10954.86226241563,9067.579641993387,13369.622936465028,10772.8971495744,11014.375594403286,14586.752917846834,12397.04746410826,9915.209327669205,15482.550529887621,13814.6947772284,15.947380001309165,15252.497923708988,6706.700841528639,353.83630600053465,9726.0,9726.0,384206502.0,768412612.0,1152618338.0
CONTROL23_DCHA,47.0,47.0,14852148775.0,9885.0,9880.5,9876.0,9925.0,9900.5,9876.0,9880.0,9878.0,9876.0,985277862712.5,985276370137.5,985274877562.5,16836.71264439248,5178.900917481201,16249.225405571018,18064.912515080887,15810.35593763399,19167.210931308535,20068.981124041053,1701.5389357948645,20917.04779608394,2710.1443991740907,1865.679490379311,3731.983698711332,3794.1115617708374,7041.3077157761245,5548.268121187525,7406.882624101718,11123.93163214995,9208.5918416738,13576.180743337063,10940.195244169057,11184.327288276922,14812.060769896532,12589.376943556315,10068.191569383278,15721.650725547745,14028.868259091467,16.19335878927518,15488.82401697272,6810.170548225535,359.2069635548752,9876.0,9876.0,396057102.0,792113812.0,1188170138.0
CONTROL23_IZDA,49.0,49.0,15303296275.0,10035.0,10030.5,10026.0,10075.0,10050.5,10026.0,10030.0,10028.0,10026.0,1030509320287.5,1030507805212.5,1030506290137.5,17093.486992821832,5257.583877082255,16496.26410669727,18340.315175200496,16050.703928058392,19459.32778338492,20374.764785761618,1727.3888473384743,21235.68121652576,2751.723247369841,1895.1941769210769,3788.8130709287834,3852.912932802911,7148.3944566841155,5633.706256348789,7520.541368547879,11293.001001884319,9349.604041354214,13782.738550208911,11107.493338763976,11354.278982150567,15037.368621946509,12781.70642300437,10221.173811097357,15960.75092120787,14243.041740954273,16.439337577243766,15725.150110237102,6913.640254922414,364.5776239810906,10026.0,10026.0,408087702.0,816175012.0,1224261938.0
CONTROL24_DCHA,49.0,49.0,15761193775.0,10185.0,10180.5,10176.0,10225.0,10200.5,10176.0,10180.0,10178.0,10176.0,1077104345362.5,1077102807787.5,1077101270212.5,17350.26134125184,5336.2668366833295,16743.30280782345,18615.71783532011,16291.051918482677,19751.444635461303,20680.54844748205,1753.23875888208,21554.314636967447,2793.302095565637,1924.7088634632332,3845.6424431462506,3911.714303834595,7255.481197592026,5719.144391509922,7634.20011299456,11462.070371618647,9490.616241034757,13989.296357080808,11274.791433358374,11524.230676024228,15262.676473996255,12974.035902452686,10374.156052811437,16199.85111686813,14457.215222816818,16.68531636520335,15961.476203501225,7017.109961619296,369.9482871526421,10176.0,10176.0,420298302.0,840596212.0,1260893738.0
CONTROL24_IZDA,36.0,36.0,16225841275.0,10335.0,10330.5,10326.0,10375.0,10350.5,10326.0,10330.0,10328.0,10326.0,1125083187937.5,1125081627862.5,1125080067787.5,17607.03568968133,5414.949796284394,16990.341508949772,18891.12049543985,16531.399908907053,20043.561487537816,20986.332109202744,1779.0886704256798,21872.948057409136,2834.8809437613872,1954.2235500052595,3902.471815363653,3970.515674866278,7362.567938500065,5804.582526671055,7747.85885744085,11631.139741352976,9631.62844071517,14195.854163952794,11442.08952795329,11694.182369897848,15487.984326046138,13166.365381900741,10527.138294525523,16438.95131252821,14671.388704679885,16.93129515317836,16197.802296765087,7120.579668316173,375.3189529503421,10326.0,10326.0,432688902.0,865377412.0,1298065538.0
CONTROL25_DCHA,96.0,96.0,16697238775.0,10485.0,10480.5,10476.0,10525.0,10500.5,10476.0,10480.0,10478.0,10476.0,1174466098012.5,1174464515437.5,1174462932862.5,17863.810038111205,5493.632755885459,17237.380210075997,19166.52315555907,16771.747899331593,20335.678339614067,21292.115770923567,1804.9385819692798,22191.581477850825,2876.4597919570915,1983.7382365472859,3959.3011875811203,4029.3170458984823,7469.654679407991,5890.020661832059,7861.517601887402,11800.209111087288,9772.640640395455,14402.411970824644,11609.38762254808,11864.134063771517,15713.292178096022,13358.694861348666,10680.120536239567,16678.05150818838,14885.562186543082,17.177273941140516,16434.12839002895,7224.049375013069,380.689621261766,10476.0,10476.0,445259502.0,890518612.0,1335777338.0
CONTROL25_IZDA,101.0,101.0,17175386275.0,10635.0,10630.5,10626.0,10675.0,10650.5,10626.0,10630.0,10628.0,10626.0,1225273325587.5,1225271720512.5,1225270115437.5,18120.58438654082,5572.315715486521,17484.418911202294,19441.92581567855,17012.095889755852,20627.79519169058,21597.899432643997,1830.7884935128886,22510.214898292903,2918.0386401528417,2013.252923089312,4016.1305597986366,4088.118416930166,7576.741420315934,5975.458796993453,7975.176346333693,11969.278480821664,9913.652840075869,14608.96977769654,11776.685717142867,12034.085757645136,15938.600030145813,13551.02434079685,10833.102777953669,16917.151703848664,15099.735668405889,17.423252729107816,16670.45448329307,7327.519081709948,386.0602919808405,10626.0,10626.0,458010102.0,916019812.0,1374029138.0
CONTROL995_DCHA,42.0,42.0,17660283775.0,10785.0,10780.5,10776.0,10825.0,10800.5,10776.0,10780.0,10778.0,10776.0,1277525120662.5,1277523493087.5,1277521865512.5,18377.35873497031,5650.998675087573,17731.457612328548,19717.32847579816,17252.44388018023,20919.912043767094,21903.683094364693,1856.6384050564902,22828.84831873446,2959.617488348638,2042.7676096312082,4072.9599320160064,4146.91978796224,7683.828161223909,6060.8969321547165,8088.835090779984,12138.347850555952,10054.665039756672,14815.527584568574,11943.983811737395,12204.037451518798,16163.907882195697,13743.353820244645,10986.085019667726,17156.251899508694,15313.909150269215,17.669231517072557,16906.780576556932,7430.988788406826,391.4309650073551,10776.0,10776.0,470940702.0,941881012.0,1412820938.0
CONTROL995_DCHA_aug0_017,42.0,42.0,189128317075.0,35443.0,35438.5,35434.0,35483.0,35458.5,35434.0,35438.0,35436.0,35434.0,44771213470399.5,44771208144124.5,44771202817849.5,60587.63795882885,18585.428127374074,58341.32622813775,64989.85376398161,56762.448866077924,68940.02763376619,72170.4399657478,6106.019197337812,75207.93419374202,9794.62574708725,6894.588547981209,13414.950999602019,13813.081167319644,25287.460543281035,20105.787177516853,26772.81722785213,39931.09797661707,33235.1905045561,48770.876930220606,39445.55992184801,40141.82990176116,53201.51465449443,45359.75584845352,36134.32579423876,56461.13606343106,50521.17392210746,58.104864541495935,55755.639294587236,24440.028973285338,1274.3072977326879,35434.0,35434.0,5043421590.0,10086842788.0,15130263602.0
CONTROL995_IZDA,33.0,33.0,18151931275.0,10935.0,10930.5,10926.0,10975.0,10950.5,10926.0,10930.0,10928.0,10926.0,1331241733237.5,1331240083162.5,1331238433087.5,18634.133083400055,5729.68163468864,17978.496313454958,19992.731135917773,17492.7918706047,21212.02889584335,22209.466756085254,1882.488316600097,23147.481739176277,3001.196336544342,2072.2822961733646,4129.78930423349,4205.721158993663,7790.9149021318835,6146.33506731598,8202.493835226665,12307.417220290296,10195.677239436696,15022.085391440469,12111.281906332313,12373.98914539245,16389.21573424544,13935.68329969296,11139.067261381808,17395.35209516891,15528.08263213176,17.915210305042415,17143.106669821183,7534.458495103713,396.8016402466101,10926.0,10926.0,484051302.0,968102212.0,1452152738.0
CONTROL995_IZDA_aug0_018,33.0,33.0,190729574575.0,35593.0,35588.5,35584.0,35633.0,35608.5,35584.0,35588.0,35586.0,35584.0,45340998597874.5,45340993249099.5,45340987900324.5,60844.41230725808,18664.111086975154,58588.364929264,65265.25642410096,57002.79685650223,69232.14448584258,72476.22362746902,6131.869108881357,75526.56761418372,9836.204595282954,6924.103234523755,13471.780371819437,13871.882538351327,25394.547284188942,20191.225312678507,26886.47597229738,40100.167346351394,33376.20270423716,48977.43473709227,39612.85801644332,40311.78159563474,53426.82250654446,45552.08532790132,36287.30803595293,56700.23625909093,50735.34740397079,58.35084332944778,55991.965387851094,24543.49867998223,1279.6780442361066,35584.0,35584.0,5086121790.0,10172243188.0,15258364202.0
CONTROL996_DCHA,73.0,73.0,18650328775.0,11085.0,11080.5,11076.0,11125.0,11100.5,11076.0,11080.0,11078.0,11076.0,1386443413312.5,1386441740737.5,1386440068162.5,18890.90743182993,5808.364594289698,18225.535014581186,20268.133796037382,17733.1398610291,21504.14574791973,22515.25041780582,1908.3382281437018,23466.115159617835,3042.7751847400923,2101.7969827153906,4186.618676450925,4264.522530025607,7898.001643039859,6231.773202477114,8316.152579673086,12476.4865900246,10336.6894391175,15228.643198312364,12278.58000092684,12543.940839266086,16614.52358629519,14128.012779140885,11292.049503095892,17634.452290829195,15742.256113994958,18.161189093004584,17379.432763084787,7637.928201800602,402.17231760901916,11076.0,11076.0,497341902.0,994683412.0,1492024538.0
CONTROL996_IZDA,44.0,44.0,19155476275.0,11235.0,11230.5,11226.0,11275.0,11250.5,11226.0,11230.0,11228.0,11226.0,1443150410887.5,1443148715812.5,1443147020737.5,19147.681780259416,5887.047553890759,18472.57371570746,20543.536456156864,17973.487851453363,21796.262599996244,22821.03407952651,1934.1881396873055,23784.748580059393,3084.3540329358425,2131.3116692572867,4243.448048668392,4323.323901057681,8005.088383947801,6317.211337638118,8429.811324119637,12645.555959758953,10477.701638797524,15435.201005184259,12445.878095521757,12713.892533139722,16839.831438345118,14320.342258589071,11445.031744809965,17873.552486489294,15956.429595857764,18.40716788097444,17615.75885634917,7741.397908497488,407.5429970097156,11226.0,11226.0,510812502.0,1021624612.0,1532436338.0
CONTROL997_DCHA,51.0,51.0,19667373775.0,11385.0,11380.5,11376.0,11425.0,11400.5,11376.0,11380.0,11378.0,11376.0,1501382975962.5,1501381258387.5,1501379540812.5,19404.456128688773,5965.73051349183,18719.61241683378,20818.939116276604,18213.835841877808,22088.3794520725,23126.817741247203,1960.0380512309061,24103.382000501082,3125.9328811315927,2160.826355799313,4300.27742088586,4382.1252720894945,8112.175124855744,6402.64947279938,8543.470068566188,12814.625329493281,10618.713838478197,15641.758812056247,12613.176190116155,12883.844227013391,17065.139290394956,14512.671738037256,11598.01398652405,18112.652682149397,16170.60307772057,18.653146668939172,17852.08494961342,7844.867615194367,412.91367836836014,11376.0,11376.0,524463102.0,1048925812.0,1573388138.0
CONTROL997_IZDA,36.0,36.0,20186021275.0,11535.0,11530.5,11526.0,11575.0,11550.5,11526.0,11530.0,11528.0,11526.0,1561161358537.5,1561159618462.5,1561157878387.5,19661.23047711852,6044.413473092886,18966.65111795994,21094.341776396086,18454.183832302275,22380.496304149012,23432.601402967637,1985.887962774516,24422.0154209429,3167.511729327343,2190.3410423412092,4357.106793103295,4440.926643121438,8219.261865763687,6488.087607960775,8657.12881301235,12983.694699227633,10759.726038158351,15848.316618928096,12780.474284710814,13053.795920886996,17290.4471424447,14705.001217485702,11750.996228238131,18351.752877809635,16384.776559583508,18.8991254569039,18088.411042877415,7948.337321891265,418.2843616087303,11526.0,11526.0,538293702.0,1076587012.0,1614879938.0
CONTROL998_DCHA,63.0,63.0,20711418775.0,11685.0,11680.5,11676.0,11725.0,11700.5,11676.0,11680.0,11678.0,11676.0,1622505808612.5,1622504046037.5,1622502283462.5,19918.004825548527,6123.096432693948,19213.689819086052,21369.744436515306,18694.531822726676,22672.613156225525,23738.38506468846,2011.7378743181162,24740.648841384587,3209.090577523093,2219.8557288832353,4413.936165320746,4499.728014152991,8326.348606671678,6573.525743121778,8770.78755745903,13152.76406896197,10900.738237839025,16054.874425799992,12947.772379305861,13223.747614760665,17515.754994494633,14897.330696933366,11903.978469952173,18590.85307346978,16598.95004144631,19.145104244871202,18324.737136141404,8051.807028588145,423.6550466585674,11676.0,11676.0,552304302.0,1104608212.0,1656911738.0
CONTROL998_DCHA_aug0_001,64.0,65.0,164436129775.0,33044.0,33039.5,33035.0,33084.0,33059.5,33035.0,33039.0,33037.0,33035.0,36296106113917.5,36296101147492.5,36296096181067.5,56480.96021294441,17327.02532682113,54390.35393479214,60585.247219802564,52918.483339223305,64268.10544622504,67279.93993596287,5692.592945383718,70111.92368947806,9129.641368276434,6422.55032788569,12506.059906604254,12872.651239950375,23574.786600359737,18739.346602505622,24955.035041671257,37227.115189999306,30979.935391001552,45467.32907231591,36769.90572896351,37423.73581107531,49598.091074043965,42283.76637381319,33687.62980842505,52637.12693417264,47095.82603551348,54.17084379262896,51975.9973096506,22785.203464179827,1188.4111677472263,33035.0,33035.0,4384963262.0,8769926132.0,13154888618.0
CONTROL998_IZDA,63.0,63.0,21243566275.0,11835.0,11830.5,11826.0,11875.0,11850.5,11826.0,11830.0,11828.0,11826.0,1685436576187.5,1685434791112.5,1685433006037.5,20174.779173978142,6201.779392295001,19460.728520212466,21645.147096634915,18934.87981315101,22964.730008301776,24044.16872640902,2037.5877858617198,25059.282261826276,3250.6694257188433,2249.370415424871,4470.765537538181,4558.529385185066,8433.435347579636,6658.963878283042,8884.446301905322,13321.833438696322,11041.750437519308,16261.432232671934,13115.070473900649,13393.699308634292,17741.062846544468,15089.660176381552,12056.96071166628,18829.95326912993,16813.12352330951,19.391083032835937,18561.06322940514,8155.276735285036,429.02573344918835,11826.0,11826.0,566494902.0,1132989412.0,1699483538.0
CONTROL998_IZDA_aug0_013,84.0,85.0,182790787075.0,34843.0,34838.5,34834.0,34883.0,34858.5,34834.0,34838.0,34836.0,34834.0,42539806935499.5,42539801699224.5,42539796462949.5,59560.54056510986,18270.696288969884,57353.1714236332,63888.24312350421,55801.056904379955,67771.56022545962,70947.30531886581,6002.619551163352,73933.40051197528,9628.310354304065,6776.529801813104,13187.633510732345,13577.87568319291,24859.113579649067,19764.034636871278,26318.182250066446,39254.82049767969,32671.141705834445,47944.64570273311,38776.36754346939,39462.02312626646,52300.283246294806,44590.43793066026,35522.39682738256,55504.735280790475,49664.479994657275,57.12094938962672,54810.334921530746,24026.150146497755,1252.8243123535462,34834.0,34834.0,4874420790.0,9748841188.0,14623261202.0
CONTROL999_DCHA,65.0,65.0,21782463775.0,11985.0,11980.5,11976.0,12025.0,12000.5,11976.0,11980.0,11978.0,11976.0,1749973911262.5,1749972103687.5,1749970296112.5,20431.55352240776,6280.46235189607,19707.76722133867,21920.549756754397,19175.227803575475,23256.84686037842,24349.952388129583,2063.437697405317,25377.915682267834,3292.248273914593,2278.885101967418,4527.594909755648,4617.330756217009,8540.522088487643,6744.402013443785,8998.105046352004,13490.90280843061,11182.762637200112,16467.990039543874,13282.368568494916,13563.65100250796,17966.370698594354,15281.989655829868,12209.942953380336,19069.053464790028,17027.297005172186,19.6370618208058,18797.38932266939,8258.746441981915,434.3964219154216,11976.0,11976.0,580865502.0,1161730612.0,1742595338.0
CONTROL999_DCHA_aug0_019,65.0,66.0,192337582075.0,35743.0,35738.5,35734.0,35783.0,35758.5,35734.0,35738.0,35736.0,35734.0,45915597622849.5,45915592251574.5,45915586880299.5,61101.18665568731,18742.7940465762,58835.40363039015,65540.6590842211,57243.14484692644,69524.26133791843,72782.00728919022,6157.719020424949,75845.20103462515,9877.783443478475,6953.617921064741,13528.609744036921,13930.683909383531,25501.63402509692,20276.66344783964,27000.13471674471,40269.23671608571,33517.21490391771,49183.99254396385,39780.15611103759,40481.733289508426,53652.13035859448,45744.41480734963,36440.290277667,56939.33645475126,50949.52088583359,58.5968221174254,56228.291481116,24646.96838667912,1285.0487908013747,35734.0,35734.0,5129001990.0,10258003588.0,15387004802.0
CONTROL999_IZDA,52.0,52.0,22328111275.0,12135.0,12130.5,12126.0,12175.0,12150.5,12126.0,12130.0,12128.0,12126.0,1816138063837.5,1816136233762.5,1816134403687.5,20688.327870837376,6359.145311497136,19954.805922465013,22195.952416874137,19415.57579399983,23548.963712454803,24655.73604985028,2089.287608948924,25696.549102709392,3333.827122110343,2308.399788509184,4584.4242819730825,4676.132127248823,8647.608829395585,6829.840148605309,9111.763790798295,13659.972178164979,11323.774836880266,16674.547846415724,13449.666663089834,13733.602696381573,18191.678550644236,15474.319135277921,12362.925195094433,19308.153660450174,17241.470487035123,19.883040608765384,19033.715415933253,8362.216148678795,439.767111995253,12126.0,12126.0,595416102.0,1190831812.0,1786247138.0
CONTROL999_IZDA_aug0_029,51.0,50.0,208777714675.0,37242.0,37237.5,37233.0,37282.0,37257.5,37233.0,37237.0,37235.0,37233.0,51926631569032.5,51926625972907.5,51926620376782.5,63667.218310995086,19529.099089522813,61304.14371697871,68292.8496676817,59645.02243123411,72443.48241300286,75837.80534865073,6416.045803117386,79029.41101623951,10293.294733114695,7248.5680219086225,14096.52460372998,14518.305610560616,26571.78752257056,21130.475211883546,28135.964436245755,41958.8032842974,34926.39681939108,51248.19356063781,41452.021736354414,42180.1172169524,55903.70682674545,47666.42740530163,37969.092813196294,59328.74441004844,53089.82788125048,61.054970138483405,58589.97690646686,25680.975655603317,1338.7204547116044,37233.0,37233.0,5567405526.0,11134810660.0,16702215410.0
ID01_DCHA,37.0,37.0,22880508775.0,12285.0,12280.5,12276.0,12325.0,12300.5,12276.0,12280.0,12278.0,12276.0,1883949283912.5,1883947431337.5,1883945578762.5,20945.102219267123,6437.828271098195,20201.84462359131,22471.35507699362,19655.92378442421,23841.080564530926,24961.51971157084,2115.137520492536,26015.18252315121,3375.4059703060934,2337.91447505121,4641.25365419055,4734.933498280637,8754.69557030353,6915.278283766443,9225.422535244586,13829.04154789925,11464.78703656094,16881.10565328762,13616.964757684622,13903.55439025525,18416.986402693983,15666.648614725716,12515.907436808482,19547.253856110416,17455.64396889832,20.129019396727543,19270.041509197374,8465.685855375683,445.1378036296929,12276.0,12276.0,610146702.0,1220293012.0,1830438938.0
ID01_IZDA,39.0,39.0,23439656275.0,12435.0,12430.5,12426.0,12475.0,12450.5,12426.0,12430.0,12428.0,12426.0,1953427821487.5,1953425946412.5,1953424071337.5,21201.87656769661,6516.511230699247,20448.88332471754,22746.7577371131,19896.271774848494,24133.19741660744,25267.303373291405,2140.987432036138,26333.81594359303,3416.9848185018436,2367.4291615933666,4698.083026407985,4793.7348693124495,8861.782311211504,7000.716418927576,9339.081279691267,13998.110917633636,11605.799236240962,17087.663460159605,13784.26285227941,14073.506084128861,18642.29425474396,15858.978094174292,12668.889678522572,19786.354051770515,17669.817450760995,20.37499818469741,19506.367602461498,8569.155562072574,450.50849676264005,12426.0,12426.0,625057302.0,1250114212.0,1875170738.0
ID01_IZDA_aug0_011,40.0,39.0,179662522075.0,34543.0,34538.5,34534.0,34583.0,34558.5,34534.0,34538.0,34536.0,34534.0,41452460553049.5,41452455361774.5,41452450170499.5,59046.99186825063,18113.330369767707,56859.09402138042,63337.43780326499,55320.36092353097,67187.32652130764,70335.73799542442,5950.919728076145,73296.13367109113,9545.152657912657,6717.500428728531,13073.974766297313,13460.272941128502,24644.940097833183,19593.15836655005,26090.864761173343,38916.68175821112,32389.11730647388,47531.53008898905,38441.771354279284,39122.11973851927,51849.667542195406,44205.77897176571,35216.43234395435,55026.53488947,49236.133030930105,56.62899181369212,54337.68273500302,23819.21073310406,1242.082820056274,34534.0,34534.0,4791000390.0,9582000388.0,14373000002.0
ID08_DCHA,67.0,67.0,24005553775.0,12585.0,12580.5,12576.0,12625.0,12600.5,12576.0,12580.0,12578.0,12576.0,2024593926562.5,2024592028987.5,2024590131412.5,21458.650916126095,6595.194190300338,20695.92202584372,23022.16039723271,20136.61976527303,24425.314268683822,25573.087035012355,2166.837343579747,26652.449364034455,3458.563666697594,2396.9438481351326,4754.91239862542,4852.536240344263,8968.869052119544,7086.15455408897,9452.740024137689,14167.180287367923,11746.811435921636,17294.221267031455,13951.560946873808,14243.457778002556,18867.602106793704,16051.307573622087,12821.871920236636,20025.45424743066,17883.990932623932,20.62097697266472,19742.69369572575,8672.625268769445,455.87919134060286,12576.0,12576.0,640147902.0,1280295412.0,1920442538.0
ID08_IZDA,58.0,58.0,24578201275.0,12735.0,12730.5,12726.0,12775.0,12750.5,12726.0,12730.0,12728.0,12726.0,2097467849137.5,2097465929062.5,2097464008987.5,21715.42526455584,6673.877149901372,20942.96072697011,23297.56305735206,20376.967755697293,24717.431120760335,25878.87069673305,2192.6872551233455,26971.08278447627,3500.142514893344,2426.4585346771587,4811.741770842904,4911.337611376338,9075.955793027404,7171.592689250103,9566.39876858411,14336.249657102275,11887.82363560192,17500.7790739034,14118.859041468595,14413.409471876184,19092.909958843495,16243.637053070534,12974.854161950725,20264.55444309081,18098.164414486608,20.86695576062945,19979.01978898987,8776.094975466332,461.24988731264256,12726.0,12726.0,655418502.0,1310836612.0,1966254338.0
ID08_IZDA_aug2_010,44.0,44.0,238161815575.0,39781.0,39776.5,39772.0,39821.0,39796.5,39772.0,39776.0,39774.0,39772.0,63266242002820.5,63266236025845.51,63266230048870.5,68013.55211541582,20860.939319036843,65485.68546470963,72954.49869463882,63713.31274915076,77388.04699581505,81013.70346270797,6853.598639178788,84422.81271291635,10997.08603690823,7748.153282775067,15058.45644413057,15513.61681756147,28384.409090339395,22576.6580463785,30059.82811724282,44820.58414933403,37313.263319314305,54744.52870495658,44283.82081752732,45056.83288858697,59717.41773577554,50921.924394092784,40558.5722246099,63375.91372192291,56715.07101758327,65.21857108945593,62590.189911782996,27432.37289095924,1429.6293090550669,39772.0,39772.0,6350981550.0,12701962708.0,19052943482.0
ID08_IZDA_aug2_013,44.0,44.0,243559379275.0,40230.0,40225.5,40221.0,40270.0,40245.5,40221.0,40225.0,40223.0,40221.0,65429124840922.5,65429118796597.51,65429112752272.5,68782.16333171433,21096.463644775977,66225.15464341415,73778.87065726345,64432.754400488084,78262.450106364,81929.0158901265,6930.976041065968,85376.58875143786,11121.545389174153,7836.500577825285,15228.565698301438,15689.628921517291,28704.95540145708,22832.40286429343,30400.046625619307,45326.66512940531,37735.3598370249,55362.82507352632,44784.599780680626,45565.55495891538,60391.83923957839,51497.630635907095,41016.49906814065,64091.62030759897,57356.163639961036,65.95486759475827,63297.59268428578,27742.09221300527,1445.7057482610007,40221.0,40221.0,6494916582.0,12989832772.0,19484748578.0
ID08_IZDA_aug2_019,49.0,49.0,254523589675.0,41127.0,41122.5,41118.0,41167.0,41142.5,41118.0,41122.0,41120.0,41118.0,69896568070717.5,69896561891842.49,69896555712967.5,70317.67393532324,21566.987743190333,67702.44607614898,75425.77856477877,65870.03538322602,80009.30888178042,83757.6021872158,7085.5585120967235,87282.01660567938,11370.186901384814,8012.998403345696,15568.405344161785,16041.261120287101,29345.334112086734,23343.322912557425,31079.725917409378,46337.69996041681,38578.612791112995,56598.04075862062,45785.04238635827,46581.866088279814,61739.18019483623,52647.76092300612,41931.33287359092,65521.43947764688,58636.92106150018,67.42582074681486,64710.822722006196,28360.84105905264,1477.8228228230498,41118.0,41118.0,6787295526.0,13574590660.0,20361885410.0
ID08_IZDA_aug2_030,49.0,49.0,274975337275.0,42750.0,42745.5,42741.0,42790.0,42765.5,42741.0,42745.0,42743.0,42741.0,78488197815982.5,78488191393657.5,78488184971332.5,73095.97238533366,22418.33736607384,70375.40482233552,78405.63534727042,68470.60063961773,83170.01322124808,87066.18140703288,7365.254554998516,90729.63021485956,11820.07003886272,8332.347311729556,16183.299151554682,16677.49195485249,30504.01264871076,24267.763535001515,32309.513532319077,48167.03054094224,40104.36479165648,58832.9962289749,47595.2077698713,48420.74341599268,64177.01115401545,54728.76589063546,43586.60072893705,68108.50359468952,60954.27813525753,70.0873112326017,67267.8710511225,29480.383285512886,1535.934322522515,42741.0,42741.0,7332675462.0,14665350532.0,21998025218.0
ID1000_DCHA,105.0,105.0,25157598775.0,12885.0,12880.5,12876.0,12925.0,12900.5,12876.0,12880.0,12878.0,12876.0,2172069839212.5,2172067896637.5,2172065954062.5,21972.19961298585,6752.5601095024485,21189.99942809622,23572.965717471543,20617.315746121716,25009.547972836717,26184.654358453612,2218.5371666669544,27289.71620491809,3541.721363089094,2455.9732212193153,4868.571143060355,4970.138982408021,9183.042533935379,7257.0308244109765,9680.05751303066,14505.319026836643,12028.835835282594,17707.336880775387,14286.157136063253,14583.361165749828,19318.217810893424,16435.966532518327,13127.836403664807,20503.654638750955,18312.337896349934,21.112934548591607,20215.345882253474,8879.564682163207,466.6205846301743,12876.0,12876.0,670869102.0,1341737812.0,2012606138.0
ID1000_IZDA,128.0,128.0,25743746275.0,13035.0,13030.5,13026.0,13075.0,13050.5,13026.0,13030.0,13028.0,13026.0,2248420146787.5,2248418181712.5,2248416216637.5,22228.973961415595,6831.2430691035015,21437.038129222634,23848.368377591025,20857.66373654607,25301.664824912972,26490.438020174435,2244.387078210554,27608.349625359388,3583.3002112848444,2485.4879077610813,4925.40051527779,5028.940353439834,9290.129274843322,7342.4689595725,9793.716257476952,14674.388396570916,12169.848034962748,17913.894687647327,14453.45523065817,14753.31285962349,19543.525662943215,16628.29601196651,13280.818645378864,20742.754834411102,18526.51137821287,21.358913336556327,20451.671975517464,8983.0343888601,471.9912832468548,13026.0,13026.0,686499702.0,1372999012.0,2059497938.0
ID1000_IZDA_aug3_003,130.0,128.0,354345313075.0,48538.0,48533.5,48529.0,48578.0,48553.5,48529.0,48533.0,48531.0,48529.0,114816324458104.5,114816317167579.5,114816309877054.5,83004.03857673804,25454.450500546744,79907.80483646077,89032.50599241686,77744.82843012716,94441.82882003696,98865.35363395889,8362.716475094432,103024.63179830222,13424.459194576364,9471.22068309807,18376.15519418549,18946.440858401802,34636.13302454623,27564.536377086933,36695.22561802738,54690.85395442438,45545.555536657164,66803.37347013921,54050.683579967575,54978.61277693041,72870.89013844504,62150.119404272504,49489.67549587758,77334.58314456306,69218.51888874169,79.57881273092599,76386.90723653769,33472.93436792338,1743.1736391283264,48529.0,48529.0,9449208150.0,18898415908.0,28347623282.0
ID1000_IZDA_aug3_006,144.0,144.0,360893013775.0,48985.0,48980.5,48976.0,49025.0,49000.5,48976.0,48980.0,48978.0,48976.0,118013395054762.5,118013387697187.5,118013380339612.5,83769.22613506031,25688.92572015793,80643.98016581702,89853.20591957256,78461.06544159135,95312.33703922396,99776.58894588715,8439.749211494363,103974.15939121817,13548.36416219936,9559.174448991882,18545.506723393515,19121.668944077082,34955.2515124519,27819.14201986805,37033.92867647702,55194.680676232696,45965.77189170518,67418.9157346175,54549.2319018593,55485.068824673814,73542.30753755356,62723.26125302815,49945.56257618553,78047.10172763027,69856.75586469294,80.31182951904468,77091.15899446339,33781.27409388008,1759.1784740222486,48976.0,48976.0,9623813502.0,19247626612.0,28871439338.0
ID1000_IZDA_aug3_026,138.0,137.0,405732892075.0,51943.0,51938.5,51934.0,51983.0,51958.5,51934.0,51938.0,51936.0,51934.0,140677248005149.52,140677240203874.5,140677232402599.5,88832.81628609265,27240.55368349087,85515.58335202692,95284.14637713024,83200.72781276073,101072.8813621699,105806.64275501778,8949.509467134176,110257.61044232901,14368.299048619676,10141.20406760045,19666.18194352132,20281.23198082409,37067.00204315698,29503.982045246747,39275.27911696131,58528.72864739358,48746.532469403945,71492.23568613177,57848.35032726687,58836.516227862194,77985.3783799765,66515.99858774478,52962.37238278703,82762.15758604858,74080.25692702916,85.16253121773431,81751.50955363132,35821.69670994261,1865.0896683786589,51934.0,51934.0,10819543590.0,21639086788.0,32458629602.0
ID1000_IZDA_aug3_041,126.0,127.0,441077276575.0,54161.0,54156.5,54152.0,54201.0,54176.5,54152.0,54156.0,54154.0,54152.0,159454041460990.5,159454033327015.5,159454025193040.5,92629.65298487312,28404.012379458614,89168.46227934769,99356.43371143112,86754.67343116917,105392.31588153976,110328.1638329941,9331.743492492307,114969.13661925866,14983.111617274273,10577.62789926895,20506.49892737695,21150.7082538159,38650.45798538275,30767.327270495625,40955.913084842694,61028.701061198546,50831.63286201237,74546.53712374465,60322.131486007405,61349.53527460706,81316.93048561962,69359.91049051838,55224.46979693264,86297.65247921109,77247.16881217509,88.79973756245947,85245.98471936115,37351.66877296716,1944.505166812388,54152.0,54152.0,11762060510.0,23524120628.0,35286180362.0
ID1001_IZDA,113.0,113.0,26336643775.0,13185.0,13180.5,13176.0,13225.0,13200.5,13176.0,13180.0,13178.0,13176.0,2326539021862.5,2326537034287.5,2326535046712.5,22485.748309845083,6909.926028704562,21684.076830348862,24123.771037710634,21098.011726970515,25593.781676989354,26796.22168189487,2270.236989754158,27926.98304580134,3624.8790594805946,2515.0025943032374,4982.229887495258,5087.741724471908,9397.216015751314,7427.907094733244,9907.375001923632,14843.457766305317,12310.86023464329,18120.45249451913,14620.753325252828,14923.264553497133,19768.833514992963,16820.62549141457,13433.800887092928,20981.855030071296,18740.684860075806,21.604892124531347,20687.998068781588,9086.504095556978,477.36198311841105,13176.0,13176.0,702310302.0,1404620212.0,2106929738.0
ID1002_DCHA,81.0,81.0,26936291275.0,13335.0,13330.5,13326.0,13375.0,13350.5,13326.0,13330.0,13328.0,13326.0,2406446714437.5,2406444704362.5,2406442694287.5,22742.52265827457,6988.608988305628,21931.115531475134,24399.173697830247,21338.35971739496,25885.898529065737,27102.00534361556,2296.0869012977605,28245.616466243155,3666.4579076763907,2544.517280845264,5039.059259712724,5146.543095503462,9504.302756659305,7513.345229894898,10021.033746369923,15012.52713603962,12451.872434323835,18327.010301391118,14788.051419847487,15093.216247370803,19994.14136704294,17012.954970862753,13586.783128806985,21220.955225731395,18954.85834193848,21.850870912493498,20924.32416204584,9189.973802253871,482.73268420258813,13326.0,13326.0,718300902.0,1436601412.0,2154901538.0
ID1002_IZDA,60.0,60.0,27542688775.0,13485.0,13480.5,13476.0,13525.0,13500.5,13476.0,13480.0,13478.0,13476.0,2488163474512.5,2488161441937.5,2488159409362.5,22999.297006704444,7067.291947906679,22178.154232601548,24674.576357949856,21578.707707819176,26178.01538114212,27407.789005336253,2321.936812841367,28564.249886684713,3708.036755872095,2574.03196738716,5095.888631930144,5205.344466535666,9611.38949756723,7598.783365055771,10134.692490816346,15181.596505773925,12592.884634004118,18533.568108263058,14955.349514442403,15263.167941244414,20219.449219092683,17205.28445031068,13739.76537052109,21460.05542139168,19169.03182380155,22.09684970045823,21160.6502553097,9293.443508950759,488.1033864590324,13476.0,13476.0,734471502.0,1468942612.0,2203413338.0
ID1003_DCHA,101.0,101.0,28155836275.0,13635.0,13630.5,13626.0,13675.0,13650.5,13626.0,13630.0,13628.0,13626.0,2571709552087.5,2571707497012.5,2571705441937.5,23256.0713551338,7145.974907507762,22425.192933727707,24949.97901806947,21819.05569824369,26470.132233218763,27713.572667056687,2347.7867243849655,28882.88330712666,3749.615604067845,2603.546653929186,5152.718004147594,5264.145837567349,9718.476238475221,7684.221500217165,10248.351235262766,15350.665875508277,12733.896833684532,18740.125915134908,15122.64760903719,15433.119635118033,20444.757071142474,17397.613929758994,13892.74761223518,21699.155617051827,19383.205305664225,22.3428284884281,21396.976348573822,9396.913215647626,493.4740898491095,13626.0,13626.0,750822102.0,1501643812.0,2252465138.0
ID1003_IZDA,40.0,40.0,28775733775.0,13785.0,13780.5,13776.0,13825.0,13800.5,13776.0,13780.0,13778.0,13776.0,2657105197162.5,2657103119587.5,2657101042012.5,23512.84570356342,7224.65786710882,22672.231634853935,25225.38167818908,22059.40368866809,26762.249085295018,28019.35632877725,2373.636635928569,29201.516727568218,3791.1944522635954,2633.061340471082,5209.547376365045,5322.947208599293,9825.562979383181,7769.659635378168,10362.009979709188,15519.73524524258,12874.909033365077,18946.683722006943,15289.94570363172,15603.071328991704,20670.064923192407,17589.943409206917,14045.72985394923,21938.255812711926,19597.37878752729,22.588807276395404,21633.302441838077,9500.382922344525,498.8447943358804,13776.0,13776.0,767352702.0,1534705012.0,2302056938.0
ID1004_DCHA,84.0,84.0,29402381275.0,13935.0,13930.5,13926.0,13975.0,13950.5,13926.0,13930.0,13928.0,13926.0,2744370659737.5,2744368559662.5,2744366459587.5,23769.620051993035,7303.340826709868,22919.270335980185,25500.78433830856,22299.751679092515,27054.36593737127,28325.139990498203,2399.4865474721782,29520.150148009776,3832.7733004593456,2662.5760270132387,5266.37674858248,5381.748579631107,9932.649720291156,7855.097770539563,10475.66872415574,15688.804614976949,13015.92123304549,19153.241528878698,15457.243798226116,15773.023022865307,20895.37277524215,17782.272888655363,14198.712095663335,22177.356008372168,19811.552269390097,22.83478606436013,21869.628535102067,9603.852629041408,504.215499884009,13926.0,13926.0,784063302.0,1568126212.0,2352188738.0
ID1004_IZDA,73.0,73.0,30035778775.0,14085.0,14080.5,14076.0,14125.0,14100.5,14076.0,14080.0,14078.0,14076.0,2833526189812.5,2833524067237.5,2833521944662.5,24026.39440042317,7382.0237863109305,23166.309037106366,25776.18699842778,22540.09966951687,27346.482789447782,28630.923652218637,2425.3364590157817,29838.783568451596,3874.3521486551417,2692.0907135553953,5323.206120799915,5440.54995066292,10039.736461199114,7940.535905700565,10589.32746860216,15857.873984711254,13156.933432725773,19359.79933575078,15624.541892821295,15942.974716739,21120.680627291942,17974.60236810316,14351.6943373774,22416.456204032314,20025.725751253296,23.080764852319717,22105.954628365802,9707.3223357383,509.58620645962833,14076.0,14076.0,800953902.0,1601907412.0,2402860538.0
ID101_IZDA,97.0,97.0,29849536261.0,14235.433333333334,14230.716666666667,14226.0,14275.666666666666,14250.833333333334,14226.0,14230.240860215054,14228.120430107527,14226.0,2923360997072.5,2923358909491.5,2923356821910.5,24283.16877486205,7460.706745911995,23413.34773823271,26051.589693590147,22780.447659941245,27638.59969028592,28936.707381609405,2451.186370559391,30157.417082550623,3915.930996850938,2721.6054012709105,5380.035493017399,5499.351323371798,10146.82320210704,8025.974043251368,10702.986216444227,16026.943354445573,13297.945637262577,19566.35714262263,15791.839994041298,16112.926410612668,21345.98847934187,18166.93185689266,14504.676579091456,22655.55639969246,20239.899246252644,23.326743640289582,22342.280740053804,9810.79204243517,528.852395689184,14226.0,14226.0,817795320.6666666,1635590260.0,2453384826.0
ID102_DCHA,137.0,137.0,31305485575.0,14381.0,14376.5,14372.0,14421.0,14396.5,14372.0,14376.0,14374.0,14372.0,3015083320720.5,3015081153745.5,3015078986770.5,24533.09578132406,7537.291493257038,23653.798740662314,26319.64824773044,23014.38637062094,27922.926710878466,29234.336744680695,2476.3469511284957,30467.553518123466,3956.401075761429,2750.3330283314504,5435.3494153090705,5556.584656165857,10251.054296590759,8109.133825751817,10813.614057643508,16191.504207653747,13435.19750676183,19767.406741311268,15954.67679948821,16278.346059316302,21565.288122003723,18354.132540880768,14653.579294359848,22888.280590134986,20448.361422129256,23.56616299391271,22572.304785740274,9911.502556953472,520.1844036586045,14372.0,14372.0,834812750.0,1669625108.0,2504437082.0
ID102_IZDA,95.0,95.0,31958953075.0,14531.0,14526.5,14522.0,14571.0,14546.5,14522.0,14526.0,14524.0,14522.0,3109978268695.5,3109976079220.5,3109973889745.5,24789.870129753806,7615.974452858103,23900.837441788542,26595.05090785005,23254.73436104527,28215.04356295498,29540.12040640126,2502.1968626720964,30786.186938564766,3997.9799239570875,2779.8477148734764,5492.17878752649,5615.386027197671,10358.141037498783,8194.571960913081,10927.2728020898,16360.573577388,13576.209706442243,19973.964548183347,16121.974894082738,16448.297753189978,21790.595974053518,18546.462020328952,14806.561536073872,23127.380785795085,20662.534903992062,23.812141781874864,22808.630879004526,10014.972263650356,525.5551131030154,14522.0,14522.0,852238550.0,1704476708.0,2556714482.0
ID102_IZDA_aug1_004,106.0,105.0,220671938275.0,38290.0,38285.5,38281.0,38330.0,38305.5,38281.0,38285.0,38283.0,38281.0,56426688263452.5,56426682510127.5,56426676756802.5,65461.215092023944,20078.83070060224,63030.120775514646,70216.99625304979,61324.25372433214,74484.40548617688,77974.2138652056,6596.650518435384,81255.59651372551,10583.792285842432,7454.777298549003,14493.5724842892,14929.131189503942,27319.9668857141,21727.402982876105,28930.060197445542,43140.0346141747,35911.60205449074,52691.344104649776,42620.87775725529,43367.513051483,57477.857686400166,49010.16936837857,39037.92874197191,60999.257777060884,54586.186607866206,62.77354193708113,60241.1085447389,26403.884006392174,1376.2440762225397,38281.0,38281.0,5884584822.0,11769169252.0,17653753298.0
ID103_DCHA,83.0,83.0,32619170575.0,14681.0,14676.5,14672.0,14721.0,14696.5,14672.0,14676.0,14674.0,14672.0,3206843744170.5,3206841532195.5,3206839320220.5,25046.64447818381,7694.657412459143,24147.876142914818,26870.453567969533,23495.08235146967,28507.160415031365,29845.904068121952,2528.0467742157,31104.820359006582,4039.5587721528377,2809.3624014153725,5549.008159743925,5674.187398229875,10465.227778406776,8280.010096074215,11040.931546536222,16529.64294712237,13717.221906122657,20180.52235505515,16289.272988677787,16618.249447063616,22015.903826103353,18738.791499776748,14959.543777787978,23366.48098145537,20876.708385855258,24.05812056984473,23044.956972268126,10118.441970347263,530.9258234538522,14672.0,14672.0,869844350.0,1739688308.0,2609531882.0
ID103_IZDA,107.0,107.0,33286138075.0,14831.0,14826.5,14822.0,14871.0,14846.5,14822.0,14826.0,14824.0,14822.0,3305699997145.5,3305697762670.5,3305695528195.5,25303.4188266133,7773.3403720602055,24394.91484404102,27145.856228089015,23735.430341894207,28799.27726710788,30151.687729842517,2553.8966857593005,31423.45377944814,4081.137620348588,2838.8770879573985,5605.837531961408,5732.988769261428,10572.314519314734,8365.448231235348,11154.590290982773,16698.712316856705,13858.23410580307,20387.080161927228,16456.571083272444,16788.20114093726,22241.21167815319,18931.120979225063,15112.526019502051,23605.581177115564,21090.881867717937,24.3040993578043,23281.283065532512,10221.91167704413,536.2965346836535,14822.0,14822.0,887630150.0,1775259908.0,2662889282.0
ID104_DCHA,29.0,29.0,33959855575.0,14981.0,14976.5,14972.0,15021.0,14996.5,14972.0,14976.0,14974.0,14972.0,3406567277620.5,3406565020645.5,3406562763670.5,25560.193175043045,7852.023331661277,24641.95354516727,27421.258888208493,23975.778332318492,29091.39411918439,30457.47139156334,2579.746597302911,31742.0871998897,4122.716468544338,2868.3917744991645,5662.666904178843,5791.790140293502,10679.40126022266,8450.886366396742,11268.249035429062,16867.781686591075,13999.246305483744,20593.637968799034,16623.86917786697,16958.152834810895,22466.51953020303,19123.450458673116,15265.50826121615,23844.681372775754,21305.05534958074,24.55007814577419,23517.609158796633,10325.381383741018,541.6672467660198,14972.0,14972.0,905595950.0,1811191508.0,2716786682.0
ID104_IZDA,48.0,48.0,34640323075.0,15131.0,15126.5,15122.0,15171.0,15146.5,15122.0,15126.0,15124.0,15122.0,3509465835595.5,3509463556120.5,3509461276645.5,25816.96752347279,7930.706291262335,24888.992246293663,27696.661548327975,24216.126322742803,29383.51097126051,30763.255053284032,2605.596508846511,32060.720620331645,4164.295316740088,2897.906461041061,5719.496276396343,5850.591511325576,10786.488001130618,8536.324501557876,11381.907779875613,17036.85105632533,14140.258505163898,20800.195775670927,16791.16727246163,17128.10452868456,22691.827382252915,19315.779938121563,15418.490502930197,24083.78156843581,21519.22883144381,24.796056933738907,23753.935252060364,10428.851090437905,547.0379596756786,15122.0,15122.0,923741750.0,1847483108.0,2771224082.0
ID105_DCHA,87.0,87.0,35327540575.0,15281.0,15276.5,15272.0,15321.0,15296.5,15272.0,15276.0,15274.0,15272.0,3614415921070.5,3614413619095.5,3614411317120.5,26073.74187190241,8009.389250863397,25136.030947419775,27972.064208447457,24456.474313167364,29675.627823337025,31069.038715004725,2631.446420390108,32379.354040773203,4205.874164935884,2927.421147583087,5776.32564861368,5909.39288235726,10893.574742038592,8621.762636718879,11495.566524322165,17205.920426059667,14281.27070484444,21006.75358254287,16958.465367056808,17298.05622255816,22917.135234302612,19508.109417568838,15571.472744644287,24322.881764096233,21733.402313307135,25.042035721703645,23990.261345324358,10532.320797134784,552.4086733882858,15272.0,15272.0,942067550.0,1884134708.0,2826201482.0
ID105_IZDA,102.0,102.0,35779052034.0,15431.108333333332,15426.554166666667,15422.0,15471.166666666666,15446.583333333334,15422.0,15426.060215053763,15424.030107526882,15422.0,3721076437832.0,3721074128928.0,3721071820024.0,26330.51622430179,8088.07221046445,25383.069648546072,28247.46687413346,24696.82230359176,29967.744683197667,31374.822387582142,2657.2963319337327,32697.9874749702,4247.453013131681,2956.9358343026465,5833.155020831196,5968.194253644049,11000.661482946585,8707.20077224471,11609.225269242746,17374.989795794,14422.282905247483,21213.311389414765,17125.763462678136,17468.007916431863,23142.44308635259,19700.43889847243,15724.454986358352,24561.981959756242,21947.57579722628,25.28801450966322,24226.5874412274,10635.790503831668,562.7923206601071,15422.0,15422.0,960511266.6666666,1921022144.0,2881532640.0
ID106_DCHA,65.0,65.0,36717531775.0,15580.0,15575.5,15571.0,15620.0,15595.5,15571.0,15575.0,15573.0,15571.0,3829817277097.5,3829814930272.5,3829812583447.5,26585.578739771958,8166.230617001535,25628.46142499814,28521.033510952864,24935.567974079848,30257.914081809206,31678.567480701116,2682.9739107337,33014.49665885354,4288.754669006013,2986.253756090238,5889.605530567194,6026.603615280616,11107.034312248417,8792.069319473718,11722.12628825158,17542.932036396807,14562.355022874499,21418.49214424094,17291.946235615196,17636.826599013006,23366.248886055306,19891.486179935873,15876.417346461003,24799.488154111914,22160.32145382014,25.532353439048983,24461.338024564193,10738.570412483896,563.1142983590141,15571.0,15571.0,979133982.0,1958267572.0,2937400778.0
ID106_IZDA,101.0,101.0,37424954275.0,15730.0,15725.5,15721.0,15770.0,15745.5,15721.0,15725.0,15723.0,15721.0,3941029296172.5,3941026926847.5,3941024557522.5,26842.353088201835,8244.913576602587,25875.50012612448,28796.436171072342,25175.915964504387,30550.0309338852,31984.35114242207,2708.823822277301,33333.1300792951,4330.333517201809,3015.768442632004,5946.434902784629,6085.4049863123,11214.121053156377,8877.507454635112,11835.785032698393,17712.00140613114,14703.367222554132,21625.04995111279,17459.244330210116,17806.778292886618,23591.556738105188,20083.81565938419,16029.399588175067,25038.58834977215,22374.494935682946,25.77833222700855,24697.664117828313,10842.040119180783,568.4850143389868,15721.0,15721.0,997998582.0,1995996772.0,2993994578.0
ID107_IZDA,122.0,122.0,38139126775.0,15880.0,15875.5,15871.0,15920.0,15895.5,15871.0,15875.0,15873.0,15871.0,4054373707747.5,4054371315922.5,4054368924097.5,27099.12743663132,8323.596536203626,26122.538827250686,29071.838831191955,25416.263954928672,30842.147785961843,32290.1348041425,2734.673733820904,33651.76349973692,4371.912365397605,3045.28312917403,6003.264275002097,6144.206357344765,11321.207794064434,8962.945589795723,11949.443777144683,17881.07077586546,14844.379422235195,21831.60775798473,17626.542424804902,17976.729986760318,23816.86459015498,20276.145138831984,16182.381829889173,25277.6885454323,22588.668417546272,26.024311014978437,24933.990211092045,10945.509825877678,573.8557310337687,15871.0,15871.0,1017043182.0,2034085972.0,3051128378.0
ID108_DCHA,60.0,60.0,37291720920.0,16030.65,16025.824999999999,16021.0,16071.0,16046.0,16021.0,16025.062068965517,16023.03103448276,16021.0,4167532593630.0,4167530276310.0,4167527958990.0,27355.901849808353,8402.279495804698,26369.577528376984,29347.241581286784,25656.61194535298,31134.26476273706,32595.918638221356,2760.523645364509,33970.3971509962,4413.491213593309,3074.7978188528227,6060.093647219515,6203.007732838986,11428.294534972392,9048.383731290784,12063.102530285674,18050.140145599766,14985.391634238937,22038.165564856532,17793.840536752257,18146.681680633923,24042.172442204956,20468.47464264868,16335.364071603239,25516.788741092583,22802.84193353892,26.270289802938017,25170.316350632584,11048.97953257457,603.0296930075436,16021.0,16021.0,1035880946.0,2071761516.0,3107641718.0
ID108_IZDA,58.0,58.0,39558485275.0,16174.0,16169.5,16165.0,16214.0,16189.5,16165.0,16169.0,16167.0,16165.0,4282791936982.5,4282789501057.5,4282787065132.5,27602.405159553487,8477.815137021717,26606.734681458034,29611.628045026075,25887.34601616053,31414.696816031745,32889.47078111484,2785.339560446367,34276.28500380272,4453.40690786124,3103.131914797453,6114.649844548379,6259.45704456651,11531.097806243959,9130.404334711859,12172.21491625983,18212.446740544776,15120.763333608542,22236.461059453635,17954.44669021062,18309.83530675261,24258.46798017293,20653.110918550276,16482.227023648746,25746.324928926206,23008.44844199728,26.506429439398055,25397.1893538897,11148.310451003566,584.3823377530723,16165.0,16165.0,1054892742.0,2109785092.0,3164677058.0
ID109_DCHA,135.0,135.0,40292637775.0,16324.0,16319.5,16315.0,16364.0,16339.5,16315.0,16319.0,16317.0,16315.0,4402566911557.5,4402564453132.5,4402561994707.5,27859.179507982713,8556.498096622774,26853.773382584513,29887.030705145557,26127.69400658495,31706.81366810852,33195.25444283553,2811.189471989981,34594.9184242444,4494.985756056944,3132.6466013386985,6171.479216765701,6318.258415598714,11638.184547152048,9215.842469872992,12285.873660706382,18381.516110279063,15261.775533288564,22443.018866325576,18121.74478480515,18479.787000626256,24483.775832222538,20845.440397998722,16635.209265362824,25985.425124586305,23222.621923860217,26.752408227357638,25633.51544715395,11251.780157700441,589.7530564491167,16315.0,16315.0,1074470142.0,2148939892.0,3223409258.0
ID109_IZDA,150.0,150.0,41033540275.0,16474.0,16469.5,16465.0,16514.0,16489.5,16465.0,16469.0,16467.0,16465.0,4524554468632.5,4524551987707.5,4524549506782.5,28115.95385641246,8635.181056223842,27100.81208371049,30162.433365265035,26368.04199700944,31998.930520184513,33501.038104556486,2837.0393835335813,34913.55184468609,4536.564604252832,3162.1612878807246,6228.308588983216,6377.059786630658,11745.271288059876,9301.280605034126,12399.532405152933,18550.585480013448,15402.78773296963,22649.57667319752,18289.042879399676,18649.73869449991,24709.083684272377,21037.769877446255,16788.191507076892,26224.5253202465,23436.795405723544,26.998387015314638,25869.841540418074,11355.249864397345,595.1237757848653,16465.0,16465.0,1094227542.0,2188454692.0,3282681458.0
ID109_IZDA_aug3_002,150.0,150.0,352161530575.0,48388.0,48383.5,48379.0,48428.0,48403.5,48379.0,48383.0,48381.0,48379.0,113756565902629.5,113756558634604.5,113756551366579.5,82747.26422830933,25375.767540945762,79660.76613533443,88757.10333229802,77504.4804397024,94149.7119679598,98559.56997223923,8336.866563550766,102705.99837785949,13382.880346380292,9441.705996555002,18319.325821968003,18887.639487370117,34529.046283637996,27479.09824192632,36581.566873580574,54521.78458469,45404.54333697714,66596.81566326709,53883.38548537175,54808.66108305679,72645.5822863952,61957.789924825745,49336.6932541635,77095.48294890311,69004.34540687889,79.33283394293811,76150.58114327175,33369.46466122639,1737.802889212202,48379.0,48379.0,9390973950.0,18781947508.0,28172920682.0
ID109_IZDA_aug3_032,150.0,150.0,419642764675.0,52827.0,52822.5,52818.0,52867.0,52842.5,52818.0,52822.0,52820.0,52818.0,147973223274667.5,147973215340792.5,147973207406917.5,90346.07311283828,27704.258592073176,86971.46476399756,96907.18605410113,84617.17863632803,102794.42334374039,107608.72780142516,9101.851612497874,112135.42340013156,14613.337060653235,10315.14395362114,20001.096377123104,20627.76806077247,37698.09990290781,30007.497455129487,39945.10798423205,59525.11079969459,49577.56436618708,72709.54969463039,58834.293764745475,59838.0982104241,79313.19265472303,67649.46031995963,53863.94772728874,84171.25473913935,75342.45264680739,86.61216620813052,83144.25799660044,36431.47818140956,1896.7412912476739,52818.0,52818.0,11190473526.0,22380946660.0,33571419410.0
ID109_IZDA_aug3_051,150.0,150.0,465415557175.0,55637.0,55632.5,55628.0,55677.0,55652.5,55628.0,55632.0,55630.0,55628.0,172832267676652.5,172832259321277.5,172832250965902.5,95156.31257342025,29178.252701933023,91599.32309843013,102066.39588700734,89119.69765694512,108266.74570597163,113337.07506432587,9586.106622081366,118104.48947640574,15392.247483519855,10868.052414841488,21065.699949996655,21729.313744769894,39704.19151591707,31608.03852048191,42074.31513019638,62692.343659384314,52219.192906866316,76579.06594336416,61968.34473681985,63021.85994232382,83533.95974979019,71252.43256828765,56729.81505539911,88650.39840450665,79354.63587370681,91.2201688360211,87571.43347707897,38369.810686864555,1997.3533545856653,55628.0,55628.0,12411081326.0,24822162260.0,37233242810.0
ID110_DCHA,149.0,149.0,43296747775.0,16924.0,16919.5,16915.0,16964.0,16939.5,16915.0,16919.0,16917.0,16915.0,4903995134857.5,4903992586432.5,4903990038007.5,28886.276901701833,8871.229935027042,27841.928187089703,30988.641345623608,27089.08596828232,32875.28107641366,34418.3890897183,2914.5891181644065,35869.45210601115,4661.301148839853,3250.705347506543,6398.79670563557,6553.463899726489,12066.53151078385,9557.595010517525,12740.508638492067,19057.793589216377,15825.82433201074,23269.25009381334,18790.9371631843,19159.5937761209,25385.00724042175,21614.758315790423,17247.138232219088,26941.825907227078,24079.3158513117,27.736323379224263,26578.81982021044,11665.658984487976,611.2359374605026,16915.0,16915.0,1154579742.0,2309159092.0,3463738058.0
ID110_DCHA_aug3_039,150.0,150.0,436210391575.0,53861.0,53856.5,53852.0,53901.0,53876.5,53852.0,53856.0,53854.0,53852.0,156822192001540.5,156822183912565.5,156822175823590.5,92116.10428801362,28246.64646025649,88674.384877095,98805.62839119295,86273.97745032009,104808.08217738647,109716.59650955323,9280.04366940507,114331.86977837476,14899.953920882866,10518.598526184376,20392.840182942047,21033.10551175149,38436.284503566734,30596.451000173358,40728.59559595063,60690.56232173004,50549.608462650765,74133.42151000096,59987.53529681887,61009.63188685982,80866.31478151995,68975.2515316207,54918.50531350436,85819.45208789043,76818.82184845,88.30777998650429,84773.33253283238,37144.72935957346,1933.763665436081,53852.0,53852.0,11632276910.0,23264553428.0,34896829562.0
ID110_DCHA_aug3_040,150.0,150.0,438640459075.0,54011.0,54006.5,54002.0,54051.0,54026.5,54002.0,54006.0,54004.0,54002.0,158134466567515.5,158134458456040.5,158134450344565.5,92372.87863644285,28325.329419857586,88921.42357822089,99081.03105131177,86514.32544074532,105100.19902946313,110022.38017127392,9305.89358094867,114650.50319881749,14941.532769078385,10548.113212726403,20449.669555159468,21091.906882784217,38543.371244474714,30681.889135335536,40842.25434039588,60859.631691464296,50690.62066233079,74339.97931687272,60154.833391413136,61179.583580733466,81091.62263356979,69167.58101107005,55071.487555218504,86058.55228355058,77032.99533031177,88.55375877449217,85009.65862609833,37248.1990662703,1939.1344161153222,54002.0,54002.0,11697078710.0,23394157028.0,35091234962.0
ID110_DCHA_aug3_073,150.0,150.0,521911358575.0,58921.0,58916.5,58912.0,58961.0,58936.5,58912.0,58916.0,58914.0,58912.0,205238374692130.5,205238365844155.5,205238356996180.5,100777.95897504024,30900.884964132223,97007.82372842079,108095.8781258915,94381.716327303,114662.15732076425,120031.69869826277,10152.047352142665,125080.4371612753,16302.54706668597,11514.227285535117,22309.884339077336,23016.67176122625,42048.67723019536,33478.56409294382,44562.68390861089,66393.83572743482,55306.419998537116,81101.30486181384,65631.05768781401,66742.66902686423,88466.69965733467,75463.16597167085,60079.10626732586,93885.09868815939,84043.60730329202,96.60546443388381,92745.39941227355,40635.10746548171,2114.936997342743,58912.0,58912.0,13917636030.0,27835271668.0,41752906922.0
ID110_IZDA,146.0,146.0,44064650275.0,17074.0,17069.5,17065.0,17114.0,17089.5,17065.0,17069.0,17067.0,17065.0,5035035521932.5,5035032951007.5,5035030380082.5,29143.051250131968,8949.912894628113,28088.966888215724,31264.04400574257,27329.433958706995,33167.39792849017,34724.17275143886,2940.4390297080045,36188.08552645284,4702.879997035741,3280.2200340485692,6455.626077853021,6612.265270758173,12173.618251691743,9643.033145678659,12854.167382938618,19226.86295895073,15966.836531691284,23475.80790068524,18958.235257778564,19329.545469994486,25610.315092471497,21807.08779523926,17400.1204739332,27180.926102887406,24293.489333174766,27.982302167191552,26815.14591347378,11769.128691184858,616.6066591882338,17065.0,17065.0,1175057142.0,2350113892.0,3525170258.0
ID110_IZDA_aug3_018,150.0,150.0,387225832075.0,50743.0,50738.5,50734.0,50783.0,50758.5,50734.0,50738.0,50736.0,50734.0,131162607495349.52,131162599874074.5,131162592252799.5,86778.62149865468,26611.090006682396,83539.27374301663,93080.92509617438,81277.9438893658,98735.94654555884,103360.37346125327,8742.710174785369,107708.5430787955,14035.668263053674,9905.086575265283,19211.546965781905,19810.82101256958,36210.30811589338,28820.47696395716,38366.00916138994,57176.17368951895,47618.43487196011,69839.77323115624,56509.96557051064,57476.902676873004,76182.91556357798,64977.3627521593,51738.514449074406,80849.35602076723,72366.86907212567,83.19470091401651,79860.90080751834,34993.93905636753,1822.123665597558,50734.0,50734.0,10326021990.0,20652043588.0,30978064802.0
ID110_IZDA_aug3_058,150.0,150.0,482939954575.0,56676.0,56671.5,56667.0,56716.0,56691.5,56667.0,56671.0,56669.0,56667.0,182685120476725.5,182685111965500.5,182685103454275.5,96934.90289354298,29723.26333543641,93310.47783489735,103974.01831276837,90784.50807061796,110290.14176802155,115455.13656117748,9765.160342706738,120311.55696866362,15680.250305356163,11072.490810289231,21459.338068222864,22136.611241450268,40445.94567460615,32199.840003364487,42861.59136672793,63863.43082707764,53195.93740998723,78009.82301896389,63127.162872046436,64199.058675221866,85094.59213832198,72584.63476259721,57789.47204967187,90306.565759779,80838.1441914105,92.92398190735663,89208.38554975492,39086.51085525165,2034.5547560067898,56667.0,56667.0,12878398590.0,25756796788.0,38635194602.0
ID110_IZDA_aug3_069,150.0,150.0,511347788575.0,58321.0,58316.5,58312.0,58361.0,58336.5,58312.0,58316.0,58314.0,58312.0,199038927899230.5,199038919141255.5,199038910383280.5,99750.86158132282,30586.153125728015,96019.66892391532,106994.26748541306,93420.3243656054,113493.6899124582,118808.56405138,10048.647705968231,123805.90347950907,16136.231673902968,11396.16853936597,22082.566850207662,22781.466277100037,41620.33026656346,33136.81155229929,44108.04893082417,65717.55824849749,54742.37119981546,80275.07363432572,64961.86530943487,66062.8622513694,87565.46824913495,74693.84805387812,59467.177300469535,92928.69790551953,83186.91337584027,95.6215492820558,91800.09503921757,40221.22863869416,2093.4539926624393,58312.0,58312.0,13635940830.0,27271881268.0,40907821322.0
ID111_DCHA,74.0,74.0,44839302775.0,17224.0,17219.5,17215.0,17264.0,17239.5,17215.0,17219.0,17217.0,17215.0,5168389741507.5,5168387148082.5,5168384554657.5,29399.825598561194,9028.595854229143,28336.005589342112,31539.44666586296,27569.78194913121,33459.514780566555,35029.95641315891,2966.288941251604,36506.71894689453,4744.458845231446,3309.7347205905953,6512.45545007044,6671.0666417898565,12280.704992599833,9728.471280840313,12967.826127384908,19395.93232868508,16107.848731371567,23682.365707557317,19125.533352373615,19499.49716386815,25835.62294452147,21999.417274686533,17553.10271564728,27420.026298547415,24507.662815038355,28.228280955153718,27051.472006737902,11872.598397881779,621.9773814751305,17215.0,17215.0,1195714542.0,2391428692.0,3587142458.0
ID111_IZDA,133.0,133.0,45620705275.0,17374.0,17369.5,17365.0,17414.0,17389.5,17365.0,17369.0,17367.0,17365.0,5304078043582.5,5304075427657.5,5304072811732.5,29656.599946990813,9107.278813830222,28583.04429046832,31814.84932598231,27810.129939555703,33751.63163264307,35335.74007487986,2992.1388527952045,36825.35236733622,4786.037693427334,3339.249407132622,6569.284822287923,6729.86801282128,12387.791733507742,9813.909416001186,13081.48487183172,19565.001698419415,16248.86093105211,23888.923514428938,19292.831446968143,19669.44885774177,26060.930796571356,22191.746754134845,17706.084957361385,27659.1264942077,24721.8362969009,28.474259743123586,27287.798100002026,11976.068104578655,627.3481043067144,17365.0,17365.0,1216551942.0,2433103492.0,3649654658.0
ID111_IZDA_aug3_023,146.0,146.0,398742119575.0,51493.0,51488.5,51484.0,51533.0,51508.5,51484.0,51488.0,51486.0,51484.0,137057156082724.48,137057148348949.5,137057140615174.5,88062.49324080342,27004.504804687676,84774.46724864817,94457.93839677113,82479.68384148716,100196.53080594205,104889.2917698557,8871.959732503365,109301.71018100342,14243.56250403238,10052.660007974893,19495.693826869192,20104.827867729036,36745.74182043312,29247.667639762305,38934.30288362244,58021.52053819062,48323.49587036231,70872.56226551595,57346.456043483544,58326.661146241204,77309.45482382643,65939.01014940036,52503.42565764477,82044.8569990685,73437.7364814397,84.42459485382213,81042.53127383921,35511.28758985197,1848.9774171814224,51484.0,51484.0,10633122990.0,21266245588.0,31899367802.0
ID111_IZDA_aug3_027,141.0,141.0,408076649575.0,52093.0,52088.5,52084.0,52133.0,52108.5,52084.0,52088.0,52086.0,52084.0,141897960607624.5,141897952783849.5,141897944960074.5,89089.59063452188,27319.23664309195,85762.62205315298,95559.54903725062,83441.0758031855,101364.99821424705,106112.42641673796,8975.359378677853,110576.24386277018,14409.877896815196,10170.718754142477,19723.011315738997,20340.03335185681,37174.08878406495,29589.42018040736,39388.93786140813,58697.79801712803,48887.54466908293,71698.79349300372,58015.64842186322,59006.46792173581,78210.68623202633,66708.32806719257,53115.3546245012,83001.25778170873,74294.43040889248,85.4085100057016,81987.83564689466,35925.16641663952,1870.4604188174887,52084.0,52084.0,10882043790.0,21764087188.0,32646130202.0
ID111_IZDA_aug3_052,146.0,146.0,467925544675.0,55787.0,55782.5,55778.0,55827.0,55802.5,55778.0,55782.0,55780.0,55778.0,174232277619427.5,174232269241552.5,174232260863677.5,95413.08692185103,29256.93566153407,91846.3617995562,102341.79854712565,89360.04564736933,108558.86255804826,113642.85872604656,9611.956533624949,118423.12289684587,15433.826331716296,10897.567101382992,21122.52932221414,21788.11511580158,39811.278256824975,31693.476655643564,42187.97387464163,62861.41302911876,52360.20510654843,76785.6237502363,62135.642831414116,63191.811636197315,83759.26760183983,71444.76204773596,56882.79729711311,88889.49860016715,79568.80935556858,91.46614762399871,87807.75957034387,38473.2803935615,2002.7241054657493,55778.0,55778.0,12478014326.0,24956028260.0,37434041810.0
ID111_IZDA_aug3_064,141.0,141.0,498295201075.0,57571.0,57566.5,57562.0,57611.0,57586.5,57562.0,57566.0,57564.0,57562.0,191466816526855.5,191466807881380.5,191466799235905.5,98466.98983917356,30192.73832772272,94784.47541828462,105617.25418481474,92218.5844134833,112033.10565207707,117279.64574277705,9919.398148250282,122212.73637730011,15928.33743292408,11248.59510665584,21798.419989120306,22487.459421940057,41084.89656202378,32709.620876493624,43539.75520859219,64872.21139982588,54037.3102014143,79242.2845999662,64125.37483646041,65213.10378200139,86438.92898888595,73732.2006566381,58702.26609189917,91733.19692721825,82116.04596652574,94.39165534222956,90618.46457289722,39703.88010520973,2066.600237129406,57562.0,57562.0,13287871830.0,26575743268.0,39863614322.0
ID111_IZDA_aug3_065,136.0,134.0,500892218575.0,57721.0,57716.5,57712.0,57761.0,57736.5,57712.0,57716.0,57714.0,57712.0,192965595946330.5,192965587278355.5,192965578610380.5,98723.76418760332,30271.421287323774,95031.51411941068,105892.65684493461,92458.9324039079,112325.2225041537,117585.42940449723,9945.248059793836,122531.36979774233,15969.916281119968,11278.109793197866,21855.249361337792,22546.26079297174,41191.983302931694,32795.0590116558,43653.41395303848,65041.280769559875,54178.32240109381,79448.84240683795,64292.67293105624,65383.05547587511,86664.23684093615,73924.53013608589,58855.24833361324,91972.29712287858,82330.21944838854,94.6376341301763,90854.79066616108,39807.34981190666,2071.9709882073753,57712.0,57712.0,13357125630.0,26714250868.0,40071375722.0
ID112_DCHA,87.0,87.0,46408857775.0,17524.0,17519.5,17515.0,17564.0,17539.5,17515.0,17519.0,17517.0,17515.0,5442120678157.5,5442118039732.5,5442115401307.5,29913.37429542056,9185.961773431263,28830.08299159443,32090.251986102314,28050.477929980105,34043.74848471893,35641.52373660042,3017.988764338807,37143.98578777817,4827.616541622946,3368.7640936749085,6626.114194505472,6788.669383854004,12494.878474415555,9899.34755116258,13195.14361627801,19734.07106815374,16389.873130731874,24095.48132130088,19460.12954156319,19839.400551615454,26286.238648621333,22384.076233583684,17859.067199075434,27898.226689867526,24936.009778762924,28.720238531085755,27524.124193266147,12079.537811275542,632.7188276690684,17515.0,17515.0,1237569342.0,2475138292.0,3712706858.0
ID112_IZDA,59.0,59.0,47203760275.0,17674.0,17669.5,17665.0,17714.0,17689.5,17665.0,17669.0,17667.0,17665.0,5582537895232.5,5582535234307.5,5582532573382.5,30170.148643850305,9264.644733032339,29077.12169272068,32365.654646221272,28290.82592040464,34335.86533679584,35947.30739832098,3043.8386758824163,37462.619208219854,4869.195389818742,3398.2787802166745,6682.943566722858,6847.470754885428,12601.96521532366,9984.785686323454,13308.802360724041,19903.140437888058,16530.8853304132,24302.039128172775,19627.427636157456,20009.352245489088,26511.546500671124,22576.405713031738,18012.04944078945,28137.326885527902,25150.18326062625,28.96621731905047,27760.45028653001,12183.007517972394,638.0895515486352,17665.0,17665.0,1258766742.0,2517533092.0,3776299058.0
ID114_DCHA,96.0,96.0,48005412775.0,17824.0,17819.5,17815.0,17864.0,17839.5,17815.0,17819.0,17817.0,17815.0,5725349944807.5,5725347261382.5,5725344577957.5,30426.92299227979,9343.327692633397,29324.160393847116,32641.057306341274,28531.173910828766,34627.98218887196,36253.09106004207,3069.6885874260115,37781.25262866154,4910.774238014538,3427.7934667587006,6739.772938940277,6906.272125917111,12709.05195623157,10070.223821485108,13422.461105170592,20072.209807622425,16671.89753009322,24508.596935044807,19794.725730752503,20179.303939362675,26736.854352720868,22768.73519247979,18165.031682503606,28376.427081188,25364.35674248932,29.21219610701522,27996.77637979387,12286.477224669301,643.4602759324321,17815.0,17815.0,1280144142.0,2560287892.0,3840431258.0
ID114_IZDA,135.0,135.0,48485698279.0,17974.108333333334,17969.55416666667,17965.0,18014.166666666668,17989.583333333332,17965.0,17969.060215053763,17967.030107526884,17965.0,5870087621958.0,5870084934147.0,5870082246336.0,30683.697345327742,9422.010652234467,29571.199094973366,32916.45997293538,28771.521901253167,34920.09905000462,36558.874734392215,3095.538498969616,38099.88606510543,4952.3530862102425,3457.3081535074148,6796.602311157662,6965.07349724529,12816.138697139577,10155.661957070812,13536.119850168747,20241.27917735673,16812.909730614054,24715.154741916795,19962.023826541867,20349.255633236393,26962.162204770615,22961.06467362066,18318.013924217637,28615.527276848148,25578.530226744657,29.458174894982502,28233.10247612786,12389.946931366172,654.6700106234664,17965.0,17965.0,1301629286.6666667,2603258184.0,3904886700.0
ID114_IZDA_aug2_036,149.0,149.0,284570131446.0,43637.10833333334,43632.55416666667,43628.0,43677.166666666664,43652.583333333336,43628.0,43632.06021505377,43630.03010752688,43628.0,83465147698910.0,83465141187312.0,83465134675714.0,74614.3647102074,22883.615933848112,71836.22700832858,80034.1830930947,69891.85842299422,84897.39756174546,88874.38215719728,7518.113698593065,92613.8158797417,12065.939627860394,8506.87749198075,16519.350172600633,17025.204062937017,31137.252243280043,24772.987708614255,32981.61557581341,49166.79408063786,40938.216934463664,60054.441393610505,48584.497172130454,49425.724432432035,65509.331585803346,55866.074216529116,44491.23571827308,69522.38275169343,62220.757330454486,71.54186579876057,68665.34602337539,30092.234151113746,1581.8687939271706,43628.0,43628.0,7639466418.666667,15278932448.0,22918398096.0
ID114_IZDA_aug2_043,148.0,149.0,298262080719.0,44676.10833333334,44671.55416666667,44667.0,44716.166666666664,44691.583333333336,44667.0,44671.06021505377,44669.03010752688,44667.0,89560855207162.0,89560848540753.0,89560841874344.0,76392.95503059567,23428.626567351475,73547.38174479626,81941.80551922694,71556.66883666725,86920.79362431445,90992.44365477256,7697.1674192183955,94820.88337292057,12353.94244969615,8711.315887440469,16912.98829082671,17432.501559635613,31879.006401969193,25364.78919152078,33768.89181237672,50337.88124833093,41914.961437632475,61485.19846921023,49743.31530742473,50602.923165330176,67069.96397433533,57198.27641093655,45550.892712545894,71178.55010696615,63704.265648295615,73.24567887008583,70302.29809622731,30808.934319500895,1619.4076937484792,44667.0,44667.0,8007035526.666667,16014070664.0,24021105420.0
ID115_DCHA,108.0,108.0,49623511075.0,18123.0,18118.5,18114.0,18163.0,18138.5,18114.0,18118.0,18116.0,18114.0,6017247016819.5,6017244288544.5,6017241560269.5,30938.7598601496,9500.169058771504,29816.59087142548,33190.02660884577,29010.267571741366,35210.268447344664,36862.61982573781,3121.2160777696163,38416.39524674214,4993.654742084666,3486.6260752658513,6853.052820893726,7023.482858840988,12922.511526441476,10240.530504239687,13649.02086910079,20409.2214179595,16952.981848123018,24920.33549674283,20128.206599311026,20518.07431581748,27185.968004473605,23152.11195484631,18469.9762843203,28853.033471204053,25791.275883002454,29.702513824360548,28467.853059033838,12492.726840018408,654.165921325389,18114.0,18114.0,1323293430.0,2646586468.0,3969879122.0
ID115_DCHA_aug2_035,109.0,109.0,284523319675.0,43487.0,43482.5,43478.0,43527.0,43502.5,43478.0,43482.0,43480.0,43478.0,82611502649377.5,82611496116502.5,82611489583627.5,74357.59035061754,22804.932974247007,71589.18830720251,79758.78041732589,69651.51043256954,84605.28068778277,88568.5984649539,7492.263787049441,92295.18242062902,12024.36077966469,8477.362804939445,16462.520800383212,16966.402691188956,31030.165502372067,24687.549572427488,32867.956830032235,48997.72471090347,40797.204732753205,59847.883586738564,48417.19907464724,49255.77273855848,65284.02373375351,55673.744732990766,44338.25347655899,69283.28255603347,62006.58384280962,71.29588701079322,68429.01992269262,29988.764444416975,1562.3226019852013,43478.0,43478.0,7587288326.0,15174576260.0,22761863810.0
ID115_DCHA_aug2_062,112.0,112.0,339400339675.0,47502.0,47497.5,47493.0,47542.0,47517.5,47493.0,47497.0,47495.0,47493.0,107629675618342.5,107629668483217.5,107629661348092.5,81230.58374358382,24911.013526235445,78201.5908740156,87130.3916198582,76084.82497626214,92424.2750950284,96753.40781034317,8184.179752699905,100823.93697445086,13137.287949704172,9267.37258138051,17983.653663403507,18540.319389141197,33896.52060067521,26974.443656907686,35910.22255638351,53523.14817412577,44571.63127753142,65376.74755067739,52895.21140663259,53804.813077909654,71314.76390695425,60821.76379955172,48433.078146439075,75683.19779320358,67739.29404067413,77.8799192353634,74754.68168572709,32758.303593670167,1706.079660218035,47493.0,47493.0,9050675526.0,18101350660.0,27152025410.0
ID115_IZDA,101.0,101.0,50445368575.0,18273.0,18268.5,18264.0,18313.0,18288.5,18264.0,18268.0,18266.0,18264.0,6167348626294.5,6167345875519.5,6167343124744.5,31195.534208579345,9578.852018372587,30063.629572551683,33465.42926896538,29250.61556216581,35502.38529942105,37168.403487458636,3147.0659893131915,38735.02866718344,5035.233590280371,3516.140761808138,6909.882193111177,7082.284229872412,13029.598267349418,10325.96863940056,13762.679613547081,20578.290787693837,17093.994047803302,25126.893303614725,20295.504693905554,20688.0260096912,27411.275856523353,23344.441434294364,18622.958526034345,29092.133666864243,26005.44936486604,29.94849261233039,28704.1791522977,12596.196546715308,659.5366471447595,18264.0,18264.0,1345209630.0,2690418868.0,4035627722.0
ID115_IZDA_aug2_003,102.0,102.0,225880305775.0,38740.0,38735.5,38731.0,38780.0,38755.5,38731.0,38735.0,38733.0,38731.0,58436127731677.5,58436121910852.5,58436116090027.5,66231.53813731266,20314.87957940542,63771.23687889331,71043.20423340888,62045.297695605615,75360.75604240525,78891.5648503682,6674.200253066168,82211.49677505084,10708.528830429728,7543.32135817404,14664.06060094152,15105.535302600034,27641.227108438026,21983.717388359506,29271.036430784414,43647.24272337763,36334.63865353237,53311.01752526523,43122.7720410407,43877.368133103766,58153.78124254986,49587.15780672299,39496.875467114245,61716.5583640416,55228.70705345463,63.51147830096759,60950.086824531,26714.293126482873,1392.3563190398602,38731.0,38731.0,6023474622.0,12046948852.0,18070422698.0
ID115_IZDA_aug2_017,105.0,105.0,250842032575.0,40828.0,40823.5,40819.0,40868.0,40843.5,40819.0,40823.0,40821.0,40819.0,68385538270489.5,68385532136464.49,68385526002439.5,69805.83706745447,21410.146377052206,67210.01559857088,74876.80926227296,65390.94172231301,79427.02262330863,83148.0734215185,7034.0310217531205,86646.87398759904,11287.306397314409,7954.165794839066,15455.125462208402,15924.050387363484,29131.874541876892,23173.01622980311,30853.166153479182,46000.68835007962,38297.52847308294,56186.302196922275,45451.56151779871,46243.09571182509,61290.06654308368,52264.38416064065,41626.38827177407,65044.833087630606,58210.001920987306,66.93550302946439,64239.746042765706,28154.59144370349,1467.1171311382177,40819.0,40819.0,6689120670.0,13378240948.0,20067360842.0
ID116_DCHA,59.0,59.0,50584843262.0,18423.216666666664,18418.608333333334,18414.0,18463.333333333332,18438.666666666668,18414.0,18418.120430107527,18416.060215053763,18414.0,6318897791700.0,6318895055550.0,6318892319400.0,31452.308568377204,9657.534977973637,30310.66827367798,33740.83194500076,29490.963552590303,35794.502173719404,37474.187178520195,3172.9159008568063,39053.66212837719,5076.812438476259,3545.655448865062,6966.711565328661,7141.085601643123,13136.68500825736,10411.406775562335,13876.338359420404,20747.360157428175,17235.00624956947,25333.45111048676,20462.802791458795,20857.97770356482,27636.583708573096,23536.770917928767,18775.940767748434,29331.23386252439,26219.622852326087,30.19447140030286,28940.505253439922,12699.666253412179,673.7827203666942,18414.0,18414.0,1367157730.0,2734315073.3333335,4101472038.0
ID116_IZDA,57.0,57.0,51748049554.0,18571.108333333334,18566.55416666667,18562.0,18611.166666666668,18586.583333333332,18562.0,18566.060215053763,18564.030107526884,18562.0,6472392696492.0,6472389919728.0,6472387142964.0,31705.6592522297,9735.168831446674,30554.413125455816,34012.562560425446,29728.10690314226,36082.72412156658,37775.89370845703,3198.4211469131715,39368.047078990196,5117.836902029403,3574.776605950802,7022.783212583174,7199.102953962407,13242.343925953313,10495.705735026597,13988.481653083934,20914.17526889938,17374.138285370213,25537.254813266933,20627.87024306794,21025.66337485347,27858.88745592915,23726.536001879547,18926.88324623967,29567.146055575588,26430.940684637844,30.437170471086493,29173.680327419992,12801.756364019811,676.239431681194,18562.0,18562.0,1389209186.6666667,2778417984.0,4167626400.0
ID117_DCHA,66.0,66.0,52934532775.0,18720.0,18715.5,18711.0,18760.0,18735.5,18711.0,18715.0,18713.0,18711.0,6629412060967.5,6629409243142.5,6629406425317.5,31960.721766899533,9813.327237983747,30799.80490190811,34286.1291961216,29966.85257363046,36372.89351860922,38079.63879938586,3224.0987257131324,39684.556260099904,5159.138557903734,3604.0945277027304,7079.233722319204,7257.512315547693,13348.716755255115,10580.574282180894,14101.382671998017,21082.117509502117,17514.210402851062,25742.435568093155,20794.053015797792,21194.482057434605,28082.693255631864,23917.58328305001,19078.845606342322,29804.652249931445,26643.686340817025,30.681509400464535,29408.430910224444,12904.53627267203,675.5414127494936,18711.0,18711.0,1411587342.0,2823174292.0,4234760858.0
ID117_IZDA,63.0,63.0,53783255275.0,18870.0,18865.5,18861.0,18910.0,18885.5,18861.0,18865.0,18863.0,18861.0,6789487033042.5,6789484192717.5,6789481352392.5,32217.49611532902,9892.010197584797,31046.84360303395,34561.53185624147,30207.200564054998,36665.01037068508,38385.422461107206,3249.948637256743,40003.18968054081,5200.717406099438,3633.609214244757,7136.06309453672,7316.313686579116,13455.803496163122,10666.012417342288,14215.041416444308,21251.186879236488,17655.222602531605,25948.99337496482,20961.35111039284,21364.43375130829,28308.001107681885,24109.912762497544,19231.827848056397,30043.7524455915,26857.859822680093,30.92748818842925,29644.757003488827,13008.005979368909,680.9121403207989,18861.0,18861.0,1434219942.0,2868439492.0,4302658658.0
ID117_IZDA_aug2_001,96.0,97.0,222401310775.0,38440.0,38435.5,38431.0,38480.0,38455.5,38431.0,38435.0,38433.0,38431.0,57091296427027.5,57091290651202.5,57091284875377.5,65717.98944045264,20157.513660203327,63277.159476640714,70492.39891317122,61564.60171475691,74776.52233825196,78279.9975269268,6622.500429978959,81574.22993416694,10625.371134038136,7484.291985090508,14550.401856506618,14987.932560536146,27427.053626622142,21812.84111803724,29043.71894189131,43309.10398390912,36052.6142541718,52897.901911521716,42788.1758518506,43537.46474535659,57703.165538450005,49202.498847826886,39190.91098368603,61238.35797272094,54800.36008972953,63.01952072506384,60477.43463800223,26507.353713089065,1381.6148237793927,38431.0,38431.0,5930701422.0,11861402452.0,17792103098.0
ID117_IZDA_aug2_053,119.0,119.0,320478207175.0,46157.0,46152.5,46148.0,46197.0,46172.5,46148.0,46152.0,46150.0,46148.0,98755525934272.5,98755519000897.5,98755512067522.5,78928.17375266661,24205.489655145902,75986.47718725032,84660.94776745273,73929.7046621234,89804.96065474348,94011.54764357995,7952.392212525589,97966.85730449138,12764.46427754896,9002.724225387303,17474.083625853746,18013.067095555834,32936.309490533786,26208.348378295665,34891.0824811809,52007.15949217463,43307.22188706324,63524.612549059086,51395.10515843477,52280.9128895094,69294.50350024077,59097.209467165885,47061.3373790696,73539.26603878409,65818.87181997047,75.67430943658857,72635.62438279165,31830.525223621516,1657.9219384990467,46148.0,46148.0,8546085326.0,17092170260.0,25638254810.0
ID118_DCHA,74.0,74.0,54638727775.0,19020.0,19015.5,19011.0,19060.0,19035.5,19011.0,19015.0,19013.0,19011.0,6952118297617.5,6952115434792.5,6952112571967.5,32474.27046375903,9970.693157185855,31293.88230416034,34836.93451636082,30447.54855447963,36957.12722276172,38691.206122827374,3275.7985488003633,40321.82310098328,5242.296254295327,3663.1239007862623,7192.892466754041,7375.11505761132,13562.890237071066,10751.450552503682,14328.70016089086,21420.25624897084,17796.234802211628,26155.55118183685,21128.64920498763,21534.385445181928,28533.308959731632,24302.2422419456,19384.810089770453,30282.852641251924,27072.0333045429,31.173466976399133,29881.08309675269,13111.475686065789,686.2828683065146,19011.0,19011.0,1457032542.0,2914064692.0,4371096458.0
ID118_IZDA,98.0,98.0,55500950275.0,19170.0,19165.5,19161.0,19210.0,19185.5,19161.0,19165.0,19163.0,19161.0,7117326104692.5,7117323219367.5,7117320334042.5,32731.044812188255,10049.376116786918,31540.92100528659,35112.33717648043,30687.896544903615,37249.24407483784,38996.98978454833,3301.6484603439444,40640.45652142471,5283.875102491031,3692.638587328549,7249.72183897146,7433.916428643263,13669.976977979104,10836.888687664294,14442.35890533715,21589.32561870514,17937.247001892432,26362.108988708886,21295.947299582156,21704.337139055548,28758.616811781285,24494.571721393917,19537.792331484576,30521.952836911885,27286.206786406226,31.419445764368994,30117.40919001681,13214.94539276267,691.6535966969241,19161.0,19161.0,1480025142.0,2960049892.0,4440074258.0
ID119_DCHA,148.0,148.0,56369922775.0,19320.0,19315.5,19311.0,19360.0,19335.5,19311.0,19315.0,19313.0,19311.0,7285130704267.5,7285127796442.5,7285124888617.5,32987.81916061826,10128.059076387988,31787.959706413163,35387.73983660004,30928.244535328013,37541.36092691397,39302.77344626928,3327.498371887543,40959.0899418664,5325.453950686735,3722.153273870575,7306.551211189008,7492.717799674687,13777.063718886917,10922.326822825948,14556.017649783702,21758.39498843951,18078.25920157298,26568.666795580735,21463.24539417694,21874.28883292918,28983.924663831214,24686.901200841712,19690.774573198607,30761.053032572032,27500.38026826877,31.665424552326005,30353.735283280934,13318.415099459568,697.024325482596,19311.0,19311.0,1503197742.0,3006395092.0,4509592058.0
ID119_DCHA_aug3_046,150.0,150.0,453049302175.0,54892.0,54887.5,54883.0,54932.0,54907.5,54883.0,54887.0,54885.0,54883.0,165989911333057.5,165989903089432.5,165989894845807.5,93880.9999762215,28787.46066924778,90372.36421616883,100698.56267507927,87925.96930450406,106815.89867399173,111818.34954444646,9457.71872808145,116521.94348821197,15185.739204148013,10721.462805016385,20783.447401316764,21437.266935310225,39172.32736940734,31183.695782515468,41509.810032778936,61852.632456370586,51518.832315120315,75553.16216923343,61137.430866999624,62177.76652941805,82414.93075127623,70297.19615369404,55970.003254885814,87462.86743272792,78290.90758045386,89.99847418913602,86397.68054720158,37855.91114360338,1970.6786254578035,54883.0,54883.0,12081314526.0,24162628660.0,36243942410.0
ID119_DCHA_aug3_062,150.0,150.0,493121416075.0,57271.0,57266.5,57262.0,57311.0,57286.5,57262.0,57266.0,57264.0,57262.0,188492580220405.5,188492571619930.5,188492563019455.5,97953.4411423146,30035.372408520627,94290.39801603185,105066.44886457657,91737.88843263543,111448.87194792429,116668.07841933514,9867.698325162943,121575.46953641674,15845.179736532487,11189.565733572828,21684.761244685404,22369.85667987669,40870.72308020777,32538.744606171356,43312.43771970013,64534.07266035724,53755.28580205061,78829.16898622287,63790.7786472724,64873.20039425408,85988.31328478627,73347.54169774198,58396.30160847102,91254.99653589759,81687.69900280012,93.89969776627436,90145.81238636846,39496.94069181592,2055.8587350180733,57262.0,57262.0,13149904230.0,26299808068.0,39449711522.0
ID119_IZDA,150.0,150.0,57245645275.0,19470.0,19465.5,19461.0,19510.0,19485.5,19461.0,19465.0,19463.0,19461.0,7455552346342.5,7455549416017.5,7455546485692.5,33244.59350904774,10206.742035989055,32034.99840753923,35663.142496719396,31168.592525752276,37833.477778990615,39608.55710798972,3353.348283431159,41277.72336230808,5367.032798882531,3751.667960412341,7363.38058340646,7551.519170706631,13884.150459794924,11007.764957986821,14669.676394229991,21927.464358173816,18219.27140125352,26775.224602452676,21630.54348877173,22044.240526802867,29209.232515881053,24879.230680289766,19843.756814912682,31000.153228232088,27714.55375013184,31.911403340295884,30590.061376545054,13421.884806156431,702.3950546544179,19461.0,19461.0,1526550342.0,3053100292.0,4579649858.0
ID119_IZDA_aug3_010,150.0,150.0,369776103775.0,49585.0,49580.5,49576.0,49625.0,49600.5,49576.0,49580.0,49578.0,49576.0,122397301670062.48,122397294222487.5,122397286774912.5,84796.32352877824,26003.65755856221,81632.13497032202,90954.81656005152,79422.45740328931,96480.80444752846,100999.72359277097,8543.148857668755,105248.69307298388,13714.679554982176,9677.233195160507,18772.824212263255,19356.874428204337,35383.598476083665,28160.894560512064,37488.56365426323,55870.95815516998,46529.82069042684,68245.14696210527,55218.42428023949,56164.87560016846,74443.53894575255,63492.579170820885,50557.49154304176,79003.50251027141,70713.44979214417,81.29574467088295,78036.46336751936,34195.152920667584,1780.6614742102347,49576.0,49576.0,9860695902.0,19721391412.0,29582086538.0
ID119_IZDA_aug3_019,150.0,150.0,389515589575.0,50893.0,50888.5,50884.0,50933.0,50908.5,50884.0,50888.0,50886.0,50884.0,132327717917824.48,132327710274049.5,132327702630274.5,87035.39584708495,26689.772966283497,83786.31244414298,93356.32775629373,81518.29187979002,99028.063397636,103666.15712297293,8768.56008632898,108027.17649923667,14077.247111249379,9934.601261806789,19268.376337999453,19869.622383601785,36317.39485680109,28905.915099117774,38479.667905836235,57345.24305925328,47759.44707163962,70046.33103802781,56677.26366510595,57646.854370746594,76408.22341562762,65169.692231607616,51891.49669078865,81088.45621642737,72581.04255398847,83.4406797019941,80097.22690078271,35097.40876306442,1827.4944158725323,50884.0,50884.0,10387082190.0,20774163988.0,31161245402.0
ID119_IZDA_aug3_033,150.0,150.0,422026302175.0,52977.0,52972.5,52968.0,53017.0,52992.5,52968.0,52972.0,52970.0,52968.0,149235725164942.5,149235717208567.5,149235709252192.5,90602.84746126801,27782.94155167424,87218.50346512417,97182.58871422205,84857.52662675243,103086.54019581547,107914.51146314689,9127.701524041471,112454.05682057221,14654.91590884894,10344.658640163167,20057.925749340782,20686.569431804674,37805.186643815716,30092.9355902901,40058.76672867938,59694.18016942877,49718.57656586711,72916.10750150234,59001.591859340784,60008.049904297746,79538.50050677323,67841.78979940742,54016.92996900284,84410.35493479931,75556.62612866968,86.85814499609783,83380.58408986378,36534.94788810642,1902.1120418005867,52968.0,52968.0,11254034526.0,22508068660.0,33762102410.0
ID119_IZDA_aug3_037,150.0,150.0,431627952175.0,53577.0,53572.5,53568.0,53617.0,53592.5,53568.0,53572.0,53570.0,53568.0,154357542601042.5,154357534554667.5,154357526508292.5,91629.94485498544,28097.673390078424,88206.65826962872,98284.19935469893,85818.91858845021,104255.00760412255,109137.64611002967,9231.101170215858,113728.59050233896,14821.23130163194,10462.71738633075,20285.243238210198,20921.774915931408,38233.53360744768,30434.688130935676,40513.401706464545,60370.45764836625,50282.62536458928,73742.33872898991,59670.78423771889,60687.85667979242,80439.73191497277,68611.10771719964,54628.85893585901,85366.75571744045,76413.32005612194,87.84206014795673,84325.88846292131,36948.82671489406,1923.5950441988837,53568.0,53568.0,11510078526.0,23020156660.0,34530234410.0
ID119_IZDA_aug3_074,150.0,150.0,524569126075.0,59071.0,59066.5,59062.0,59111.0,59086.5,59062.0,59066.0,59064.0,59062.0,206808093709105.5,206808084838630.5,206808075968155.5,101034.73332346947,30979.56792373331,97254.86242954676,108371.28078601137,94622.06431772777,114954.27417284089,120337.48235998243,10177.897263686302,125399.07058171752,16344.125914881673,11543.7419720761,22366.713711294884,23075.473132258976,42155.7639711034,33564.00222810496,44676.342653057705,66562.90509716909,55447.43219821714,81307.86266868579,65798.3557824088,66912.62072073789,88692.00750938432,75655.49545111813,60232.08850903993,94124.19888381971,84257.78078515535,96.8514432218717,92981.72550553792,40738.5771721786,2120.3077485472704,59062.0,59062.0,13988509830.0,27977019268.0,41965528322.0
ID11_DCHA,71.0,71.0,41781192775.0,16624.0,16619.5,16615.0,16664.0,16639.5,16615.0,16619.0,16617.0,16615.0,4648774858207.5,4648772354782.5,4648769851357.5,28372.7282048426,8713.864015824913,27347.850784836923,30437.836025384906,26608.389987433613,32291.047372260506,33806.82176627692,2862.8892950771824,35232.18526512778,4578.143452448445,3191.675974423011,6285.137961200602,6435.861157662342,11852.358028967965,9386.71874019552,12513.191149598964,18719.654849747752,15543.799932649652,22856.134480069413,18456.340973994724,18819.69038837358,24934.39153632235,21230.09935689457,16941.173748790963,26463.625515906737,23650.96888758609,27.244365803294805,26106.167633681805,11458.719571094212,600.4944957430253,16615.0,16615.0,1114164942.0,2228329492.0,3342493658.0
ID11_IZDA,59.0,59.0,42535595275.0,16774.0,16769.5,16765.0,16814.0,16789.5,16765.0,16769.0,16767.0,16765.0,4775248330282.5,4775245804357.5,4775243278432.5,28629.502553272734,8792.546975425956,27594.88948596313,30713.238685504,26848.73797785815,32583.16422433702,34112.60542799748,2888.739206620793,35550.8186855696,4619.722300644241,3221.190660964777,6341.967333418053,6494.662528694025,11959.444769875907,9472.156875356914,12626.849894045254,18888.724219482086,15684.812132330457,23062.69228694145,18623.63906858899,18989.64208224722,25159.69938837191,21422.428836343148,17094.15599050503,26702.725711566974,23865.142369449153,27.490344591262108,26342.493726945406,11562.189277791113,605.8652163069429,16765.0,16765.0,1134282342.0,2268564292.0,3402845858.0
ID120_DCHA,85.0,85.0,58128117775.0,19620.0,19615.5,19611.0,19660.0,19635.5,19611.0,19615.0,19613.0,19611.0,7628611280917.5,7628608328092.5,7628605375267.5,33501.36785747775,10285.424995590114,32282.037108665667,35938.545156839005,31408.94051617654,38125.594631066735,39914.34076971041,3379.198194974787,41596.35678275004,5408.6116470781435,3781.1826469546277,7420.209955623781,7610.320541738834,13991.237200702964,11093.203093148215,14783.335138676804,22096.533727908136,18360.283600933282,26981.782409324616,21797.84158336678,22214.192220676505,29434.540367930982,25071.560159737823,19996.73905662674,31239.253423892278,27928.727231995166,32.15738212826832,30826.387469808396,13525.354512853328,707.7657842035067,19611.0,19611.0,1550082942.0,3100165492.0,4650247658.0
ID120_IZDA,68.0,68.0,59017340275.0,19770.0,19765.5,19761.0,19810.0,19785.5,19761.0,19765.0,19763.0,19761.0,7804327757992.5,7804324782667.5,7804321807342.5,33758.14220590776,10364.107955191172,32529.07580979187,36213.947816957836,31649.288506601075,38417.71148314364,40220.12443143084,3405.0481065183744,41914.99020319146,5450.19049527394,3810.6973334966538,7477.039327841362,7669.121912770778,14098.323941610843,11178.641228309089,14896.993883122834,22265.603097642503,18501.295800614087,27188.340216196466,21965.139677961306,22384.14391455019,29659.84821998082,25263.889639186138,20149.72129834081,31478.353619552425,28142.90071385719,32.40336091622791,31062.7135630733,13628.824219550223,713.1365141213423,19761.0,19761.0,1573795542.0,3147590692.0,4721385458.0
ID120_IZDA_aug2_042,65.0,65.0,298260562075.0,44526.0,44521.5,44517.0,44566.0,44541.5,44517.0,44521.0,44519.0,44517.0,88666066213750.5,88666059525025.5,88666052836300.5,76136.1806707408,23349.94360775039,73300.34304366983,81666.40284308586,71316.32084624293,86628.67674983271,90686.65996180552,7671.317507674808,94502.24991288742,12312.363601500445,8681.801200387188,16856.158918609486,17373.70018786985,31771.919661061154,25279.351055310588,33655.23306656535,50168.81187859671,41773.949235872555,61278.640662338286,49576.01720987279,50432.97147145659,66844.6561222853,57005.94692730137,45397.91047083178,70939.44991130619,63490.09216051383,72.99970008209796,70065.97199536805,30705.464612804022,1599.5239905613569,44517.0,44517.0,7953614790.0,15907229188.0,23860843202.0
ID120_IZDA_aug2_056,70.0,68.0,326748619675.0,46607.0,46602.5,46598.0,46647.0,46622.5,46598.0,46602.0,46600.0,46598.0,101668001025097.5,101667994024222.5,101667987023347.5,79698.49679795533,24441.538533949097,76727.59329062843,85487.15574781025,74650.74863339725,90681.31121097342,94928.89862874203,8029.941947156362,98922.75756581644,12889.200822136256,9091.26828501234,17644.571742506065,18189.47120865141,33257.56971325778,26464.662783779066,35232.05871451977,52514.36760137785,43730.25848610487,64144.285969674725,51896.99944221862,52790.76797113029,69970.4270563901,59674.197905510315,47520.284104211736,74256.56662576488,66461.39226555942,76.41224580051104,73344.60266258428,32140.934343712142,1674.0341871568733,46598.0,46598.0,8713296326.0,17426592260.0,26139887810.0
ID120_IZDA_aug2_061,69.0,69.0,337263177175.0,47352.0,47347.5,47343.0,47392.0,47367.5,47343.0,47347.0,47345.0,47343.0,106614682053067.5,106614674940442.5,106614667827817.5,80973.80939515564,24832.330566634377,77954.55217288926,86854.9889597378,75844.47698583802,92132.15824295176,96447.62414862195,8158.329841156322,100505.30355401021,13095.709101508284,9237.857894837964,17926.824291186153,18481.518018109513,33789.433859767305,26889.005521746552,35796.56381193722,53354.078804391575,44430.6190778514,65170.18974380527,52727.91331203832,53634.861384036165,71089.45605490441,60629.434320103406,48280.09590472494,75444.09759754362,67525.12055881185,77.63394044737554,74518.35559246219,32654.833886973356,1700.7089104767585,47343.0,47343.0,8993684526.0,17987368660.0,26981052410.0
ID121_DCHA,78.0,78.0,59913312775.0,19920.0,19915.5,19911.0,19960.0,19935.5,19911.0,19915.0,19913.0,19911.0,7982722027567.5,7982719029742.5,7982716031917.5,34014.916554337506,10442.790914792226,32776.11451091821,36489.350477077445,31889.636497025615,38709.82833522002,40525.9080931518,3430.8980180619824,42233.62362363315,5491.769343469736,3840.2120200386803,7533.868700058813,7727.923283802202,14205.410682518916,11264.079363470742,15010.652627569385,22434.672467376793,18642.308000294634,27394.898023068316,22132.43777255557,22554.095608423842,29885.15607203066,25456.219118634974,20302.703540054925,31717.453815212804,28357.074195720255,32.64933970419521,31299.03965633664,13732.293926247103,718.5072443996172,19911.0,19911.0,1597688142.0,3195375892.0,4793063258.0
ID121_IZDA,87.0,87.0,60816035275.0,20070.0,20065.5,20061.0,20110.0,20085.5,20061.0,20065.0,20063.0,20061.0,8163814339642.5,8163811319317.5,8163808298992.5,34271.69090276699,10521.473874393292,33023.15321204405,36764.75313719732,32129.98448744997,39001.94518729563,40831.69175487249,3456.747929605593,42552.25704407484,5533.348191665532,3869.7267065804463,7590.698072276265,7786.724654834406,14312.497423426857,11349.517498631616,15124.311372015936,22603.741837111113,18783.320199974914,27601.45582994035,22299.73586715088,22724.04730229743,30110.463924080497,25648.548598081987,20455.68578176899,31956.55401087272,28571.247677583844,32.89531849215736,31535.365749600765,13835.763632943981,723.8779750302042,20061.0,20061.0,1621760742.0,3243521092.0,4865281058.0
ID122_DCHA,77.0,77.0,61725507775.0,20220.0,20215.5,20211.0,20260.0,20235.5,20211.0,20215.0,20213.0,20211.0,8347624944217.5,8347621901392.5,8347618858567.5,34528.465251197,10600.156833994355,33270.19191317058,37040.15579731641,32370.33247787446,39294.06203937279,41137.47541659266,3482.597841149198,42870.890464516786,5574.927039861236,3899.2413931224723,7647.527444493716,7845.526025866349,14419.584164334701,11434.95563379275,15237.970116462488,22772.811206845417,18924.3323996552,27808.013636812382,22467.03396174567,22893.9989961711,30335.77177613024,25840.878077530564,20608.668023483046,32195.65420653314,28785.42115944587,33.14129728011952,31771.691842864886,13939.233339640861,729.2487060052925,20211.0,20211.0,1646013342.0,3292026292.0,4938038858.0
ID122_IZDA,72.0,72.0,62641730275.0,20370.0,20365.5,20361.0,20410.0,20385.5,20361.0,20365.0,20363.0,20361.0,8534174091292.5,8534171025967.5,8534167960642.5,34785.23959962623,10678.839793595418,33517.23061429669,37315.55845743628,32610.68046829886,39586.17889144891,41443.25907831361,3508.4477526927985,43189.52388495847,5616.50588805694,3928.756079664759,7704.356816711102,7904.327396898293,14526.67090524284,11520.393768953623,15351.628860908779,22941.880576579835,19065.34459933574,28014.571443684326,22634.332056339677,23063.950690044734,30561.07962817999,26033.20755697888,20761.650265197135,32434.75440219306,28999.594641309715,33.38727606809455,32008.017936128486,14042.70304633774,734.6194373172874,20361.0,20361.0,1670445942.0,3340891492.0,5011336658.0
ID123_DCHA,116.0,116.0,63564702775.0,20520.0,20515.5,20511.0,20560.0,20535.5,20511.0,20515.0,20513.0,20511.0,8723482030867.5,8723478943042.5,8723475855217.5,35042.013948055974,10757.522753196481,33764.269315423124,37590.96111755589,32851.028458723216,39878.2957435253,41749.04274003405,3534.2976642364083,43508.1573053999,5658.084736252737,3958.2707662062644,7761.186188928553,7963.128767929977,14633.757646150749,11605.831904115277,15465.28760535533,23110.94994631417,19206.356799016547,28221.12925055608,22801.630150934463,23233.90238391842,30786.387480229823,26225.537036426933,20914.63250691119,32673.85459785339,29213.768123172264,33.63325485606441,32244.34402939313,14146.172753034649,739.990168958784,20511.0,20511.0,1695058542.0,3390116692.0,5085174458.0
ID123_IZDA,109.0,109.0,64494425275.0,20670.0,20665.5,20661.0,20710.0,20685.5,20661.0,20665.0,20663.0,20661.0,8915569012942.5,8915565902617.5,8915562792292.5,35298.78829648494,10836.205712797551,34011.30801654933,37866.363777676284,33091.37644914743,40170.412595601156,42054.82640175474,3560.1475757799903,43826.79072584211,5699.663584448441,3987.785452748551,7818.015561146037,8021.93013896166,14740.84438705866,11691.27003927641,15578.946349801881,23280.019316048474,19347.36899869657,28427.687057428117,22968.928245529252,23403.85407779201,31011.695332279847,26417.86651587525,21067.61474862534,32912.95479351345,29427.94160503507,33.87923364402656,32480.670122656993,14249.64245973151,745.3609009226876,20661.0,20661.0,1719851142.0,3439701892.0,5159552258.0
ID123_IZDA_aug2_002,109.0,110.0,224137433275.0,38590.0,38585.5,38581.0,38630.0,38605.5,38581.0,38585.0,38583.0,38581.0,57761102833102.5,57761097034777.5,57761091236452.5,65974.76378888292,20236.196619804407,63524.19817776688,70767.80157328953,61804.94970518131,75068.63919032861,78585.78118864751,6648.350341522579,81892.86335460888,10666.949982234024,7513.806671633575,14607.231228724231,15046.73393156783,27534.140367530053,21898.279253198372,29157.377686337604,43478.173353643375,36193.62645385183,53104.459718393286,42955.47394644591,43707.41643923024,57928.47339049984,49394.8283272752,39343.89322540012,61477.45816838127,55014.53357159182,63.26549951301573,60713.760731266615,26610.823419785942,1386.9855713853208,38581.0,38581.0,5976998022.0,11953995652.0,17930992898.0
ID123_IZDA_aug2_039,107.0,107.0,292271084575.0,44076.0,44071.5,44067.0,44116.0,44091.5,44067.0,44071.0,44069.0,44067.0,86008719433825.5,86008712812600.5,86008706191375.5,75365.85762545052,23113.89472894717,72559.2269402919,80840.19486272833,70595.27687496909,85752.32619360434,89769.30897664187,7593.767773043983,93546.34965156288,12187.627056913332,8593.25714076111,16685.670801957098,17197.296074773756,31450.659438337294,25023.036649826667,33314.25683322648,49661.60376939381,41350.912636830406,60658.96724172283,49074.122926089985,49923.1163898357,66168.73256613579,56428.958488956945,44938.963745689565,70222.14932432557,62847.571714925405,72.2617637182063,69356.99371557595,30395.05549271337,1583.4117431509835,44067.0,44067.0,7793895390.0,15587790388.0,23381685002.0
ID123_IZDA_aug2_040,111.0,111.0,294260827075.0,44226.0,44221.5,44217.0,44266.0,44241.5,44217.0,44221.0,44219.0,44217.0,86888515591300.5,86888508947575.5,86888502303850.5,75622.63197387973,23192.577688548263,72806.26564141788,81115.5975228482,70835.62486539385,86044.44304567995,90075.09263836361,7619.617684587594,93864.98307200403,12229.20590510922,8622.771827304177,16742.500174174387,17256.09744580544,31557.7461792452,25108.4747849878,33427.91557767277,49830.67313912797,41491.92483651043,60865.52504859459,49241.421020684254,50093.06808370935,66394.04041818563,56621.28796840526,45091.94598740359,70461.24951998572,63061.74519678873,72.5077425061633,69593.31980884033,30498.525199410236,1588.7824922555997,44217.0,44217.0,7846955190.0,15693909988.0,23540864402.0
ID124_DCHA,150.0,150.0,65430897775.0,20820.0,20815.5,20811.0,20860.0,20835.5,20811.0,20815.0,20813.0,20811.0,9110455287517.5,9110452154692.5,9110449021867.5,35555.56264491495,10914.888672398598,34258.34671767572,38141.76643779537,33331.724439571924,40462.52944767806,42360.61006347543,3585.9974873236033,44145.424146283534,5741.242432644237,4017.3001392908377,7874.844933363488,8080.731509993604,14847.931127966602,11776.708174437024,15692.605094248433,23449.08868578276,19488.381198377112,28634.244864299966,23136.226340124038,23573.805771665662,31237.003184329777,26610.1959953233,21220.596990339345,33152.05498917354,29642.115086897877,34.12521243198102,32716.996215921114,14353.112166428407,750.7316332019748,20811.0,20811.0,1744823742.0,3489647092.0,5234470058.0
ID124_DCHA_aug3_008,150.0,150.0,365321058775.0,49285.0,49280.5,49276.0,49325.0,49300.5,49276.0,49280.0,49278.0,49276.0,120192023727412.5,120192016324837.5,120192008922262.5,84282.7748319198,25846.291639360024,81138.05756806897,90404.01123981073,78941.7614224408,95896.57074337725,100388.15626932854,8491.449034581583,104611.42623210102,13631.521858591137,9618.203822076975,18659.165467828483,19239.271686139928,35169.42499426785,27990.018290190317,37261.2461653696,55532.819415701335,46247.79629106679,67832.03134836102,54883.82809104939,55824.97221242109,73992.92324165342,63107.920211924255,50251.52705961374,78525.30211895074,70285.10282841854,80.80378709498957,77563.81118099163,33988.21350727383,1769.9199740696386,49276.0,49276.0,9741894702.0,19483789012.0,29225682938.0
ID124_DCHA_aug3_028,150.0,150.0,410427157075.0,52243.0,52238.5,52234.0,52283.0,52258.5,52234.0,52238.0,52236.0,52234.0,143125714607599.5,143125706761324.5,143125698915049.5,89346.36498295164,27397.919602692997,86009.66075427906,95834.95169736998,83681.4237936097,101657.11506632318,106418.21007845968,9001.209290221414,110894.87728321133,14451.4567450109,10200.233440683984,19779.840687956483,20398.834722889016,37281.175524972736,29674.858315568494,39502.59660585494,58866.86738686242,49028.55686876347,71905.35129987547,58182.94651645696,59176.41961560946,78435.99408407617,66900.6575466409,53268.33686621517,83240.35797736925,74508.60389075478,85.6544887936586,82224.16174015903,36028.63612333638,1875.8311692762456,52234.0,52234.0,10944723990.0,21889447588.0,32834170802.0
ID124_DCHA_aug3_068,150.0,150.0,508723771075.0,58171.0,58166.5,58162.0,58211.0,58186.5,58162.0,58166.0,58164.0,58162.0,197508822269755.5,197508813534280.5,197508804798805.5,99494.08723289255,30507.470166126943,95772.63022278907,106718.86482529319,93179.97637518127,113201.57306038207,118502.78038965879,10022.797794424672,123487.2700590679,16094.65282570708,11366.653852823943,22025.737477990242,22722.66490606731,41513.24352565549,33051.37341713816,43994.390186377874,65548.48887876309,54601.359000134915,80068.51582745415,64794.567214841125,65892.91055749584,87340.16039708511,74501.51857443032,59314.195058755526,92689.5977098592,82972.73989397695,95.37557049407818,91563.76894595318,40117.758931997305,2088.083241527415,58162.0,58162.0,13565967030.0,27131933668.0,40697899922.0
ID124_DCHA_aug3_077,150.0,150.0,532582928575.0,59521.0,59516.5,59512.0,59561.0,59536.5,59512.0,59516.0,59514.0,59512.0,211565232325030.5,211565223387055.5,211565214449080.5,101805.05636875924,31215.61680253654,97995.97853292616,109197.48876637047,95343.10828900023,115830.62472906822,121254.83334514554,10255.446998317031,126354.97084304206,16468.862459468968,11632.28603170218,22537.20182794727,23251.877245354546,42477.02419382713,33820.31663358888,45017.31888639554,67070.1132063721,55870.46879725929,81927.53608930143,66300.25006619265,67422.47580235865,89367.93106553383,76232.48388946256,60691.035234182185,94841.4994708007,84900.30123074377,97.589379585753,93690.70378533003,41048.98629226923,2136.4200022415116,59512.0,59512.0,14202211230.0,28404422068.0,42606632522.0
ID124_IZDA,121.0,121.0,64146381945.0,20970.541666666668,20965.770833333332,20961.0,21010.833333333332,20985.916666666668,20961.0,20965.0,20963.0,20961.0,9304835142600.0,9304832092815.0,9304829043030.0,35812.33705018707,10993.571631999655,34505.38541880188,38417.16917706875,33572.07242999632,40754.6464096821,42666.39387745217,3611.847398867209,44464.057777042166,5782.821280839849,4046.8148285356892,7931.674305580907,8139.532884880517,14955.017868874642,11862.14631508008,15806.263846468699,23618.158055517146,19629.393408766395,28840.802671171816,23303.524449829452,23743.75746553933,31462.311036379615,26802.52549603473,21373.579232053446,33391.15518483369,29856.288598604737,34.37119121994832,32953.32235095785,14456.581873125282,783.7794825270618,20961.0,20961.0,1769555172.0,3539109965.3333335,5308664388.0
ID124_IZDA_aug2_049,131.0,131.0,301930770520.0,45569.541666666664,45564.770833333336,45560.0,45609.833333333336,45584.916666666664,45560.0,45564.0,45562.0,45560.0,95018807901120.0,95018801284480.0,95018794667840.0,77921.61842990847,23897.052453509765,75018.08547883498,83581.369511186,72987.54053965984,88659.86283264364,92812.87601933599,7851.060559274673,96717.81475178366,12601.475192621505,8887.026659995929,17251.312486761377,17782.565729458485,32516.52946617428,25873.430900333653,34445.54021978502,51344.407562816006,42754.45408750519,62714.90594612127,50739.296660342814,51614.70224952474,68411.29672020505,58343.27795377547,46461.64699155031,72601.99327179664,64979.31183569159,74.71007258773905,71709.22618765314,31424.92397336966,1697.0512445050513,45560.0,45560.0,8329124512.0,16658248645.333334,24987372408.0
ID124_IZDA_aug2_064,121.0,122.0,332203696665.0,47802.541666666664,47797.770833333336,47793.0,47842.833333333336,47817.916666666664,47793.0,47797.0,47795.0,47793.0,109661746577640.0,109661739637215.0,109661732696790.0,81744.13256954534,25068.37944543754,78695.66827626829,87681.19711987293,76565.52095711067,93008.50904884955,97364.97547959055,8235.879575787094,101461.20429300988,13220.44564609558,9326.401960604295,18097.312407838344,18657.92213995992,34110.694082491165,27145.319939680183,36137.540062933615,53861.28691359447,44853.65570121403,65789.86316442091,53229.807630141775,54144.716465656995,71765.37961105393,61206.42280674258,48739.042629867254,76161.39818452406,68167.64107218097,78.3718768112774,75227.3339671299,32965.24300706398,1779.9545241716532,47793.0,47793.0,9164239716.0,18328479053.333332,27492718020.0
ID125_DCHA,150.0,150.0,67292318275.0,21115.0,21110.5,21106.0,21155.0,21130.5,21106.0,21110.0,21108.0,21106.0,9501975894427.5,9501972717352.5,9501969540277.5,36060.55219682654,11069.631826280687,34744.18949655721,38683.391669363045,33804.40882074005,41037.02592342855,42961.9845981925,3636.8356466926925,44772.06987315198,5823.0141674292445,4075.345689490121,7986.609365391126,8196.37420635666,15058.535051752366,11944.736506920586,15916.133958326485,23781.591779593673,19765.70519108175,29040.47521781478,23465.24592616016,23908.04410295051,31680.108626694204,26988.443971570927,21521.462065710348,33622.28537397207,30063.32293456214,34.60897071500018,33181.77086600718,14556.602589598939,761.2940742454147,21106.0,21106.0,1794461622.0,3588922852.0,5383383698.0
ID125_IZDA,148.0,148.0,68248815775.0,21265.0,21260.5,21256.0,21305.0,21280.5,21256.0,21260.0,21258.0,21256.0,9705285885502.5,9705282685927.5,9705279486352.5,36317.32654525655,11148.31478588177,34991.22819768364,38958.79432948318,34044.75681116426,41329.14277550441,43267.76825991397,3662.6855582363064,45090.70329359315,5864.593015625041,4104.8603760321475,8043.438737608609,8255.175577388085,15165.621792660211,12030.17464208224,16029.792702772256,23950.661149327974,19906.717390762293,29247.03302468663,23632.54402075573,24077.995796824165,31905.416478744137,27180.773451018722,21674.44430742447,33861.3855696323,30277.496416424947,34.854949502957176,33418.09695927104,14660.072296295786,766.6648074213426,21256.0,21256.0,1819968222.0,3639936052.0,5459903498.0
ID126_IZDA,112.0,112.0,65960642319.0,21415.75833333333,21410.879166666666,21406.0,21456.166666666668,21431.083333333332,21406.0,21410.124137931034,21408.06206896552,21406.0,9906620577546.0,9906617506335.0,9906614435124.0,36574.10101912077,11226.997745482804,35238.266898809845,39234.19716353532,34285.104801588524,41621.259868116904,43573.55224434963,3688.535469779899,45409.337158013026,5906.171863820653,4134.3750687685715,8100.268109826093,8313.976957215209,15272.708533568186,12115.612789339319,16143.451464302861,24119.730519062326,20047.729614575113,29453.59083155866,23799.842149254928,24247.947490697785,32130.724330793604,27373.102977977465,21827.426549138534,34100.48576529254,30491.669962822885,35.100928290919356,33654.42314249893,14763.542002992717,811.402045298721,21406.0,21406.0,1845052742.6666667,3690105112.0,5535157116.0
ID126_IZDA_aug2_020,116.0,116.0,244374791375.0,41277.75833333333,41272.87916666667,41268.0,41318.166666666664,41293.083333333336,41268.0,41272.12413793104,41270.06206896551,41268.0,70644956654710.0,70644950743233.0,70644944831756.0,70574.44852479409,21645.670702791387,67949.48477727523,75701.18155913321,66110.38337365042,80301.42619607797,84063.38646907809,7111.408423640351,87600.6508792846,11411.765749580518,8042.513101792858,15625.2347163794,16100.062508219838,29452.42085299484,23428.76107096239,31193.38469468577,46506.76933015106,38719.625037167185,56804.59856549219,45952.340546106694,46751.81778215346,61964.48804688607,52840.090493753865,42084.31511530495,65760.53967330694,58851.09466737433,67.67179953475645,64947.14898814728,28464.310765749484,1559.118202871721,41268.0,41268.0,6835658310.666667,13671316248.0,20506973820.0
ID126_IZDA_aug2_050,123.0,123.0,299648474840.0,45714.75833333333,45709.87916666667,45705.0,45755.166666666664,45730.083333333336,45705.0,45709.12413793104,45707.06206896551,45705.0,95921188509520.0,95921181963552.0,95921175417584.0,78169.83377717032,23973.112647790786,75256.88955659016,83847.59228127806,73219.87693040355,88942.24273002107,93108.46724921752,7876.048807100163,97025.82754735727,12641.6680792109,8915.557530979162,17306.247546571594,17839.407065154985,32620.046649052234,25956.021111519287,34555.41035892929,51507.841286892646,42890.76590868131,62914.57849276387,50901.018191198855,51778.9888869359,68629.09431051982,58529.19650561007,46609.529825207304,72833.12346093477,65186.34627416685,74.94785208281662,71937.67484541857,31524.944689843356,1726.1517201365975,45705.0,45705.0,8381775330.666667,16763550288.0,25145324880.0
ID127_DCHA,100.0,100.0,70136644075.0,21558.0,21553.5,21549.0,21598.0,21573.5,21549.0,21553.0,21551.0,21549.0,10110742662034.5,10110739418509.5,10110736174984.5,36818.89243918877,11302.008833635819,35473.77712721676,39496.74752558348,34514.236552459806,41899.74435989399,43865.06567914105,3713.1790521181365,45713.100574856035,5945.8103657673955,4162.512397076846,8154.4454446733735,8370.0342554706,15374.797893233823,12197.063799430945,16251.806116924497,24280.909984875692,20182.16122080487,29650.509274109903,23959.33296553,24409.96810552406,32345.517816414962,27556.457034207942,21973.26961957262,34328.42795182155,30695.848617663996,35.335428068782385,33879.7205947795,14862.183123377099,777.1556403883493,21549.0,21549.0,1870310310.0,3740620228.0,5610929762.0
ID127_IZDA,86.0,86.0,71113076575.0,21708.0,21703.5,21699.0,21748.0,21723.5,21699.0,21703.0,21701.0,21699.0,10322615533009.5,10322612266984.5,10322609000959.5,37075.66678761878,11380.69179323688,35720.81582834282,39772.150185702834,34754.584542884615,42191.86121196985,44170.84934086227,3739.0289636617413,46031.73399529799,5987.3892139631,4192.027083619133,8211.274816890793,8428.835626502545,15481.884634141765,12282.501934591299,16365.464861371309,24449.97935461011,20323.17342048489,29857.067080981567,24126.63106012479,24579.9197993976,32570.82566846471,27748.786513655738,22126.251861286717,34567.528147481695,30910.02209952654,35.58140685673941,34116.04668804441,14965.652830073966,782.5263744026078,21699.0,21699.0,1896348510.0,3792696628.0,5689044362.0
ID127_IZDA_aug2_052,86.0,86.0,318401569675.0,46007.0,46002.5,45998.0,46047.0,46022.5,45998.0,46002.0,46000.0,45998.0,97797207978997.5,97797201068122.5,97797194157247.5,78671.39940423582,24126.80669554487,75739.43848612388,84385.54510733337,73689.356671699,89512.84380266684,93705.76398185977,7926.542300981976,97648.22388404969,12722.885429353257,8973.209538845276,17417.254253636325,17954.265724524674,32829.22274962575,26122.910243134535,34777.423736732526,51838.09012244038,43166.209687383736,63318.05474218714,51227.80706383895,52110.96119563575,69069.19564819074,58904.879987719134,46908.35513735539,73300.16584312412,65604.69833810611,75.42833064861098,72399.29828952935,31727.0555169246,1652.5511890029245,45998.0,45998.0,8490708326.0,16981416260.0,25472123810.0
ID22_DCHA,65.0,65.0,72096259075.0,21858.0,21853.5,21849.0,21898.0,21873.5,21849.0,21853.0,21851.0,21849.0,10537427826484.5,10537424537959.5,10537421249434.5,37332.441136048525,11459.374752837935,35967.854529469354,40047.55284582218,34994.932533308696,42483.978064047275,44476.63300258192,3764.878875205345,46350.36741573994,6028.968062158896,4221.54177016142,8268.104189108242,8487.636997534488,15588.971375049805,12367.940069752432,16479.1236058176,24619.048724344233,20464.185620165437,30063.624887853603,24293.929154719837,24749.8714932713,32796.133520514544,27941.11599310431,22279.234103000766,34806.62834314184,31124.195581389347,35.82738564471698,34352.37278130775,15069.122536770841,787.8971086891856,21849.0,21849.0,1922566710.0,3845133028.0,5767698962.0
ID22_DCHA_aug2_060,64.0,65.0,335132764675.0,47202.0,47197.5,47193.0,47242.0,47217.5,47193.0,47197.0,47195.0,47193.0,105606089850292.5,105606082760167.5,105606075670042.5,80717.0350467259,24753.64760703337,77707.51347176274,86579.58629961897,75604.12899541372,91840.04139087458,96141.84048690178,8132.479929612663,100186.67013356749,13054.130253312396,9208.343208295937,17869.9949189688,18422.716647078872,33682.3471188592,26803.567386584375,35682.90506748989,53185.009434657324,44289.60687817138,64963.63193693333,52560.61521744406,53464.90969016245,70864.14820285438,60437.10484065509,48127.11366301084,75204.99740188348,67310.94707694747,77.3879616594391,74282.02949919937,32551.3641802764,1695.3381607620654,47193.0,47193.0,8936873526.0,17873746660.0,26810619410.0
ID22_DCHA_aug2_063,63.0,65.0,341544252175.0,47652.0,47647.5,47643.0,47692.0,47667.5,47643.0,47647.0,47645.0,47643.0,108651090796117.5,108651083638492.5,108651076480867.5,81487.35809201513,24989.69648583653,78448.6295751414,87405.79427997702,76325.1729666871,92716.39194710503,97059.19147206281,8210.029664243513,101142.57039489306,13178.866797899876,9296.887267923057,18040.483035621055,18599.120760173922,34003.60734158326,27059.881792067776,36023.88130083084,53692.21754386009,44712.643477211444,65583.30535754915,53062.5095012279,53974.764771783404,71540.0717590039,61014.09327899951,48586.060388153084,75922.29798886391,67953.46752253693,78.12589802333068,74991.00777899096,32861.77330036709,1711.4504099851742,47643.0,47643.0,9107846526.0,18215692660.0,27323538410.0
ID22_IZDA,42.0,42.0,73086191575.0,22008.0,22003.5,21999.0,22048.0,22023.5,21999.0,22003.0,22001.0,21999.0,10755199792459.5,10755196481434.5,10755193170409.5,37589.21548447801,11538.05771243901,36214.89323059555,40322.955505942315,35235.280523733236,42776.094916122616,44782.416664303135,3790.7287867489385,46669.00083618162,6070.5469103546,4251.056456703446,8324.933561325694,8546.438368566172,15696.058115957716,12453.378204913826,16592.78235026389,24788.11809407875,20605.19781984598,30270.182694725267,24461.227249314365,24919.82318714497,33021.44137256448,28133.445472552106,22432.21634471485,35045.72853880218,31338.369063252674,36.0733644326843,34588.69887457213,15172.592243467732,793.2678432424581,21999.0,21999.0,1948964910.0,3897929428.0,5846893562.0
ID23_DCHA,96.0,96.0,74082874075.0,22158.0,22153.5,22149.0,22198.0,22173.5,22149.0,22153.0,22151.0,22149.0,10975951680934.5,10975948347409.5,10975945013884.5,37845.98983290828,11616.74067204006,36461.931931722036,40598.35816606088,35475.62851415745,43068.211768199784,45088.20032602305,3816.5786982925565,46987.63425662357,6112.125758550304,4280.571143244952,8381.76293354321,8605.239739598375,15803.144856865658,12538.81634007548,16706.441094710182,24957.18746381302,20746.210019526523,30476.74050159758,24628.525343909412,25089.774881018624,33246.749224613945,28325.7749519999,22585.19858642888,35284.82873446259,31552.542545115222,36.3193432206413,34825.02496783599,15276.061950164603,798.638578057173,22149.0,22149.0,1975543110.0,3951085828.0,5926628162.0
ID23_DCHA_aug2_008,98.0,98.0,234589130575.0,39481.0,39476.5,39472.0,39521.0,39496.5,39472.0,39476.0,39474.0,39472.0,61848002709370.5,61847996777395.51,61847990845420.5,67500.0034185558,20703.57339983466,64991.60806245704,72403.6933743996,63232.61676830242,76803.81329166333,80402.13613926659,6801.898816091581,83785.54587203349,10913.92834051682,7689.123909691535,14944.797699695797,15396.014075498102,28170.23560852325,22405.78177605571,29832.510628349195,44482.44540986535,37031.23891995322,54331.4130912127,43949.22462833826,44716.92950083964,59266.80203167586,50537.265435196154,40252.607741181724,62897.71333060243,56286.7240538587,64.72661351352646,62117.53772525423,27225.43347756549,1418.8878131469403,39472.0,39472.0,6255709950.0,12511419508.0,18767128682.0
ID23_DCHA_aug2_037,98.0,95.0,288443389075.0,43786.0,43781.5,43777.0,43826.0,43801.5,43777.0,43781.0,43779.0,43777.0,84324659698240.5,84324653120515.5,84324646542790.5,74869.42721848682,22961.774340385153,72081.61878478115,80307.7497198296,70130.60409348155,85187.56694625612,89178.12723064964,7543.791277393014,92930.32503870988,12107.241283734726,8536.195413446594,16575.800682336725,17083.613424112053,31243.62507258178,24857.856255181287,33094.516593963475,49334.73632124069,41078.2890507817,60259.62214843691,48750.679943207324,49594.543115013235,65733.13738550607,56057.12149535572,44643.19807837567,69759.88894604947,62433.50298332457,71.78620472814374,68900.09660193311,30195.01405976609,1573.028294974713,43777.0,43777.0,7691823510.0,15383646628.0,23075469362.0
ID23_DCHA_aug2_057,98.0,98.0,328852257175.0,46757.0,46752.5,46748.0,46797.0,46772.5,46748.0,46752.0,46750.0,46748.0,102651400630372.5,102651393606997.5,102651386583622.5,79955.27114638404,24520.22149355016,76974.63199175485,85762.55840793064,74891.09662382129,90973.42806304953,95234.68229046272,8055.791858699972,99241.39098625864,12930.77967033196,9120.782971554887,17701.401114723616,18248.27257968413,33364.65645416556,26550.1009189402,35345.717458966064,52683.43697111185,43871.27068578489,64350.84377654648,52064.29753681288,52960.71966500398,70195.73490843993,59866.52738495967,47673.26634592579,74495.66682142467,66675.56574742119,76.65822458846803,73580.9287558497,32244.404050409015,1679.4049367648952,46748.0,46748.0,8769393326.0,17538786260.0,26308178810.0
ID23_IZDA,40.0,40.0,75086306575.0,22308.0,22303.5,22299.0,22348.0,22323.5,22299.0,22303.0,22301.0,22299.0,11199703741909.5,11199700385884.5,11199697029859.5,38102.7641813375,11695.423631641139,36708.9706328482,40873.760826180755,35715.97650458189,43360.328620275905,45393.98398774426,3842.4286098361695,47306.26767706526,6153.704606746101,4310.085829787238,8438.592305760532,8664.0411106298,15910.231597773633,12624.254475236354,16820.099839156992,25126.256833547388,20887.222219206807,30683.298308469428,24795.82343850394,25259.726574892244,33472.05707666378,28518.104431447697,22738.180828142995,35523.92893012256,31766.71602697855,36.56532200862402,35061.35106110011,15379.531656861483,804.0093131279694,22299.0,22299.0,2002301310.0,4004602228.0,6006902762.0
ID25_DCHA,124.0,124.0,76096489075.0,22458.0,22453.5,22449.0,22498.0,22473.5,22449.0,22453.0,22451.0,22449.0,11426476225384.5,11426472846859.5,11426469468334.5,38359.53852976725,11774.10659124219,36956.00933397463,41149.16348630037,35956.3244950062,43652.44547235307,45699.76764946391,3868.278521379763,47624.90109750695,6195.283454941805,4339.600516329265,8495.42167797808,8722.842481661743,16017.318338681576,12709.692610397227,16933.758583603023,25295.326203281726,21028.23441888787,30889.85611534146,24963.121533098467,25429.678268765878,33697.36492871362,28710.433910896012,22891.16306985706,35763.0291257828,31980.889508841094,36.8113007965759,35297.67715436449,15483.001363558378,809.3800484496996,22449.0,22449.0,2029239510.0,4058478628.0,6087717362.0
ID25_DCHA_aug3_070,124.0,125.0,513978556075.0,58471.0,58466.5,58462.0,58511.0,58486.5,58462.0,58466.0,58464.0,58462.0,200576915706205.5,200576906925730.5,200576898145255.5,100007.63592975204,30664.836085329094,96266.70762504157,107269.67014553346,93660.67235603016,113785.80676453536,119114.34771309965,10074.49761751185,124124.53689995076,16177.810522098856,11425.683225909039,22139.396222424883,22840.26764813068,41727.41700747163,33222.249687460426,44221.7076752715,65886.62761823174,54883.38339949496,80481.63144119765,65129.163404030696,66232.81394524331,87790.77610118497,74886.17753332591,59620.1595421836,93167.79810117913,83401.0868577036,95.86752807000248,92036.42113248039,40324.69834539102,2098.824743811656,58462.0,58462.0,13706094630.0,27412188868.0,41118282722.0
ID25_IZDA,150.0,150.0,77113421575.0,22608.0,22603.5,22599.0,22648.0,22623.5,22599.0,22603.0,22601.0,22599.0,11656289381359.5,11656285980334.5,11656282579309.5,38616.31287819673,11852.789550843256,37203.04803510065,41424.5661464205,36196.672485430696,43944.56232442815,46005.55131118564,3894.1284329233663,47943.534517948116,6236.862303137601,4369.11520287103,8552.251050195498,8781.643852693687,16124.405079589584,12795.130745558881,17047.417328049574,25464.395573015998,21169.246618567635,31096.41392221331,25130.419627693514,25599.629962639516,33922.67278076364,28902.763390344327,23044.145311571163,36002.129321442764,32195.06299070416,37.05727958453806,35534.00324762836,15586.471070255282,814.7507840173779,22599.0,22599.0,2056357710.0,4112715028.0,6169071962.0
ID25_IZDA_aug3_021,150.0,150.0,394115354575.0,51193.0,51188.5,51184.0,51233.0,51208.5,51184.0,51188.0,51186.0,51184.0,134678597205274.48,134678589516499.5,134678581827724.5,87548.94454394393,26847.138885485543,84280.38984639538,93907.13307653296,81998.98786063863,99612.29710178824,104277.72444641536,8820.259909416187,108664.443340119,14160.404807640787,9993.63063489084,19382.035082434486,19987.22512566515,36531.56833861711,29076.79136944108,38706.98539472882,57683.38179872218,48041.47147100174,70459.44665177244,57011.859854293965,57986.757758493965,76858.83911972656,65554.35119050373,52197.461174216725,81566.65660774859,73009.38951771357,83.93263727790809,80569.87908731148,35304.34817645819,1838.2359164853438,51184.0,51184.0,10509742590.0,21019484788.0,31529226602.0
ID25_IZDA_aug3_054,150.0,150.0,472915233775.0,56084.0,56079.5,56075.0,56124.0,56099.5,56075.0,56079.0,56077.0,56075.0,177026561587837.5,177026553165412.5,177026544742987.5,95921.50013174095,29412.727921544123,92335.49842778583,102887.09581416512,89835.93466841022,109137.2539251581,114248.31037625362,9663.139358481305,119054.0170693217,15516.152451143587,10956.006180737902,21235.05147920462,21904.541830444134,40023.31000382266,31862.644163262503,42413.01818864601,63196.170381192685,52639.40926191434,77194.60820784226,62466.89305871365,63528.31599006733,84205.37714889887,71825.57441704278,57185.702135707026,89362.91698757403,79992.87284965701,91.95318562417063,88275.68523500572,38678.15041282136,2013.3581922553533,56075.0,56075.0,12611072702.0,25222145012.0,37833216938.0
ID25_IZDA_aug3_063,150.0,150.0,495704933575.0,57421.0,57416.5,57412.0,57461.0,57436.5,57412.0,57416.0,57414.0,57412.0,189975818034880.5,189975809411905.5,189975800788930.5,98210.21549074278,30114.05536812168,94537.43671715735,105341.85152469591,91978.23642305956,111740.98879999989,116973.86208105585,9893.548236706647,121894.10295685894,15886.758584728375,11219.080420114333,21741.590616902955,22428.658050908896,40977.809821115676,32624.18274133249,43426.096464145376,64703.14203009143,53896.29800173324,79035.72679309444,63958.076741866666,65043.1520881277,86213.62113683611,73539.87117718978,58549.28385018512,91494.09673155847,81901.87248466241,94.1456765542211,90382.13847963492,39600.410398512824,2061.2294860661864,57412.0,57412.0,13218798030.0,26437595668.0,39656392922.0
ID25_IZDA_aug3_071,150.0,150.0,516616073575.0,58621.0,58616.5,58612.0,58661.0,58636.5,58612.0,58616.0,58614.0,58612.0,202122805940680.5,202122797137705.5,202122788334730.5,100264.41027818024,30743.519044930188,96513.7463261681,107545.0728056528,93901.02034645429,114077.923616612,119420.13137482034,10100.347529055487,124443.17032039296,16219.389370294377,11455.197912449503,22196.2255946425,22899.069019163926,41834.50374837941,33307.68782262104,44335.36641971831,66055.69698796606,55024.39559917655,80688.1892480696,65296.461498624965,66402.76563911677,88016.083953235,75078.50701277475,59773.14178389774,93406.89829683927,83615.26033956537,96.11350685796981,92272.74722574581,40428.168052087865,2104.1954949751143,58612.0,58612.0,13776428430.0,27552856468.0,41329284122.0
ID25_IZDA_aug3_072,150.0,150.0,519260341075.0,58771.0,58766.5,58762.0,58811.0,58786.5,58762.0,58766.0,58764.0,58762.0,203676618852655.5,203676610027180.5,203676601201705.5,100521.18462661102,30822.202004531202,96760.78502729464,107820.47546577163,94141.36833687869,114370.04046868812,119725.91503654156,10126.1974405991,124761.80374083518,16260.968218489897,11484.71259899257,22253.05496685998,22957.870390194566,41941.59048928732,33393.12595778373,44449.02516416356,66224.76635770044,55165.40779885657,80894.74705494172,65463.75959321975,66572.7173329906,88241.39180528483,75270.83649222305,59926.12402561175,93645.99849249923,83829.43382142817,96.3594856459268,92509.07331900916,40531.63775878479,2109.5662461519373,58762.0,58762.0,13846942230.0,27693884068.0,41540825522.0
ID26_DCHA,65.0,65.0,78137104075.0,22758.0,22753.5,22749.0,22798.0,22773.5,22749.0,22753.0,22751.0,22749.0,11889163459834.5,11889160036309.5,11889156612784.5,38873.087226626485,11931.472510444306,37450.08673622695,41699.96880653959,36437.02047585514,44236.679176505575,46311.33497290529,3919.978344466975,48262.16793839006,6278.441151333489,4398.629889413057,8609.08042241295,8840.44522372589,16231.491820497526,12880.568880720015,17161.076072495867,25633.46494275043,21310.258818248178,31302.97172908516,25297.717722288304,25769.581656513215,34147.98063281348,29095.092869792123,23197.127553285165,36241.22951710291,32409.236472566965,37.30325837250022,35770.32934089248,15689.940776952162,820.1215198262513,22749.0,22749.0,2083655910.0,4167311428.0,6250966562.0
ID26_IZDA,68.0,68.0,79167536575.0,22908.0,22903.5,22899.0,22948.0,22923.5,22899.0,22903.0,22901.0,22899.0,12125118710809.5,12125115264784.5,12125111818759.5,39129.86157505571,12010.15547004538,37697.125437353105,41975.37146665972,36677.36846627954,44528.79602858092,46617.11863462677,3945.828256010584,48580.80135883175,6320.019999529193,4428.1445759553435,8665.909794630401,8899.246594757575,16338.5785614055,12966.007015880889,17274.734816942677,25802.534312484717,21451.27101792872,31509.5295359571,25465.01581688257,25939.533350386773,34373.28848486314,29287.422349240438,23350.109794999327,36480.32971276333,32623.409954430033,37.54923716047266,36006.6554341566,15793.410483649037,825.4922558715095,22899.0,22899.0,2111134110.0,4222267828.0,6333401162.0
ID27_DCHA,70.0,70.0,80204719075.0,23058.0,23053.5,23049.0,23098.0,23073.5,23049.0,23053.0,23051.0,23049.0,12364175384284.5,12364171915759.5,12364168447234.5,39386.63592348623,12088.838429646446,37944.164138479544,42250.774126778815,36917.71645670385,44820.912880658085,46922.90229634694,3971.6781675541815,48899.434779273695,6361.598847724806,4457.659262497109,8722.739166847852,8958.047965789257,16445.665302313442,13051.445151042542,17388.393561389228,25971.603682219004,21592.283217608485,31716.08734282895,25632.313911477617,26109.485044260426,34598.59633691325,29479.751828688753,23503.092036713333,36719.42990842347,32837.583436292836,37.79521594844509,36242.98152741968,15896.88019034592,830.86299214852,23049.0,23049.0,2138792310.0,4277584228.0,6416375762.0
ID27_IZDA,66.0,66.0,81248651575.0,23208.0,23203.5,23199.0,23248.0,23223.5,23199.0,23203.0,23201.0,23199.0,12606353730259.5,12606350239234.5,12606346748209.5,39643.410271915986,12167.521389247486,38191.2028396057,42526.17678689816,37158.06444712807,45113.02973273394,47228.68595806842,3997.5280790977863,49218.068199714864,6403.177695920602,4487.173949039136,8779.568539065238,9016.849336821202,16552.752043221484,13136.883286203154,17502.05230583552,26140.67305195336,21733.29541728981,31922.64514970089,25799.612006071886,26279.436738134144,34823.90418896281,29672.081308136807,23656.07427842744,36958.53010408353,33051.756918156425,38.04119473642268,36479.30762068355,16000.34989704282,836.2337286528372,23199.0,23199.0,2166630510.0,4333260628.0,6499890362.0
ID27_IZDA_aug1_002,67.0,68.0,217233443275.0,37990.0,37985.5,37981.0,38030.0,38005.5,37981.0,37985.0,37983.0,37981.0,55112985663802.5,55112979955477.5,55112974247152.5,64947.66639516393,19921.46478140013,62536.04337326205,69666.1909328116,60843.5577434838,73900.17178202308,77362.64654176525,6544.950695348161,80618.32967284162,10500.634589451023,7395.7479254644295,14379.913739854297,14811.528447440576,27105.793403898217,21556.526712553317,28702.74270855244,42801.895874706126,35629.57765512965,52278.228490905705,42286.28156806676,43027.60966373563,57027.24198230086,48625.51040948246,38731.96425854376,60521.05738574023,54157.83964414112,62.28158436113624,59768.45635821013,26196.944592998418,1365.5025812583913,37981.0,37981.0,5792891622.0,11585782852.0,17378673698.0
ID29_DCHA,44.0,44.0,82299334075.0,23358.0,23353.5,23349.0,23398.0,23373.5,23349.0,23353.0,23351.0,23349.0,12851673998734.5,12851670485209.5,12851666971684.5,39900.18462034547,12246.204348848576,38438.24154073209,42801.57944701777,37398.4124375526,45405.14658481085,47534.46961978833,4023.377990641383,49536.70162015707,6444.756544116306,4516.688635581161,8836.397911282755,9075.650707853145,16659.83878412939,13222.321421364548,17615.71105028181,26309.74242168768,21874.307616969832,32129.202956572924,25966.910100667195,26449.38843200773,35049.21204101274,29864.410787584864,23809.056520141512,37197.630299743585,33265.93040001871,38.28717352435911,36715.63371394793,16103.819603739688,841.6044653800362,23349.0,23349.0,2194648710.0,4389297028.0,6583944962.0
ID29_IZDA,45.0,45.0,83356766575.0,23508.0,23503.5,23499.0,23548.0,23523.5,23499.0,23503.0,23501.0,23499.0,13100156439709.5,13100152903684.5,13100149367659.5,40156.95896877469,12324.887308449643,38685.28024185839,43076.98210713738,37638.760427976864,45697.26343688749,47840.253281509285,4049.227902184999,49855.33504059798,6486.33539231201,4546.2033221226675,8893.227283500239,9134.45207888483,16766.925525037335,13307.759556525942,17729.36979472836,26478.81179142203,22015.319816650375,32335.760763444774,26134.20819526146,26619.340125881383,35274.51989306267,30056.74026703318,23962.03876185562,37436.730495403826,33480.103881881776,38.53315231233671,36951.95980721231,16207.289310436572,846.9752023259007,23499.0,23499.0,2222846910.0,4445693428.0,6668539562.0
ID30_DCHA,40.0,40.0,84420949075.0,23658.0,23653.5,23649.0,23698.0,23673.5,23649.0,23653.0,23651.0,23649.0,13351821303184.5,13351817744659.5,13351814186134.5,40413.7333172047,12403.57026805068,38932.31894298468,43352.384767257,37879.108418401265,45989.38028896361,48146.036943229716,4075.0778137285984,50173.96846104045,6527.914240507898,4575.718008664954,8950.056655717624,9193.253449916772,16874.01226594531,13393.197691686815,17843.028539175175,26647.88116115645,22156.33201633066,32542.318570316715,26301.506289855988,26789.29181975505,35499.82774511269,30249.069746481495,24115.021003569676,37675.83069106388,33694.277363744586,38.77913110029372,37188.285900475654,16310.759017133454,852.3459394862982,23649.0,23649.0,2251225110.0,4502449828.0,6753674162.0
ID30_DCHA_aug0_025,42.0,42.0,202116364675.0,36642.0,36637.5,36633.0,36682.0,36657.5,36633.0,36637.0,36635.0,36633.0,49461375182932.5,49461369676807.5,49461364170682.5,62640.1209172761,19214.367251118554,60315.9889124738,67191.23902720377,58683.6304695366,71275.01500469707,74614.67070176743,6312.6461569429675,77754.87733447328,10126.979340332064,7130.509275739996,13869.207114860306,14283.100126434403,26143.440558938593,20788.72267123849,27681.32945846059,41282.525805360114,34362.34802066786,50421.962333150135,40782.82935797578,41500.310441457725,55002.47541854629,46897.109487508365,37357.163846340016,58372.343627407485,52233.13395379978,60.071054986609056,57644.67253341089,25267.096828815793,1317.2374664703204,36633.0,36633.0,5389769526.0,10779538660.0,16169307410.0
ID30_IZDA,57.0,57.0,85491881575.0,23808.0,23803.5,23799.0,23848.0,23823.5,23799.0,23803.0,23801.0,23799.0,13606688839159.5,13606685258134.5,13606681677109.5,40670.50766563393,12482.253227651736,39179.35764411089,43627.78742737687,38119.45640882567,46281.497141039996,48451.82060495041,4100.927725272189,50492.601881481874,6569.493088703419,4605.23269520724,9006.886027935141,9252.054820948197,16981.099006853252,13478.635826848209,17956.687283621202,26816.950530890637,22297.344216011203,32748.876377188473,26468.804384451036,26959.243513628735,35725.135597162254,30441.39922592929,24268.003245283682,37914.9308867243,33908.45084560739,39.02510988827131,37424.61199374055,16414.228723830347,857.7166768571632,23799.0,23799.0,2279783310.0,4559566228.0,6839348762.0
ID32_DCHA,89.0,89.0,86569564075.0,23958.0,23953.5,23949.0,23998.0,23973.5,23949.0,23953.0,23951.0,23949.0,13864779297634.5,13864775694109.5,13864772090584.5,40927.282014063414,12560.936187252822,39426.39634523719,43903.190087495954,38359.804399250206,46573.6139931169,48757.60426667084,4126.777636815781,50811.23530192357,6611.071936899307,4634.747381749266,9063.715400152527,9310.85619198066,17088.185747761196,13564.073962009603,18070.346028067754,26986.019900625088,22438.356415691487,32955.434184060505,26636.102479045825,27129.195207502355,35950.44344921209,30633.728705377085,24420.985486997823,38154.03108238445,34122.624327470716,39.27108867622317,37660.93808700468,16517.698430527205,863.0874144344533,23949.0,23949.0,2308521510.0,4617042628.0,6925563362.0
ID32_IZDA,84.0,84.0,87653996575.0,24108.0,24103.5,24099.0,24148.0,24123.5,24099.0,24103.0,24101.0,24099.0,14126112928609.5,14126109302584.5,14126105676559.5,41184.0563624929,12639.61914685388,39673.435046363345,44178.592747615825,38600.15238967451,46865.73084519302,49063.38792839153,4152.627548359399,51129.86872236525,6652.650785094919,4664.262068291033,9120.544772370074,9369.657563012344,17195.27248866917,13649.512097170476,18184.004772514047,27155.08927035931,22579.36861537255,33161.99199093236,26803.400573640352,27299.146901376007,36175.75130126193,30826.05818482514,24573.96772871188,38393.131278044595,34336.79780933378,39.51706746419563,37897.26418026828,16621.168137224096,868.4581522144492,24099.0,24099.0,2337439710.0,4674879028.0,7012317962.0
ID36_DCHA,53.0,53.0,88745179075.0,24258.0,24253.5,24249.0,24298.0,24273.5,24249.0,24253.0,24251.0,24249.0,14390709982084.5,14390706333559.5,14390702685034.5,41440.830710922906,12718.30210645491,39920.473747489596,44453.99540773518,38840.50038009905,47157.84769726889,49369.171590112746,4178.477459903003,51448.50214280668,6694.229633290807,4693.776754832798,9177.374144587462,9428.458934044287,17302.359229577178,13734.95023233161,18297.663516961118,27324.158640093727,22720.380815052053,33368.549797804575,26970.698668235138,27469.098595249645,36401.059153311675,31018.387664273974,24726.949970425918,38632.23147370474,34550.97129119607,39.76304625216294,38133.59027353266,16724.637843921006,873.8288901933633,24249.0,24249.0,2366537910.0,4733075428.0,7099612562.0
ID36_IZDA,50.0,50.0,89843111575.0,24408.0,24403.5,24399.0,24448.0,24423.5,24399.0,24403.0,24401.0,24399.0,14658590708059.5,14658587037034.5,14658583366009.5,41697.60505935265,12796.985066055986,40167.512448615846,44729.39806785453,39080.84837052322,47449.96454934579,49674.95525183292,4204.327371446631,51767.13556324837,6735.8084814865115,4723.291441375085,9234.20351680488,9487.260305075972,17409.44597048512,13820.388367492744,18411.32226140715,27493.228009827984,22861.39301473312,33575.10760467624,27137.996762829665,27639.050289123265,36626.36700536188,31210.717143721507,24879.93221214006,38871.331669364794,34765.14477305939,40.00902504014051,38369.916366796526,16828.10755061788,879.199628367468,24399.0,24399.0,2395816110.0,4791631828.0,7187447162.0
ID40_DCHA,69.0,69.0,90947794075.0,24558.0,24553.5,24549.0,24598.0,24573.5,24549.0,24553.0,24551.0,24549.0,14929775356534.5,14929771663009.5,14929767969484.5,41954.37940778266,12875.66802565706,40414.55114974233,45004.80072797362,39321.19636094757,47742.081401422176,49980.73891355413,4230.177282990232,52085.76898369005,6777.387329682308,4752.806127917112,9291.032889022332,9546.061676108175,17516.53271139316,13905.826502653877,18524.9810058537,27662.297379562304,23002.405214413142,33781.66541154818,27305.294857425237,27809.001982996902,36851.67485741144,31403.046623169303,25032.914453854097,39110.43186502513,34979.318254922204,40.25500382809238,38606.24246006065,16931.577257314788,884.5703667332231,24549.0,24549.0,2425274310.0,4850548228.0,7275821762.0
ID40_DCHA_aug2_005,65.0,66.0,229362838075.0,39038.0,39033.5,39029.0,39078.0,39053.5,39029.0,39033.0,39031.0,39029.0,59792739023854.5,59792733158329.5,59792727292804.5,66741.66317619331,20471.196392479567,64262.02043179735,71590.33751817916,62522.78903658248,75941.09485519711,79499.05505831985,6725.555410666147,82844.51517032734,10791.132142178576,7601.957202103768,14776.961620413582,15222.354026383902,27853.97276704189,22153.454483546393,29496.838469750666,43983.12720458317,36614.7828902314,53721.37903491767,43455.13758896869,44215.0054982661,58601.392841955385,49969.25237255992,39800.800187319524,62191.57075275286,55654.198370755286,64.0001561597494,61419.587996482165,26919.852943787322,1403.0262045221348,39029.0,39029.0,6116342150.0,12232683908.0,18349025282.0
ID40_DCHA_aug2_021,65.0,69.0,258157287775.0,41420.0,41415.5,41411.0,41460.0,41435.5,41411.0,41415.0,41413.0,41411.0,71398710420817.5,71398704197992.5,71398697975167.5,70819.23982925701,21720.681790944363,68184.99500568204,75963.73176087777,66339.51512452165,80579.91046617052,84354.8996064434,7136.052005978572,87904.41388694201,11451.404251527352,8070.650424390916,15679.412051226778,16156.119798370139,29554.510212660312,23510.21206990561,31301.739331561617,46667.948795964476,38854.05662115479,57001.51700804408,46111.83133113358,46913.83839697963,62179.2815325066,53023.44450619508,42230.15818573905,65988.4818598364,59055.273262739225,67.90629931262977,65172.44635751387,28562.95188613387,1488.3136847290214,41411.0,41411.0,6884194142.0,13768387892.0,20652581258.0
ID40_DCHA_aug2_022,69.0,69.0,260027510275.0,41570.0,41565.5,41561.0,41610.0,41585.5,41561.0,41565.0,41563.0,41561.0,72175985907892.5,72175979662567.5,72175973417242.5,71076.01417768521,21799.36475054547,68432.03370680829,76239.13442099816,66579.86311494597,80872.02731824612,84660.6832681646,7161.901917522182,88223.04730738318,11492.983099722873,8100.165110932942,15736.241423444131,16214.921169401821,29661.596953568158,23595.650205066744,31415.39807600739,46837.01816569876,38995.068820836896,57208.07481491547,46279.12942572681,47083.79009085318,62404.58938455699,53215.77398564444,42383.14042745314,66227.58205549665,59269.44674460151,68.15227810061765,65408.772450779295,28666.421592830775,1493.6844332031922,41561.0,41561.0,6934066742.0,13868133092.0,20802199058.0
ID40_IZDA,62.0,62.0,92059226575.0,24708.0,24703.5,24699.0,24748.0,24723.5,24699.0,24703.0,24701.0,24699.0,15204284177509.5,15204280461484.5,15204276745459.5,42211.15375621189,12954.350985258097,40661.58985086849,45280.203388094014,39561.54435137202,48034.19825349777,50286.52257527457,4256.027194533833,52404.402404131746,6818.966177878104,4782.320814458877,9347.862261239847,9604.86304713986,17623.61945230107,13991.264637815271,18638.63975029973,27831.366749296656,23143.417414093947,33988.22321842012,27472.592952019502,27978.953676870588,37076.98270946128,31595.376102617618,25185.896695568154,39349.532060685,35193.49173678527,40.50098261606996,38842.568553324505,17035.046964011664,889.9411052871714,24699.0,24699.0,2454912510.0,4909824628.0,7364736362.0
ID43_IZDA,66.0,66.0,89428758936.0,24858.649999999998,24853.825,24849.0,24899.0,24874.0,24849.0,24853.06206896552,24851.031034482756,24849.0,15476536609380.0,15476533020828.0,15476529432276.0,42467.92820474535,13033.03394485919,40908.628551994785,45555.60618732076,39801.89234179646,48326.315298366855,50592.306503472035,4281.877106077423,52723.036181432035,6860.545026073808,4811.835505850787,9404.691633457202,9663.664425071387,17730.70619320911,14076.702782768583,18752.298508188822,28000.43611903104,23284.42963282703,34194.78102529188,27639.891073442624,28148.90537074422,37302.2905615113,31787.705619740973,25338.87893728223,39588.63225634533,35407.665271415,40.74696140402183,39078.89471813502,17138.51667070855,932.2516193650907,24849.0,24849.0,2484132002.0,4968263628.0,7452394886.0
ID43_IZDA_aug2_025,61.0,61.0,255003029304.0,42019.65,42014.825000000004,42010.0,42060.0,42035.0,42010.0,42014.06206896551,42012.03103448276,42010.0,74520347545083.0,74520341485347.0,74520335425611.0,71844.62556281881,22034.889076284668,69171.50288551337,77063.5066182399,67299.30476628282,81746.43075395568,85575.996145018,7239.279319409342,89176.82394777858,11617.442451988798,8188.512414160619,15906.350677614999,16390.933284995175,29982.143264686103,23851.395039497467,31755.61660705606,47343.099145770204,39417.16537068048,57826.37118348557,46779.90843412921,47592.51216118175,63079.010888358825,53791.48029100157,42841.067270983855,66943.28864117288,59910.539455974416,68.88857460592516,66116.17534395155,28976.140914876756,1572.2370580299132,42010.0,42010.0,7083417290.0,14166834204.0,21250250750.0
ID44_DCHA,68.0,68.0,94257214675.0,25002.0,24997.5,24993.0,25042.0,25017.5,24993.0,24997.0,24995.0,24993.0,15752041764592.5,15752038004467.5,15752034244342.5,42714.43147913431,13108.569586076208,41145.78570507611,45819.992601928,40032.62641260385,48606.74728356859,50885.85855224651,4306.693021159288,53028.92390819741,6900.460720341647,4840.169600081259,9459.247830785935,9720.113734362385,17833.509464480692,14158.723382731145,18861.410889414878,28162.742713976066,23419.80132546755,34393.07651988903,27800.49721742483,28312.05899686289,37518.586099478955,31972.34188233617,25485.741889327768,39818.168444179086,35613.271761236276,40.98310104047928,39305.76769612229,17237.847589137553,900.4677533858177,24993.0,24993.0,2513525526.0,5027050660.0,7540575410.0
ID44_IZDA,84.0,84.0,95388627175.0,25152.0,25147.5,25143.0,25192.0,25167.5,25143.0,25147.0,25145.0,25143.0,16036508817367.5,16036505034742.5,16036501252117.5,42971.20582756432,13187.25254567727,41392.82440620218,46095.39526204735,40272.97440302835,48898.86413564445,51191.6422139672,4332.542932702882,53347.55732863962,6942.039568537443,4869.684286623546,9516.077203003482,9778.915105394068,17940.59620538857,14244.161517892539,18975.069633861687,28331.812083710287,23560.813525147576,34599.63432676115,27967.795312019876,28482.010690736523,37743.8939515287,32164.671361783967,25638.72413104189,40057.26863983923,35827.4452430996,41.229079828446594,39542.09378938563,17341.317295834426,905.8384924771145,25143.0,25143.0,2543696526.0,5087392660.0,7631088410.0
ID50_DCHA,73.0,73.0,96526789675.0,25302.0,25297.5,25293.0,25342.0,25317.5,25293.0,25297.0,25295.0,25293.0,16324380232642.5,16324376427517.5,16324372622392.5,43227.98017599303,13265.935505278325,41639.86310732834,46370.79792216748,40513.322393452516,49190.980987721094,51497.42587568815,4358.392844246499,53666.19074908105,6983.618416733239,4899.198973165572,9572.90657522087,9837.716476425492,18047.68294629661,14329.599653053412,19088.72837830824,28500.881453444545,23701.82572482812,34806.19213363291,28135.093406614404,28651.962384610193,37969.20180357863,32357.000841232802,25791.70637275596,40296.36883549938,36041.61872496189,41.47505861641388,39778.419882650276,17444.787002531295,911.2092317435727,25293.0,25293.0,2574047526.0,5148094660.0,7722141410.0
ID50_DCHA_aug2_012,97.0,97.0,241749456775.0,40080.0,40075.5,40071.0,40120.0,40095.5,40071.0,40075.0,40073.0,40071.0,64701163296847.5,64701157275022.49,64701151253197.5,68525.38898328457,21017.780685174952,65978.11594228772,73503.46799714358,64192.406410063864,77970.33325428789,81623.23222840528,6905.126129522385,85057.9553309972,11079.966540978448,7806.9858912827385,15171.736326084214,15630.827550485606,28597.868660549106,22746.964729132298,30286.387881173017,45157.59575967109,37594.34763734384,55156.267266654744,44617.301686086364,45395.60326504183,60166.531387528,51305.30115645982,40863.516826426545,63852.520111939004,57141.990158096145,65.7088888068064,63061.266591022955,27638.622506308337,1440.335000153316,40071.0,40071.0,6446651982.0,12893303572.0,19339954778.0
ID50_DCHA_aug2_045,97.0,97.0,304297277275.0,44975.0,44970.5,44966.0,45015.0,44990.5,44966.0,44970.0,44968.0,44966.0,91371505585657.5,91371498829582.5,91371492073507.5,76904.7918870388,23585.467933489537,74039.81222237462,82490.77480571205,72035.76249757952,87503.0798603801,91601.97238922298,7748.694909562015,95456.02595140996,12436.82295376637,8770.148495437406,17026.26817278029,17549.712291824108,32092.465972179034,25535.095873226037,33995.451574941835,50674.892858668085,42196.045753581595,61896.93703090821,50076.79617302662,50941.69354178503,67519.0776260877,57581.65316911568,45855.83731436258,71655.15649698235,64131.18478289211,73.73599658741571,70773.37476787136,31015.18393485003,1615.6004332611149,44966.0,44966.0,8114593862.0,16229187332.0,24343780418.0
ID50_DCHA_aug2_048,73.0,74.0,310326242275.0,45419.0,45414.5,45410.0,45459.0,45434.5,45410.0,45414.0,45412.0,45410.0,94100390181667.5,94100383358992.5,94100376536317.5,77664.84395839149,23818.36949390871,74771.04677770872,83305.96667966436,72747.19254923571,88367.74574252781,92507.09202791537,7825.210647731037,96399.18087591679,12559.8963444258,8857.511967599992,17194.483114543957,17723.7643500791,32409.442725266632,25787.992753302784,34331.8814585038,51175.33819308175,42613.441864636006,62508.348139249145,50571.998533027254,51444.75055565108,68185.98886815557,58150.94842828255,46308.664749836236,72362.89307613649,64765.13828920462,74.46409379979234,71472.90000393378,31321.454266672823,1631.4978512567786,45410.0,45410.0,8275366262.0,16550732132.0,24826097618.0
ID50_DCHA_aug2_054,73.0,72.0,322561594675.0,46307.0,46302.5,46298.0,46347.0,46322.5,46298.0,46302.0,46300.0,46298.0,99720083927047.5,99720076971172.5,99720070015297.5,79184.94810109427,24284.172614747036,76233.5158883761,84936.3504275726,74170.05265254808,90097.07750681961,94317.33130530115,7978.242124069251,98285.49072493255,12806.043125744663,9032.23891192933,17530.91299807149,18071.86846658856,33043.39623144157,26293.7865134568,35004.74122562719,52176.22886190915,43448.234086743265,63731.17035593084,51562.40325302852,52450.86458338305,69519.8113522906,59289.538946615765,47214.31962078349,73778.36623444423,66033.04530183277,75.92028822457644,72871.95047605656,31933.994930318295,1663.292688023751,46298.0,46298.0,8601642326.0,17203284260.0,25804925810.0
ID50_IZDA,77.0,77.0,96361852430.0,25452.216666666664,25447.608333333334,25443.0,25492.333333333332,25467.666666666668,25443.0,25447.120430107527,25445.060215053763,25443.0,16613719152150.0,16613715375708.0,16613711599266.0,43484.7545400962,13344.618464879411,41886.901808454495,46646.200604229365,40753.6703838771,49483.09787043418,51803.20957785986,4384.242755790094,53984.824225705735,7025.197264929036,4928.713660417991,9629.735947438352,9896.517848476558,18154.769687204618,14415.037789593422,19202.387124721714,28669.950823178995,23842.837927384335,35012.749940504946,28302.39150528803,28821.914078483827,38194.50965562856,32549.330326451727,25944.68861447002,40535.46903115944,36255.79221454244,41.72103740437605,40014.74598677516,17548.256709228186,928.8478395809293,25443.0,25443.0,2604374194.0,5208748001.333333,7813121430.0
ID981_DCHA,53.0,53.0,98807964775.0,25600.0,25595.5,25591.0,25640.0,25615.5,25591.0,25595.0,25593.0,25591.0,16906464524407.5,16906460674582.5,16906456824757.5,43738.10521487393,13422.25231835239,42130.64666023238,46917.93120693803,40990.81373442919,49771.31980051243,52104.916083639815,4409.748001846438,54299.209144358865,7066.221728482087,4957.8348170955605,9685.807594692898,9954.535200209099,18260.428604900408,14499.336748240301,19314.53041727501,28836.765934650248,23981.969961526884,35216.553643285166,28467.45895454239,28989.59974977251,38416.813402984335,32739.095407069464,26095.63109296125,40771.38122421082,36467.11004226306,41.96373647515966,40247.92105460092,17650.346819835788,921.8791009272021,25591.0,25591.0,2634878862.0,5269757332.0,7904635418.0
ID981_IZDA,53.0,53.0,99966287275.0,25750.0,25745.5,25741.0,25790.0,25765.5,25741.0,25745.0,25743.0,25741.0,17204624192482.5,17204620320157.5,17204616447832.5,43994.87956330394,13500.935277953493,42377.68536135867,47193.33386705686,41231.161724853824,50063.43665258881,52410.69974536077,4435.597913390057,54617.842564800296,7107.800576677975,4987.349503637326,9742.636966910415,10013.336571241043,18367.51534580835,14584.774883400914,19428.18916172182,29005.835304384535,24122.98216120691,35423.111450156925,28634.75704913744,29159.55144364615,38642.12125503408,32931.42488651778,26248.613334675305,41010.48141987124,36681.28352412587,42.20971526312183,40484.2471478653,17753.81652653265,927.2498406986484,25741.0,25741.0,2665767462.0,5331534532.0,7997301218.0
ID982_DCHA,64.0,64.0,101131359775.0,25900.0,25895.5,25891.0,25940.0,25915.5,25891.0,25895.0,25893.0,25891.0,17506268953057.5,17506265058232.5,17506261163407.5,44251.653911733425,13579.61823755456,42624.72406248502,47468.736527176996,41471.50971527813,50355.55350466519,52716.48340708146,4461.447824933673,54936.47598524172,7149.379424873588,5016.864190179353,9799.466339127768,10072.137942272466,18474.60208671626,14670.213018562828,19541.84790616785,29174.904674118825,24263.994360887453,35629.66925702923,28802.055143732225,29329.50313751977,38867.429107083735,33123.75436596532,26401.595576389394,41249.58161553139,36895.45700598946,42.455694051094284,40720.57324112916,17857.28623322954,932.6205806333912,25891.0,25891.0,2696836062.0,5393671732.0,8090507018.0
ID982_IZDA,64.0,64.0,102303182275.0,26050.0,26045.5,26041.0,26090.0,26065.5,26041.0,26045.0,26043.0,26041.0,17811419056132.5,17811415138807.5,17811411221482.5,44508.42826016292,13658.301197155623,42871.762763611405,47744.13918729583,41711.85770570244,50647.67035674236,53022.26706880163,4487.297736477271,55255.109405683674,7190.958273069476,5046.378876721119,9856.29571134522,10130.93931330493,18581.688827624333,14755.651153723702,19655.506650614403,29343.974043853177,24405.006560567737,35836.227063900806,28969.353238327014,29499.454831393454,39092.73695913385,33316.083845413894,26554.57781810345,41488.68181119144,37109.63048785175,42.70167283905644,40956.899334393805,17960.75593992644,937.9913207285924,26041.0,26041.0,2728084662.0,5456168932.0,8184252818.0
ID982_IZDA_aug0_014,111.0,113.0,184365044575.0,34993.0,34988.5,34984.0,35033.0,35008.5,34984.0,34988.0,34986.0,34984.0,43090538972974.5,43090533714199.5,43090528455424.5,59817.31491353909,18349.379248570905,57600.21012475908,64163.64578362408,56041.40489480426,68063.67707753653,71253.0889805865,6028.4694627069375,74252.03393241722,9669.889202500137,6806.04448835513,13244.462882949634,13636.677054224592,24966.200320557044,19849.472772032932,26431.840994511695,39423.88986741411,32812.15390551499,48151.20350960515,38943.66563806469,39631.97482014018,52525.59109834492,44782.767410109096,35675.37906909662,55743.83547645026,49878.65347651904,57.36692817758888,55046.66101479513,24129.61985319468,1258.1950586014768,34984.0,34984.0,4916400990.0,9832801588.0,14749201802.0
ID983_DCHA,94.0,94.0,103481754775.0,26200.0,26195.5,26191.0,26240.0,26215.5,26191.0,26195.0,26193.0,26191.0,18120094751707.5,18120090811882.5,18120086872057.5,44765.20260859292,13736.98415675668,43118.801464737655,48019.5418474157,41952.2056961267,50939.78720881848,53328.050730521805,4513.147648020856,55573.74282612588,7232.53712126518,5075.893563263666,9913.125083562767,10189.740684336613,18688.77556853234,14841.089288884836,19769.165395061216,29513.04341358753,24546.01876024802,36042.78487077293,29136.651332921803,29669.406525267124,39318.0448111835,33508.41332486142,26707.560059817508,41727.78200685159,37323.80396971481,42.94765162703402,41193.22542765741,18064.22564662333,943.362060981466,26191.0,26191.0,2759513262.0,5519026132.0,8278538618.0
ID983_IZDA,65.0,65.0,104667077275.0,26350.0,26345.5,26341.0,26390.0,26365.5,26341.0,26345.0,26343.0,26341.0,18432316289782.5,18432312327457.5,18432308365132.5,45021.976957021885,13815.667116357723,43365.84016586382,48294.94450753557,42192.553686551146,51231.90406089486,53633.8343922425,4538.997559564477,55892.376246567044,7274.115969460884,5105.408249805691,9969.954455780251,10248.542055368038,18795.86230944012,14926.52742404623,19882.824139507247,29682.112783321816,24687.030959929085,36249.34267764469,29303.94942751581,29839.358219140726,39543.35266323343,33700.74280431,26860.542301531565,41966.88220251173,37537.97745157788,43.193630415001344,41429.55152092153,18167.69535332022,948.7328013893188,26341.0,26341.0,2791121862.0,5582243332.0,8373364418.0
ID984_DCHA,137.0,137.0,103730240810.0,26500.325,26495.662500000002,26491.0,26540.5,26515.75,26491.0,26495.18064516129,26493.090322580647,26491.0,18744922487964.0,18744918583056.0,18744914678148.0,45278.75133508379,13894.350075958773,43612.878866990344,48570.34720906961,42432.90167697536,51524.02096839466,53939.61813101988,4564.847471108085,56211.00977385351,7315.694817656588,5134.922937711495,10026.783827997606,10307.343428271888,18902.949050348194,15011.965561879211,19996.482887757746,29851.18215305617,24828.04316509181,36455.90048451672,29471.24752987546,30009.309913014396,39768.66051528327,33893.07229427989,27013.52454324567,42205.98239817188,37752.15094826496,43.43960920296863,41665.87763501404,18271.165060017138,975.7206610922007,26491.0,26491.0,2822591392.0,5645182400.0,8467773032.0
ID984_DCHA_aug3_004,147.0,147.0,349383617786.0,48688.325000000004,48683.6625,48679.0,48728.5,48703.75,48679.0,48683.180645161294,48681.09032258064,48679.0,115871938026768.0,115871930860224.0,115871923693680.0,83260.81297948095,25533.133460147896,80154.84353758665,89307.90872844492,77985.17642055129,94733.94577370006,99171.13743691893,8388.566386638024,103343.2654145807,13466.0380427717,9500.735372139618,18432.98456640297,19005.242232864406,34743.219765454145,27649.97451714611,36808.88436944641,54859.92332415851,45686.56774638681,67009.9312770108,54217.98168879417,55148.56447080396,73096.19799049507,62342.44890300685,49642.65773759172,77573.6833402234,69432.69239777488,79.8247915188727,76623.23336797899,33576.40407462024,1788.274707805554,48679.0,48679.0,9507037024.0,19014073664.0,28521109928.0
ID984_DCHA_aug3_043,138.0,140.0,436771233605.0,54445.325000000004,54440.6625,54436.0,54485.5,54460.75,54436.0,54440.180645161294,54438.09032258064,54436.0,161959121439024.0,161959113426201.0,161959105413378.0,93115.81247861609,28552.985449636606,89636.18888681232,99877.8628327834,87209.73229303969,105945.39056837077,110907.11439040974,9380.68599168156,115572.41611422255,15061.834236524648,10633.509041915207,20614.09587210867,21262.03885347195,38853.20888150174,30929.090145210288,41171.106982123056,61348.80573456221,51098.61597130686,74937.61990475532,60638.882561016646,61671.31048167454,81743.51335216736,69724.05432649956,55514.116174577895,86750.34884966072,77652.67063487694,89.26545740100705,85693.42883195309,37547.571417646606,1999.1038376549868,54436.0,54436.0,11884931332.0,23769862280.0,35654792852.0
ID984_DCHA_aug3_053,147.0,147.0,461008728845.0,55937.325000000004,55932.6625,55928.0,55977.5,55952.75,55928.0,55932.180645161294,55930.09032258064,55928.0,175625702453256.0,175625694221109.0,175625685988962.0,95669.86133265636,29335.618621135207,92093.40050068244,102617.20129442525,89600.39363779391,108850.97952679389,113948.64254997323,9637.806445168608,118741.75654220178,15475.405179911631,10927.081790796788,21179.358694431623,21846.91649077283,39918.36499773301,31778.91479642953,42301.63262709722,63030.48239885315,52501.2173177681,76992.1815571086,62302.940942353925,63361.763330070964,83984.57545388967,71637.09154933272,57035.779538827155,89128.5987958273,79782.98286863766,91.71212641196595,88044.0857074527,38576.75010025828,2053.742900925673,55928.0,55928.0,12544455012.0,25088909640.0,37633363892.0
ID984_DCHA_aug3_057,147.0,147.0,470807109101.0,56529.325000000004,56524.6625,56520.0,56569.5,56544.75,56520.0,56524.180645161294,56522.09032258064,56520.0,181254526956072.0,181254518636901.0,181254510317730.0,96683.26409511594,29646.15403502733,93068.37990779379,103704.12379395156,90548.9670400021,110003.86737088705,115155.46873661046,9739.827429393996,119999.2964439188,15639.503034124391,11043.566420379875,21403.64528344987,22078.985901820615,40341.00066851643,32116.110636590864,42750.205805264,63697.742844737906,53057.74546596178,77807.39636822949,62963.21075586061,64032.506015225634,84873.79044331332,72396.15189512091,57639.5494527921,90072.24756803228,80628.25421071965,92.68292269514168,88976.78602266527,38985.11054268869,2075.422744160539,56520.0,56520.0,12811077604.0,25622154824.0,38433231668.0
ID984_IZDA,100.0,100.0,103446748540.0,26647.541666666668,26642.770833333332,26638.0,26687.833333333332,26662.916666666668,26638.0,26642.0,26640.0,26638.0,19055694225810.0,19055690352860.0,19055686479910.0,45530.39023904338,13971.459376367837,43854.976794093905,48840.24187501482,42668.44270759153,51810.29556750022,54239.28623565641,4590.180384420818,56523.270685925214,7356.442088888544,5163.847332588917,10082.476612770763,10364.968774902647,19007.894056437908,15095.694938621502,20107.868463376435,30016.87013539581,24966.23512888514,36658.327135251035,29635.199673988143,30175.862573010545,39989.462210292106,34081.55520060003,27163.447140125445,42440.30058991888,37962.04098353659,43.6806684151733,41897.477238592386,18372.56537258006,994.5456755175046,26638.0,26638.0,2853703216.0,5707406053.333333,8561108520.0
ID984_IZDA_aug2_006,97.0,99.0,223393199185.0,39188.541666666664,39183.770833333336,39179.0,39228.833333333336,39203.916666666664,39179.0,39183.0,39181.0,39179.0,60471900542112.0,60471894850717.0,60471889159322.0,66998.43763052602,20549.87935208062,64509.05913292379,71865.74032577184,62763.1370270066,76233.21191208143,79804.83900371045,6751.405322209756,83163.14898261313,10832.710990374466,7631.471893683363,14833.790992630935,15281.155404596568,27961.05950794993,22238.89262892011,29610.49722868283,44152.19657431749,36755.795109862294,53927.93684178979,43622.43571171524,44384.95719213988,58826.700694005034,50161.5818916252,39953.78242903355,62430.670948413004,55868.37190822033,64.2461349476961,61655.914167573756,27023.322650484195,1460.1476433340058,39179.0,39179.0,6162570820.0,12325141261.333334,18487711332.0
ID984_IZDA_aug2_027,99.0,99.0,260355856060.0,42311.541666666664,42306.770833333336,42302.0,42351.833333333336,42326.916666666664,42302.0,42306.0,42304.0,42302.0,76085101263138.0,76085095118908.0,76085088974678.0,72344.47957324148,22188.0585709747,69652.4048903722,77599.6237211721,67767.18218764258,82315.08478857622,86171.25486326139,7289.600480547582,89797.09682732847,11698.382609809963,8245.967667886805,16016.978522198408,16505.399950049916,30190.605453653512,24017.71460378719,31976.872289208626,47672.22085218639,39691.6691087934,58228.470380862935,47105.58204341326,47923.35145858925,63517.610173682806,54165.881656880185,43138.87270152055,67408.73702205766,60327.46380502274,69.36741331316624,66576.22343551111,29177.561943913373,1576.0934034001805,42302.0,42302.0,7182230320.0,14364460261.333334,21546689832.0
ID984_IZDA_aug2_028,100.0,97.0,262140731385.0,42456.541666666664,42451.770833333336,42447.0,42496.833333333336,42471.916666666664,42447.0,42451.0,42449.0,42447.0,76868844598968.0,76868838433713.0,76868832268458.0,72592.69477711484,22264.11876525578,69891.20896812814,77865.84629316423,67999.51857838557,82597.464413006,86466.84573730345,7314.588728373057,90105.1091351997,11738.575496399175,8274.498531564106,16071.913582008692,16562.24127540732,30294.122636531203,24100.304801147624,32086.74240889297,47835.6545762628,39827.98090189116,58428.1429275059,47267.30353495846,48087.638096000344,63735.40776399777,54351.80015382631,43286.755535177566,67639.86721119544,60534.498171028536,69.60519280820269,66804.67199261993,29277.58266038701,1581.4767324009956,42447.0,42447.0,7231468260.0,14462936141.333334,21694403652.0
ID984_IZDA_aug2_059,99.0,96.0,321942942040.0,47057.541666666664,47052.770833333336,47048.0,47097.833333333336,47072.916666666664,47048.0,47052.0,47050.0,47048.0,104620512958320.0,104620506125920.0,104620499293520.0,80468.81997033802,24677.58741275231,77468.70939400746,86313.3639051517,75371.7926046699,91557.662012991,95846.24995433724,8107.491681787208,99878.65829739253,13013.937366723369,9179.812350683398,17815.059859158388,18365.875330365405,33578.82993598157,26720.977201519545,35573.0349652418,53021.57571058062,44153.29510909005,64763.959390290365,52398.89375978791,53300.62305275132,70646.35061253942,60251.18639139979,47979.23082935387,74973.86721274514,67103.91277787481,77.15018216438206,74053.5810357781,32451.343463802736,1752.2953460262956,47048.0,47048.0,8881184416.0,17762368453.333332,26643552120.0
ID985_DCHA,82.0,82.0,108199077175.0,26792.0,26787.5,26783.0,26832.0,26807.5,26783.0,26787.0,26785.0,26783.0,19373141450707.5,19373137422082.5,19373133393457.5,45778.60537039495,14047.519570648868,44093.78087184955,49106.46434602128,42900.77909833475,52092.67505167959,54534.876915446446,4615.168632246318,56831.28272546832,7396.634975477664,5192.378192815776,10137.411672581047,10421.810095341707,19111.411239315632,15178.28512898838,20217.738573142873,30180.30385947235,25102.54690832065,36857.999681894,29796.921146255114,30340.149210421743,40207.259800606975,34267.473670416904,27311.329973782387,42671.430779057206,38169.07531146778,43.91844791020972,42125.925742405576,18472.586089053715,964.5585840007749,26783.0,26783.0,2885308526.0,5770616660.0,8655924410.0
ID985_IZDA,80.0,80.0,109411039675.0,26942.0,26937.5,26933.0,26982.0,26957.5,26933.0,26937.0,26935.0,26933.0,19699554915982.5,19699550864857.5,19699546813732.5,46035.37971882522,14126.202530249951,44340.81957297544,49381.867006140106,43141.127088759196,52384.791903756755,54840.66057716662,4641.0185437899,57149.91614590975,7438.213823673367,5221.892879357281,10194.241044798302,10480.611466374692,19218.497980223703,15263.723264148472,20331.397317589683,30349.373229206638,25243.559108000936,37064.55748876594,29964.2192408499,30510.10090429535,40432.56765265681,34459.80314986496,27464.312215496495,42910.53097471717,38383.2487933298,44.16442669817189,42362.25183567048,18576.055795750573,969.9293249952623,26933.0,26933.0,2917627526.0,5835254660.0,8752881410.0
ID986_DCHA,97.0,97.0,110629752175.0,27092.0,27087.5,27083.0,27132.0,27107.5,27083.0,27087.0,27085.0,27083.0,20029614393757.5,20029610320132.5,20029606246507.5,46292.15406725419,14204.88548985096,44587.8582741021,49657.26966626024,43381.475079183685,52676.90875583262,55146.44423888809,4666.868455333492,57468.54956635144,7479.792671869163,5251.407565899828,10251.070417015819,10539.412837406115,19325.584721131614,15349.161399310125,20445.056062035714,30518.442598941023,25384.57130768174,37271.11529563779,30131.517335444427,30680.052598169048,40657.87550470683,34652.13262931301,27617.294457210533,43149.63117037741,38597.42227519313,44.410405486128894,42598.57792893408,18679.525502447475,975.300066132294,27083.0,27083.0,2950126526.0,5900252660.0,8850378410.0
ID986_IZDA,96.0,96.0,111105440751.0,27242.108333333334,27237.55416666667,27233.0,27282.166666666668,27257.583333333332,27233.0,27237.060215053763,27235.030107526884,27233.0,20362219588550.0,20362215519807.0,20362211451064.0,46548.92842266421,14283.56844945206,44834.89697522816,49932.67233616838,43621.82306960809,52969.02562159858,55452.22791970011,4692.718366877104,57787.18301098293,7521.37152006496,5280.92225275423,10307.899789233303,10598.214208885536,19432.671462039525,15434.599535113191,20558.714807316566,30687.511968675408,25525.583508632608,37477.67310250964,30298.815431845265,30850.004292042668,40883.18335675649,34844.46211131994,27770.276698924674,43388.731366037464,38811.59576067194,44.656384274096204,42834.904026839315,18782.995209144323,989.5204606092556,27233.0,27233.0,2982696198.6666665,5965392008.0,8948087436.0
ID986_IZDA_aug2_014,106.0,106.0,243734181375.0,40380.10833333334,40375.55416666667,40371.0,40420.166666666664,40395.583333333336,40371.0,40375.06021505377,40373.03010752688,40371.0,66160069564570.0,66160063538264.99,66160057511960.0,69038.93769047431,21175.146604377012,66472.19334454004,74054.27333186868,64673.10239091257,78554.56697869714,82234.7995800989,6956.825952609605,85695.22220767512,11163.12423737004,7866.015264828585,15285.395070519051,15748.43029321173,28812.042142365055,22917.841000405228,30513.70537129948,45495.734499139624,37876.372038585425,55569.38288039844,44951.89787794831,45735.50665278907,60617.147091628045,51689.9601191414,41169.481309854775,64330.7205032593,57570.33712717431,66.20084638272043,63533.91878441773,27845.56191970213,1464.1939283414742,40371.0,40371.0,6543199302.666667,13086398216.0,19629596748.0
ID986_IZDA_aug2_016,95.0,97.0,247351232514.0,40679.10833333334,40674.55416666667,40670.0,40719.166666666664,40694.583333333336,40670.0,40674.06021505377,40672.03010752688,40670.0,67638256209128.0,67638250138272.0,67638244067416.0,69550.77455842013,21331.98797051515,66964.62382211868,74603.24263448016,65152.19605182495,79136.85323731991,82844.32834600341,7008.353442953149,86330.36482601994,11246.004741439892,7924.84787333886,15398.6749524725,15865.641026140032,29025.501712575027,23088.147683166833,30740.26513523905,45832.746109476815,38157.4563566285,55981.121442096424,45285.37874652713,46074.27702924379,61066.2607433806,52073.33688153655,41474.42591167148,64807.32689327484,57997.25626772675,66.6911641000812,64004.99546370767,28051.811535051278,1474.9967476041463,40670.0,40670.0,6640301346.666667,13280602304.0,19920902880.0
ID986_IZDA_aug2_033,106.0,106.0,278778534375.0,43190.10833333334,43185.55416666667,43181.0,43230.166666666664,43205.583333333336,43181.0,43185.06021505377,43183.03010752688,43181.0,80930123426630.0,80930116981635.0,80930110536640.0,73849.17715177372,22649.14071423694,71100.0516789715,79213.48316577658,69175.62141152976,84026.88934233459,87963.1468449582,7441.080962193078,91664.28828643165,11942.03466023703,8418.92372608017,16349.998643392733,16849.97597725601,30818.133755374183,24518.382065823247,32642.912517348675,48662.967358829614,40518.00057939534,59438.899129132216,48085.948850208544,48919.26838468863,64837.9141866952,55292.93236773182,44035.34863796504,68809.86416862605,61582.520354444925,70.8088490106213,67961.09426537315,29783.894425157083,1565.7187576293047,43181.0,43181.0,7483987302.666667,14967974216.0,22451960748.0
ID987_DCHA,105.0,105.0,113079190075.0,27391.0,27386.5,27382.0,27431.0,27406.5,27382.0,27386.0,27384.0,27382.0,20698490720785.5,20698486602310.5,20698482483835.5,46803.99093512425,14361.726855989089,45080.28875168014,50206.238968765,43860.56874009642,53259.19501430545,55755.973004583575,4718.3959456770845,58103.69218443282,7562.673175939384,5310.2401744072395,10364.350298969268,10656.623570329211,19539.04429134139,15519.468082064444,20671.61582596617,30855.45420927818,25665.655625711275,37682.85385733586,30464.99820400347,31018.822974623887,41106.98915645929,35035.50939167979,27922.23905902726,43626.23756039351,39024.34141570653,44.900723203474215,43069.65460817352,18885.7751177966,986.005743881326,27382.0,27382.0,3015444870.0,6030889348.0,9046333442.0
ID987_DCHA_aug2_032,99.0,99.0,278712900775.0,43040.0,43035.5,43031.0,43080.0,43055.5,43031.0,43035.0,43033.0,43031.0,80093881468327.5,80093875002502.5,80093868536677.5,73592.40279229682,22570.457754635812,70853.01297784572,78938.08049017019,68935.27342110517,83734.77246859316,87657.36315302772,7415.231050649516,91345.65482771098,11900.45581204151,8389.40903904459,16293.16927117512,16791.174605513672,30711.047014466145,24432.943929646895,32529.25377158312,48493.897989095196,40376.98837770466,59232.34132226027,47918.65075275552,48749.31669081498,64612.60633464481,55100.6028842346,43882.36639625097,68570.76397296636,61368.34686685889,70.5628702226643,67724.76816476588,29680.42471846029,1546.3177702432158,43031.0,43031.0,7432343822.0,14864687252.0,22297030298.0
ID987_DCHA_aug2_041,99.0,99.0,296257319575.0,44376.0,44371.5,44367.0,44416.0,44391.5,44367.0,44371.0,44369.0,44367.0,87774291101275.5,87774284435050.5,87774277768825.5,75879.40632230949,23271.260648149324,73053.30434254366,81391.00018296704,71075.9728558188,86336.55989775606,90380.87630008481,7645.467596131209,94183.61649244573,12270.78475330474,8652.286513845682,16799.32954639194,17314.898816837125,31664.832920153374,25193.912920148934,33541.57432211958,49999.74250886232,41632.93703619149,61072.08285546653,49408.719115279564,50263.01977758294,66619.34827023547,56813.61744785305,45244.92822911768,70700.34971564586,63275.91867865102,72.75372129414092,69829.64590210472,30601.994906107113,1594.1532413925809,44367.0,44367.0,7900194990.0,15800389588.0,23700583802.0
ID987_DCHA_aug2_055,103.0,104.0,324651732175.0,46457.0,46452.5,46448.0,46497.0,46472.5,46448.0,46452.0,46450.0,46448.0,100690902207322.5,100690895228947.5,100690888250572.5,79441.72244952455,24362.85557434806,76480.55458950208,85211.75308769247,74410.40064297266,90389.19435889469,94623.11496702289,8004.092035612769,98604.12414537372,12847.621973940368,9061.753598470314,17587.742370288775,18130.669837620244,33150.48297234967,26379.22464861741,35118.39997007244,52345.2982316434,43589.246286425885,63937.728162802414,51729.70134762331,52620.81627725674,69745.11920434044,59481.86842606356,47367.30186249758,74017.46643010475,66247.21878369505,76.16626701251289,73108.27656932146,32037.464637015233,1668.6634375764036,46448.0,46448.0,8657379326.0,17314758260.0,25972136810.0
ID987_DCHA_aug2_058,101.0,101.0,330962644675.0,46907.0,46902.5,46898.0,46947.0,46922.5,46898.0,46902.0,46900.0,46898.0,103641121273147.5,103641114227272.5,103641107181397.5,80212.0454948143,24598.904453151237,77221.67069288093,86037.96106805051,75131.44461424605,91265.54491512461,95540.46595218393,8081.6417702436165,99560.0244066993,12972.358518527664,9150.297658097434,17758.230486941033,18307.073950714253,33471.74319507347,26635.539054102897,35459.37620341132,52852.50634084623,44012.282885467,64557.401583418236,52231.59563140715,53130.67135887757,70421.04276048996,60058.85686440746,47826.2485876399,74734.76701708481,66889.739229284,76.90420337641477,73817.25484911304,32347.87375710586,1684.7756864002672,46898.0,46898.0,8825670326.0,17651340260.0,26477009810.0
ID987_IZDA,104.0,104.0,112785687414.0,27541.216666666664,27536.608333333334,27532.0,27581.333333333332,27556.666666666668,27532.0,27536.120430107527,27534.060215053763,27532.0,21037294620069.0,21037290534455.0,21037286448841.0,47060.76530050634,14440.4098155902,45327.327452806436,50481.64165261783,44100.91673052059,53551.31189951988,56061.756710057605,4744.245857220694,58422.32566564344,7604.2520241350885,5339.754861717448,10421.179671186817,10715.424942463058,19646.1310322494,15604.90621871743,20785.274572539736,31024.523579012468,25806.667828502035,37889.4116642078,30632.296303010295,31188.77466849744,41332.297008509224,35227.83887736988,28075.22130074138,43865.337756053465,39238.51490591599,45.14670199145696,43305.98071318607,18989.24482449347,1004.652600905033,27532.0,27532.0,3048261626.0,6096522865.333333,9144783726.0
ID987_IZDA_aug2_004,105.0,104.0,224583324534.0,38890.21666666667,38885.60833333334,38881.0,38930.333333333336,38905.666666666664,38881.0,38885.12043010753,38883.06021505377,38881.0,59111833164891.0,59111827399625.0,59111821634359.0,66488.31250964534,20393.56253900648,64018.275580019195,71318.60692699297,62285.6456860302,75652.87294120644,79197.34857378037,6700.0501646097755,82530.13028117726,10750.107678625433,7572.836045799487,14720.889973158939,15164.336675185783,27748.31384934607,22069.155525624483,29384.695178230548,43816.312093111985,36475.65085759762,53517.575332137356,43290.07014185592,44047.31982697748,58379.08909459933,49779.487294973,39649.8577088283,61955.65855970175,55442.88054708669,63.75745708894002,61186.41293435959,26817.762833179724,1416.480724728431,38881.0,38881.0,6069819386.0,12139638385.333334,18209457006.0
ID987_IZDA_aug2_007,100.0,100.0,229720395062.0,39333.21666666667,39328.60833333334,39324.0,39373.333333333336,39348.666666666664,39324.0,39328.12043010753,39326.06021505377,39324.0,61151551938765.0,61151546107935.0,61151540277105.0,67246.65275227961,20625.93954636161,64747.86321067907,72131.96278359086,62995.47341775033,76515.59137820319,80100.4296554289,6776.393570035228,83471.16098385437,10872.903876963677,7660.002753399228,14888.726052441285,15337.996724317165,28064.576690827296,22321.48281815775,29720.36733686292,44315.630298394164,36892.10688737046,54127.609388432385,43784.157181296825,44549.24382955092,59044.49828432036,50347.50035770867,40101.66526269059,62661.801137551054,56075.406230322864,64.48391444273256,61884.362663320644,27123.343366957903,1432.5561450220528,39324.0,39324.0,6208659130.0,12417317873.333334,18625976238.0
ID987_IZDA_aug2_026,100.0,100.0,263908210062.0,42163.21666666667,42158.60833333334,42154.0,42203.333333333336,42178.666666666664,42154.0,42158.12043010753,42156.06021505377,42154.0,75298688039610.0,75298681789940.0,75298675540270.0,72091.12879438531,22110.424717501624,69408.66003859487,77327.89297360781,67530.0388370904,82026.86265743124,85869.54807769749,7264.0952344912175,89482.7115224009,11657.35814625682,8216.846506237265,15960.906874943765,16447.382591231406,30084.94653595756,23933.415635017536,31864.728982304558,47505.40574071503,39552.537054992565,58024.66667808244,46940.51456643379,47755.66578730043,63295.306426327035,53976.11653726892,42987.930223029376,67172.82482900628,60116.14592232253,69.12471424235687,66343.0482907695,29075.471833305794,1535.250148004901,42154.0,42154.0,7132654130.0,14265307873.333334,21397961238.0
ID987_IZDA_aug2_065,103.0,105.0,341155681710.0,47947.21666666667,47942.60833333334,47938.0,47987.333333333336,47962.666666666664,47938.0,47942.12043010753,47940.06021505377,47938.0,110671762838790.0,110671755733088.0,110671748627386.0,81992.34767337484,25144.439639718625,78934.47235402357,87947.41955277587,76797.85734785476,93290.88848042261,97660.56608278777,8260.867823612558,101769.2162273305,13260.638532684976,9354.932819457483,18152.247467648693,18714.763458449757,34214.21126536886,27227.910127143532,36247.410168603776,54024.720637671046,44989.96747531991,65989.53571106424,53391.52909492944,54309.00310306822,71983.17720136815,61392.34126609228,48886.92546352412,76392.52837366257,68374.67538470036,78.60965630631385,75455.78244948579,33065.26372353762,1745.137858865006,47938.0,47938.0,9220423634.0,18440846881.333332,27661269750.0
ID988_DCHA,109.0,109.0,115547121775.0,27689.0,27684.5,27680.0,27729.0,27704.5,27680.0,27684.0,27682.0,27680.0,21379783853602.5,21379779690427.5,21379775527252.5,47314.11597400412,14518.043669063227,45571.07230458436,50753.37225353607,44338.06008107283,53839.53382709652,56363.46321253628,4769.751103277051,58736.710579709594,7645.276487688324,5368.876018336968,10477.251318441296,10773.44229411282,19751.78994994535,15689.205177251853,20897.41786493242,31191.338690483753,25945.799862409523,38093.21536698802,30797.363751931716,31356.460339786125,41554.60075586518,35417.603957516454,28226.163779232607,44101.249949104575,39449.83273300744,45.389401062240594,43539.15578012547,19091.33493510107,996.6756172245567,27680.0,27680.0,3081256382.0,6162512372.0,9243767978.0
ID988_DCHA_aug3_034,112.0,112.0,424416589675.0,53127.0,53122.5,53118.0,53167.0,53142.5,53118.0,53122.0,53120.0,53118.0,150505387792717.5,150505379813842.5,150505371834967.5,90859.62180969777,27861.624511275255,87465.54216625053,97457.99137434139,85097.8746171771,103378.6570478916,108220.2951248676,9153.551435585106,112772.69024101441,14696.494757044828,10374.173326705713,20114.75512155807,20745.370802835314,37912.27338472362,30178.373725452275,40172.42547312515,59863.24953916349,49859.58876554765,73122.66530837427,59168.88995393661,60178.00159817153,79763.80835882307,68034.11927885417,54169.91221071689,84649.45513045964,75770.79961053301,87.10412378406514,83616.91018312868,36638.41759480338,1907.4827923724108,53118.0,53118.0,11317775526.0,22635550660.0,33953325410.0
ID988_DCHA_aug3_036,112.0,112.0,429217414675.0,53427.0,53422.5,53418.0,53467.0,53442.5,53418.0,53422.0,53420.0,53418.0,153066276260767.5,153066268236892.5,153066260213017.5,91373.17050655621,28018.99043047737,87959.61956850228,98008.79669457958,85578.57059802608,103962.89075204644,108831.86244830793,9205.251258672248,113409.9570818983,14779.652453436052,10433.202699789766,20228.413865993105,20862.973544900244,38126.44686653971,30349.24999577298,40399.74296201877,60201.38827863193,50141.613164908216,73535.78092211779,59503.486143124625,60517.90498591877,80214.42406292293,68418.77823775185,54475.87669414503,85127.65552177993,76199.14657425966,87.59608135999972,84089.56236965641,36845.35700819708,1918.2242935717654,53418.0,53418.0,11445797526.0,22891594660.0,34337391410.0
ID989_DCHA,147.0,147.0,116799449275.0,27839.0,27834.5,27830.0,27879.0,27854.5,27830.0,27834.0,27832.0,27830.0,21728302000177.5,21728297814502.5,21728293628827.5,47570.89032243413,14596.72662866427,45818.11100571071,51028.77491365516,44578.40807149732,54131.650679173166,56669.246874256445,4795.601014820659,59055.34400015155,7686.855335884028,5398.390704878473,10534.080690658682,10832.243665144502,19858.876690853293,15774.643312413247,21011.076609379234,31360.408060217975,26086.812062089546,38299.773173860056,30964.661846526244,31526.41203365981,41779.90860791484,35609.93343696451,28379.14602094663,44340.350144765,39664.00621487051,45.635379850192464,43775.48187338933,19194.80464179792,1002.0463590373691,27830.0,27830.0,3114651782.0,6229303172.0,9343954178.0
ID989_DCHA_aug3_020,148.0,148.0,391812097075.0,51043.0,51038.5,51034.0,51083.0,51058.5,51034.0,51038.0,51036.0,51034.0,133499707737799.52,133499700071524.5,133499692405249.5,87292.17019551365,26768.45592588453,84033.35114526913,93631.73041641309,81758.63987021396,99320.18024971316,103971.9407846931,8794.40999787259,108345.80991967836,14118.825959445083,9964.115948348293,19325.205710216873,19928.423754633986,36424.48159770913,28991.353234278384,38593.32665028253,57514.31242898753,47900.459271321204,70252.88884490012,56844.561759698656,57816.806064620214,76633.53126767727,65362.02171105645,52044.47893250275,81327.55641208807,72795.2160358518,83.68665848993052,80333.55299404761,35200.878469761316,1832.8651661684166,51034.0,51034.0,10448322390.0,20896644388.0,31344966002.0
ID990_DCHA,70.0,70.0,118058526775.0,27989.0,27984.5,27980.0,28029.0,28004.5,27980.0,27984.0,27982.0,27980.0,22080587254252.5,22080583046077.5,22080578837902.5,47827.664670863094,14675.409588265333,46065.14970683668,51304.17757377529,44818.75606192154,54423.76753124903,56975.03053597766,4821.45092636426,59373.977420593495,7728.434184079824,5427.90539142076,10590.910062876133,10891.045036176707,19965.9634317613,15860.08144757386,21124.735353825523,31529.477429952392,26227.82426177035,38506.330980731815,31131.95994112129,31696.36372753343,42005.21645996486,35802.262916413085,28532.12826266072,44579.450340424955,39878.17969673305,45.881358638154616,44011.807966653716,19298.274348494833,1007.4171009794619,27980.0,27980.0,3148227182.0,6296453972.0,9444680378.0
ID990_IZDA,83.0,83.0,117725007150.0,28139.216666666664,28134.608333333334,28130.0,28179.333333333332,28154.666666666668,28130.0,28134.120430107527,28132.060215053763,28130.0,22434269317590.0,22434265143472.0,22434260969354.0,48084.439036611955,14754.092547866387,46312.188407963025,51579.580258140675,45059.104052346025,54715.884417179586,57280.814242396365,4847.300837907857,59692.61090311739,7770.0130322755285,5457.4200787481495,10647.739435093716,10949.846408333982,20073.05017266911,15945.519584259124,21238.394100445686,31698.546799686683,26368.836464628268,38712.88878760366,31299.25804022339,31866.31542140713,42230.524312014604,35994.59240223776,28685.11050437481,44818.55053608529,40092.35318712344,46.12733742612192,44248.13407191903,19401.744055191743,1026.3525806429934,28130.0,28130.0,3181756754.0,6363513121.333333,9545269110.0
ID990_IZDA_aug2_034,101.0,102.0,278812114350.0,43339.21666666667,43334.60833333334,43330.0,43379.333333333336,43354.666666666664,43330.0,43334.12043010753,43332.06021505377,43330.0,81766514217990.0,81766507794272.0,81766501370554.0,74104.23968679454,22727.299120773947,71345.44345542509,79487.04982995223,69414.3670820169,84317.05877911914,88266.89198744649,7466.758540993094,91980.79754124535,11983.336316111361,8448.24164875855,16406.449153128633,16908.38534016785,30924.506584676245,24603.250614745066,32755.81353885469,48830.90959943219,40658.0727006187,59644.0798839588,48252.13162824512,49088.087067269866,65061.71998639755,55483.97965640709,44187.310998067725,69047.37036298163,61795.2660204811,71.05318793998389,68195.8448624594,29886.67433380933,1577.9244090852276,43330.0,43330.0,7535462354.0,15070924321.333334,22606385910.0
ID990_IZDA_aug2_066,101.0,100.0,343262211294.0,48095.21666666667,48090.60833333334,48086.0,48135.333333333336,48110.666666666664,48086.0,48090.12043010753,48088.06021505377,48086.0,111698388035496.0,111698380907890.0,111698373780284.0,82245.69836391737,25222.0734931917,79178.21720580154,88219.15017755383,77035.00069840648,93579.11044131484,97962.27262925301,8286.37306966894,102083.60120249097,13301.662996237936,9384.05397684883,18208.319114903206,18772.780811207667,34319.87018306462,27312.209087177616,36359.55346313571,54191.535749142204,45129.09951235505,66193.33941384418,53556.59654828607,54476.68877435681,72205.48094872393,61582.10635251421,49037.867942015444,76628.44056671395,68585.99322018298,78.85235537710263,75688.95752823557,33167.353834145186,1750.5084301659097,48086.0,48086.0,9277356866.0,18554713345.333332,27832069446.0
ID991_DCHA,96.0,96.0,120579919675.0,28287.0,28282.5,28278.0,28327.0,28302.5,28278.0,28282.0,28280.0,28278.0,22791716548177.5,22791712295302.5,22791708042427.5,48337.789709744255,14831.726401339438,46555.93325974105,51851.310858545585,45296.24740289817,55004.10634404141,57582.52074392854,4872.806083964211,60006.995815870534,7811.037495828672,5486.541235351009,10703.811082348197,11007.863759959793,20178.70909036503,16029.818542761011,21350.537392792034,31865.36191115787,26507.96849846912,38916.692490383975,31464.325489049275,32034.0010926957,42452.82805937029,36184.357482249485,28836.052982866026,45054.46272913685,40303.67101403423,46.37003649692611,44481.30913860436,19503.834165799322,1018.0869753463908,28278.0,28278.0,3215464326.0,6430928260.0,9646391810.0
ID991_IZDA,87.0,87.0,121859157175.0,28437.0,28432.5,28428.0,28477.0,28452.5,28428.0,28432.0,28430.0,28428.0,23155373453452.5,23155369178077.5,23155364902702.5,48594.56405817426,14910.409360940504,46802.9719608673,52126.71351866493,45536.595393322656,55296.22319611805,57888.30440564975,4898.6559955078465,60325.6292363117,7852.616344024468,5516.055921892775,10760.640454565615,11066.665130991998,20285.795831273073,16115.256677921883,21464.196137239105,32034.431280892124,26648.980698149142,39123.25029725619,31631.623583644323,32203.952786569418,42678.135911420126,36376.6869616978,28989.035224580115,45293.56292479682,40517.844495896774,46.61601528489858,44717.63523186822,19607.303872496188,1023.4577176622704,28428.0,28428.0,3249577326.0,6499154260.0,9748730810.0
ID992_DCHA,52.0,52.0,123145144675.0,28587.0,28582.5,28578.0,28627.0,28602.5,28578.0,28582.0,28580.0,28578.0,23522878196227.5,23522873898352.5,23522869600477.5,48851.338406603754,14989.09232054156,47050.010661993685,52402.11617878454,45776.94338374674,55588.34004819443,58194.08806736993,4924.505907051431,60644.26265675391,7894.195192220172,5545.570608435061,10817.469826783066,11125.46650202342,20392.88257218095,16200.694813083277,21577.854881685656,32203.500650626513,26789.992897829423,39329.80810412795,31798.92167823885,32373.90448044309,42903.443763469964,36569.01644114586,29142.01746629414,45532.66312045706,40732.017977760624,46.86199407287101,44953.96132513182,19710.77357919307,1028.82846009938,28578.0,28578.0,3283870326.0,6567740260.0,9851609810.0
ID992_IZDA,46.0,46.0,122770177670.0,28737.216666666664,28732.608333333334,28728.0,28777.333333333332,28752.666666666668,28728.0,28732.120430107527,28730.060215053763,28728.0,23891758121595.0,23891753858973.0,23891749596351.0,49108.11277271783,15067.775280142625,47297.049363119935,52677.51886366327,46017.29137417118,55880.456934840586,58499.871774734085,4950.355818595021,60962.896140591336,7935.774040415877,5575.08529577859,10874.299199000581,11184.267874204905,20499.969313088957,16286.13294980108,21691.51362835137,32372.57002036096,26931.005100754242,39536.36591099989,31966.219777436487,32543.856174316657,43128.7516155198,36761.34592710615,29294.999708008276,45771.76331611729,40946.19146833011,47.10797286081773,45190.28743065224,19814.24328588998,1048.0525623434194,28728.0,28728.0,3318112714.0,6636225041.333333,9954336990.0
ID993_DCHA,67.0,67.0,125719998775.0,28885.0,28880.5,28876.0,28925.0,28900.5,28876.0,28880.0,28878.0,28876.0,24264483047212.5,24264478704637.5,24264474362062.5,49361.46344548362,15145.40913361571,47540.79421489782,52949.249463555614,46254.43472472323,56168.678860986285,58801.57827532132,4975.861064651366,61277.28105203147,7976.798503969113,5604.206452365571,10930.370846255062,11242.285225806507,20605.628230784812,16370.431908270168,21803.656920652425,32539.38513183202,27070.13713452793,39740.16961378021,32131.287226167096,32711.541845605374,43351.05536287586,36951.111006982785,29445.942186499506,46007.67550916831,41157.50929506102,47.35067193161165,45423.46249708377,19916.333396497535,1039.4983354268184,28876.0,28876.0,3352533102.0,6705065812.0,10057598138.0
ID993_IZDA,98.0,98.0,127026146275.0,29035.0,29030.5,29026.0,29075.0,29050.5,29026.0,29030.0,29028.0,29026.0,24643600554787.5,24643596189712.5,24643591824637.5,49618.237793913104,15224.092093216765,47787.832916024025,53224.65212367522,46494.78271514763,56460.79571306215,59107.36193704254,5001.71097619499,61595.91447247316,8018.3773521647245,5633.721138907336,10987.20021847248,11301.086596838712,20712.71497169282,16455.87004343078,21917.315665098977,32708.45450156647,27211.149334208476,39946.72742065215,32298.585320761886,32881.49353947903,43576.3632149256,37143.440486430576,29598.92442821353,46246.77570482864,41371.682776924084,47.59665071959953,45659.78859034789,20019.803103194452,1044.8690782149292,29026.0,29026.0,3387363702.0,6774727012.0,10162089938.0
ID994_DCHA,57.0,57.0,128339043775.0,29185.0,29180.5,29176.0,29225.0,29200.5,29176.0,29180.0,29178.0,29176.0,25026646629862.5,25026642242287.5,25026637854712.5,49875.01214234285,15302.775052817791,48034.87161715036,53500.05478379484,46735.13070557203,56752.91256513853,59413.14559876323,5027.5608877386085,61914.54789291458,8059.956200360521,5663.235825449103,11044.029590689965,11359.887967870916,20819.80171260076,16541.308178592695,22030.974409545008,32877.52387130076,27352.16153388902,40153.28522752409,32465.883415356413,33051.445233352715,43801.671066975345,37335.76996587889,29751.906669927586,46485.875900488696,41585.856258786895,47.84262950754625,45896.11468361175,20123.272809891343,1050.239821116944,29176.0,29176.0,3422374302.0,6844748212.0,10267121738.0
ID994_IZDA,43.0,43.0,129658691275.0,29335.0,29330.5,29326.0,29375.0,29350.5,29326.0,29330.0,29328.0,29326.0,25413641522437.5,25413637112362.5,25413632702287.5,50131.786490772334,15381.458012418865,48281.91031827639,53775.45744391419,46975.47869599648,57045.029417214915,59718.92926048392,5053.410799282212,62233.18131335601,8101.535048556133,5692.750511991389,11100.85896290748,11418.689338902079,20926.888453508607,16626.746313753567,22144.63315399156,33046.59324103508,27493.17373356956,40359.84303439593,32633.181509951202,33221.396927226284,44026.97891902518,37528.099445326945,29904.888911641676,46724.97609614893,41800.0297406497,48.0886082955187,46132.44077687639,20226.74251658822,1055.610564131195,29326.0,29326.0,3457564902.0,6915129412.0,10372693538.0
ID996_DCHA,96.0,96.0,130985088775.0,29485.0,29480.5,29476.0,29525.0,29500.5,29476.0,29480.0,29478.0,29476.0,25804605482512.5,25804601049937.5,25804596617362.5,50388.560839202604,15460.140972019935,48528.94901940264,54050.86010403354,47215.82668642092,57337.1462692913,60024.712922204875,5079.260710825811,62551.81473379822,8143.113896752021,5722.265198533155,11157.68833512493,11477.490709934022,21033.97519441665,16712.184448914963,22258.29189843811,33215.66261076937,27634.185933249846,40566.40084126779,32800.479604545726,33391.34862109985,44252.2867710752,37720.428924775784,30057.87115335583,46964.07629180899,42014.20322251251,48.33458708347571,46368.76687013947,20330.212223285103,1060.9813072558456,29476.0,29476.0,3492935502.0,6985870612.0,10478805338.0
ID996_IZDA,69.0,69.0,132318236275.0,29635.0,29630.5,29626.0,29675.0,29650.5,29626.0,29630.0,29628.0,29626.0,26199558760087.5,26199554305012.5,26199549849937.5,50645.33518763209,15538.823931621015,48775.9877205288,54326.26276415315,47456.17467684532,57629.2631213682,60330.49658392479,5105.110622369405,62870.44815423991,8184.692744947633,5751.7798850751815,11214.517707342318,11536.292080966487,21141.061935324557,16797.622584075834,22371.950642885182,33384.73198050365,27775.19813292987,40772.95864813973,32967.77769914052,33561.30031497362,44477.59462312486,37912.75840422306,30210.853395069855,47203.17648746932,42228.376704376096,48.58056587144816,46605.09296340334,20433.68192998197,1066.3520504892783,29626.0,29626.0,3528486102.0,7056971812.0,10585457138.0
ID997_DCHA,68.0,68.0,133658133775.0,29785.0,29780.5,29776.0,29825.0,29800.5,29776.0,29780.0,29778.0,29776.0,26598521605162.5,26598517127587.5,26598512650012.5,50902.109536061835,15617.506891222049,49023.02642165541,54601.6654242725,47696.52266726963,57921.379973444324,60636.28024564574,5130.960533913015,63189.081574681855,8226.271593143521,5781.294571617208,11271.347079559866,11595.093451998171,21248.1486762325,16883.06071923723,22485.609387330693,33553.80135023807,27916.210332610674,40979.51645501185,33135.07579373557,33731.25200884729,44702.9024751747,38105.08788367111,30363.83563678388,47442.276683129465,42442.5501862389,48.826544659430894,46841.41905666746,20537.15163667886,1071.7227938298174,29776.0,29776.0,3564216702.0,7128433012.0,10692648938.0
ID997_DCHA_aug0_008,71.0,70.0,175020749575.0,34093.0,34088.5,34084.0,34133.0,34108.5,34084.0,34088.0,34086.0,34084.0,39856431460624.5,39856426336849.5,39856421213074.5,58276.66882296165,17877.28149096452,56117.977918001576,62511.229822905894,54599.31695225814,66310.97596507875,69418.38701026261,5873.369993445307,72340.23340976684,9420.416113325544,6628.9563691029725,12903.486649645056,13283.868828033972,24323.679875109257,19336.84396106561,25749.888527833948,38409.47364900806,31966.080707433288,46911.856668373315,37939.87707049388,38612.26465689836,51173.74398604571,43628.79053342181,34757.48561881218,54309.23430248965,48593.61258534064,55.891055449795374,53628.70445521144,23508.801613013362,1225.970582120191,34084.0,34084.0,4667219790.0,9334439188.0,14001658202.0
ID997_IZDA,63.0,63.0,132291444845.0,29935.325,29930.662500000002,29926.0,29975.5,29950.75,29926.0,29930.18064516129,29928.090322580647,29926.0,26997457734744.0,26997453324891.0,26997448915038.0,51158.88391794409,15696.189850823119,49270.06512278148,54877.068131146334,47936.87065769403,58213.49688809178,60942.06399435847,5156.810445456619,63507.7151157451,8267.850441339226,5810.809259699243,11328.176451777284,11653.894825143072,21355.23541714057,16968.498857414863,22599.268136072402,33722.87071997242,28057.22253848015,41186.0742618837,33302.37389709586,33901.20370272083,44928.21032722444,38297.417374998535,30516.817878498015,47681.37687878979,42656.7236848372,49.072523447377634,47077.7451734464,20640.621343375737,1101.5148247745649,29926.0,29926.0,3599767012.0,7199533640.0,10799299892.0
ID998_DCHA,70.0,70.0,136331044675.0,30082.0,30077.5,30073.0,30122.0,30097.5,30073.0,30077.0,30075.0,30073.0,27400376321572.5,27400371799447.5,27400367277322.5,51410.52274595306,15773.299151232153,49512.163049885225,55146.96269130963,48172.41168830992,58499.771340555206,61241.7318958528,5182.143358769372,63819.975747155855,8308.597712571274,5839.733650970034,11383.869236550378,11711.520166641507,21460.18042323032,17052.22822685591,22710.653701334817,33888.55870231203,28195.41448797789,41388.500912618016,33466.32602103301,34067.756362717046,45149.012022233466,38485.90025297844,30666.74047537779,47915.69507053643,42866.6136803276,49.31358265959257,47309.34472133008,20742.02165593869,1082.3568659539999,30073.0,30073.0,3635494326.0,7270988260.0,10906481810.0
ID998_IZDA,98.0,98.0,137691057175.0,30232.0,30227.5,30223.0,30272.0,30247.5,30223.0,30227.0,30225.0,30223.0,27811407764347.5,27811403219722.5,27811398675097.5,51667.297094382026,15851.982110833216,49759.20175101129,55422.365351428714,48412.75967873469,58791.888192632105,61547.51555757323,5207.993270312963,64138.609167598064,8350.176560766886,5869.248337512841,11440.698608767763,11770.321537672931,21567.267164138295,17137.666362017302,22824.31244578189,34057.628072046355,28336.426687658175,41595.058719489956,33633.62411562728,34237.70805659068,45374.319874283305,38678.22973242702,30819.722717091878,48154.79526619676,43080.78716218963,49.55956144755987,47545.67081459473,20845.491362635563,1087.7276096044602,30223.0,30223.0,3671761326.0,7343522260.0,11015282810.0
ID9992_DCHA,78.0,78.0,136919612985.0,30666.541666666668,30661.770833333332,30657.0,30706.833333333332,30681.916666666668,30657.0,30661.0,30659.0,30657.0,29016674166408.0,29016669710703.0,29016665254998.0,52410.230958791944,16079.638140612287,50473.96705960373,56219.19716355605,49108.16653102879,59637.07977839784,62432.24984101536,5282.785681045763,65060.52217100516,8470.478028213147,5954.644167851968,11605.124925716935,11940.453510151094,21877.104801165326,17384.867374416826,23153.165091058432,34546.80211514436,28744.422001028324,42192.69930737294,34117.67329137339,34729.43495753169,46026.2105928805,39234.70305732826,31262.351336451276,48846.59183230707,43700.46247993312,50.27126007407988,48229.44103873383,21144.863714011874,1143.7565443148808,30657.0,30657.0,3777092580.0,7554184781.333333,11331276612.0
ID9992_DCHA_aug3_001,96.0,96.0,338353351260.0,48243.541666666664,48238.770833333336,48234.0,48283.833333333336,48258.916666666664,48234.0,48238.0,48236.0,48234.0,112720831128582.0,112720824124212.0,112720817119842.0,82499.04915511548,25299.70734666467,79421.96205757887,88490.88094227845,77272.14404895877,93867.33259625135,98263.97944823012,8311.878315725337,102397.98655350221,13342.687459791081,9413.175139093964,18264.390762157916,18830.798170873753,34425.52910076044,27396.50805716866,36471.69677176825,54358.35086061343,45268.23156849818,66397.1431166245,53721.6640285663,54644.374445645495,72427.78469608043,61771.87147676424,49188.810420506576,76864.35275976514,68797.31110948158,79.09505444788108,75922.13268219953,33269.443944752806,1796.3272728658392,48234.0,48234.0,9333885360.0,18667770341.333332,28001654952.0
ID9992_DCHA_aug3_011,96.0,96.0,359577170620.0,49735.541666666664,49730.770833333336,49726.0,49775.833333333336,49750.916666666664,49726.0,49730.0,49728.0,49726.0,123491366875170.0,123491359654460.0,123491352433750.0,85053.09801151419,26082.340518163204,81879.17367144846,91230.21940719504,79662.80539371372,96772.92155934239,101305.50761424103,8568.998769212349,105567.32699036175,13756.258403178248,9706.747888089563,18829.65358448067,19415.675808343316,35490.68521699171,28246.33270862531,37602.22241707873,56040.02752490397,46670.83291541081,68451.7047689774,55385.72241053562,56334.82729404204,74668.8467978022,63684.90870051057,50710.47378475596,79242.60270593155,70927.62334452147,81.54172345886059,78272.7895594849,34298.62262736451,1851.7198844680202,49726.0,49726.0,9919370032.0,19838739685.333332,29758108968.0
ID9992_DCHA_aug3_016,79.0,78.0,369947616585.0,50448.541666666664,50443.770833333336,50439.0,50488.833333333336,50463.916666666664,50439.0,50443.0,50441.0,50439.0,128872059744552.0,128872052420457.0,128872045096362.0,86273.63208296934,26456.346852800256,83053.4309641352,92539.30005430403,80805.25950819759,98161.45033325872,102758.9992914291,8691.872015416307,107081.89785596587,13953.896528268575,9847.041031544399,19099.782533754267,19695.178325444496,35999.70419210758,28652.44864461053,38142.4803159435,56843.67059570813,47341.11090491996,69433.54287764171,56180.94602068583,57142.66434558809,75739.81012121281,64599.114826873585,51437.649373703505,80379.1256359693,71945.6612959841,82.7109426309922,79396.12625754457,34790.448633197055,1878.1910193427807,50439.0,50439.0,10205451300.0,20410902221.333332,30616352772.0
ID9992_DCHA_aug3_047,78.0,76.0,440301602665.0,55042.541666666664,55037.770833333336,55033.0,55082.833333333336,55057.916666666664,55033.0,55037.0,55035.0,55033.0,167329976924280.0,167329968934055.0,167329960943830.0,94137.77447324755,28866.1436288488,90619.40291729508,100973.9655421263,88166.31729492865,107108.01581344409,112124.1336041981,9483.568639625035,116840.57745846921,15227.318052343717,10750.977498624858,20840.276773533988,21496.06831642017,39279.41411031558,31269.133932006287,41623.46879754887,62021.70182610484,51659.84454279643,75759.71997610574,61304.7290010958,62347.7182232916,82640.23860332552,70489.52568873158,56122.98549659986,87701.96762838769,78505.08114033443,90.24445297710335,86634.0067496697,37959.38085030029,2048.7497867443067,55033.0,55033.0,12146250916.0,24292501453.333332,36438751620.0
ID9992_DCHA_aug3_056,78.0,79.0,462008506345.0,56384.541666666664,56379.770833333336,56375.0,56424.833333333336,56399.916666666664,56375.0,56379.0,56377.0,56375.0,179855321727240.0,179855313542425.0,179855305357610.0,96435.04898081197,29570.093840746336,92829.57583003861,103437.90134636126,90316.63064925883,109721.48792367702,114859.87810740592,9714.839181568514,119691.28447339236,15599.310147535365,11015.035561059685,21348.710223639588,22022.144582829933,40237.483485638746,32033.520448263276,42640.335698358394,63534.30912066172,52921.433689950936,77607.72382158671,62801.48928836413,63868.21937781454,84655.99285299818,72210.23343287966,57491.66661913517,89841.11737889433,80421.21989329807,92.44514320010524,88748.33753339497,38885.08982621499,2098.573443657797,56375.0,56375.0,12745062052.0,25490123725.333332,38235185028.0
ID9992_DCHA_aug3_059,78.0,77.0,469272210585.0,56826.541666666664,56821.770833333336,56817.0,56866.833333333336,56841.916666666664,56817.0,56821.0,56819.0,56817.0,184113479283048.0,184113471034143.0,184113462785238.0,97191.67739537494,29801.946295037473,93557.51653602398,104249.42118650438,91024.85606104217,110582.25891676395,115760.92063379793,9791.010254250354,120630.19095669813,15721.829153552051,11102.005504126257,21516.167440440284,22195.41262288404,40553.03241551413,32285.278153320745,42975.25013215594,64032.50019681203,53336.94963856716,78216.38082583564,63294.46100741971,64369.01036909562,85319.899990372,72776.96429943143,57942.45429138591,90545.66595543915,81052.31775381298,93.16996069529303,89444.71175575444,39189.98056194857,2114.9833219853417,56817.0,56817.0,12945440100.0,25890879821.333332,38836319172.0
ID9992_IZDA,80.0,80.0,143004019075.0,30811.0,30806.5,30802.0,30851.0,30826.5,30802.0,30806.0,30804.0,30802.0,29436535116715.5,29436530485240.5,29436525853765.5,52658.44607932076,16155.698334893332,50712.77113735892,56485.41961949041,49340.502921772466,59919.45924164678,62727.84049181491,5307.773928871254,65368.53417050257,8510.670914802358,5983.175027564709,11660.059985527121,11997.294829856071,21980.621984043082,17467.45756374011,23263.035199343947,34710.23583922084,28880.733778425074,42392.371854015626,34279.39476076338,34893.72159494303,46244.00818319547,39420.62152309649,31410.234170108124,49077.72202144494,43907.49680218038,50.509039569100885,48457.88953459395,21244.884430485545,1108.4586810285903,30802.0,30802.0,3813440310.0,7626880228.0,11440319762.0
ID9992_IZDA_aug3_007,83.0,83.0,363103661275.0,49135.0,49130.5,49126.0,49175.0,49150.5,49126.0,49130.0,49128.0,49126.0,119099388357337.5,119099380977262.5,119099373597187.5,84026.00048348952,25767.60867975905,80891.01886694318,90128.6085796919,78701.4134320163,95604.45389130061,100082.37260760837,8465.59912303796,104292.79281165882,13589.943010395433,9588.68913553547,18602.33609561087,19180.470315107726,35062.338253359805,27904.580155029184,37147.58742092279,55363.75004596682,46106.784091386246,67625.47354148926,54716.52999645565,55655.0205185475,73767.6153896034,62915.5907324749,50098.54481789951,78286.20192329041,70070.92934655574,80.55780830704285,77327.4850877283,33884.74380057692,1764.5492240341193,49126.0,49126.0,9682764102.0,19365527812.0,29048291138.0
ID9993_DCHA,91.0,91.0,144396836575.0,30961.0,30956.5,30952.0,31001.0,30976.5,30952.0,30956.0,30954.0,30952.0,29867634690190.5,29867630036215.5,29867625382240.5,52915.220427750246,16234.381294494353,50959.80983848517,56760.82227960976,49580.850912197144,60211.57609372368,63033.6241535356,5333.623840414863,65687.16759094426,8552.249762998248,6012.689714107256,11716.889357744572,12056.096200887236,22087.708724951026,17552.895698901244,23376.69394379076,34879.30520895519,29021.745978104835,42598.92966088757,34446.69285535817,35063.67328881662,46469.31603524549,39612.95100254428,31563.216411822275,49316.82221710481,44121.67028404423,50.755018357083614,48694.21562785781,21348.354137182454,1113.8294251558239,30952.0,30952.0,3850582110.0,7701163828.0,11551745162.0
ID9993_IZDA,77.0,77.0,145796404075.0,31111.0,31106.5,31102.0,31151.0,31126.5,31102.0,31106.0,31104.0,31102.0,30302922841165.5,30302918164690.5,30302913488215.5,53171.994776179214,16313.064254095449,51206.84853961115,57036.224939729895,49821.19890262131,60503.69294579928,63339.40781525577,5359.473751958459,66005.80101138673,8593.828611193767,6042.204400648761,11773.718729962056,12114.897571918918,22194.795465858966,17638.333834062378,23490.35268823731,35048.37457868961,29162.7581777859,42805.48746775951,34613.99094995296,35233.62498269023,46694.62388729542,39805.280481992595,31716.198653536318,49555.922412765234,44335.84376590651,51.000997145045766,48930.541721122194,21451.823843879312,1119.2001693769987,31102.0,31102.0,3887903910.0,7775807428.0,11663710562.0
ID9993_IZDA_aug3_048,64.0,64.0,457926094675.0,55187.0,55182.5,55178.0,55227.0,55202.5,55178.0,55182.0,55180.0,55178.0,168677275873327.5,168677267585452.5,168677259297577.5,94385.98952813205,28942.20382312983,90858.20699505083,101240.1879066493,88398.65368567192,107390.3951497417,112419.72407916326,9508.556887450583,117148.58921507964,15267.510938933112,10779.508355214888,20895.21183334414,21552.909631673803,39382.93129319314,31351.72411500007,41733.33889685647,62185.13555018122,51796.15630782625,75959.39252274834,61466.45045303601,62512.004860702764,82858.03619364067,70675.44412994166,56270.86833025682,87933.09781752639,78712.11542811788,90.48223247213976,86862.45519728739,38059.40156677385,1981.2411020434995,55178.0,55178.0,12211362326.0,24422724260.0,36634085810.0
ID9994_DCHA,58.0,58.0,146216698774.0,31261.108333333334,31256.55416666667,31252.0,31301.166666666668,31276.583333333332,31252.0,31256.060215053763,31254.030107526884,31252.0,30740945505702.0,30740940838128.0,30740936170554.0,53428.769132614616,16391.747213696497,51453.88724073758,57311.62761107418,50061.54689304562,60795.809813574335,63645.19149887084,5385.323663502074,66324.4344595676,8635.407459389655,6071.719087547416,11830.548102179508,12173.6989434655,22301.882206767008,17723.771969959154,23604.01143364103,35217.44394842393,29303.770378923673,43012.04527463164,34781.289046617494,35403.57667656394,46919.93173934498,39997.6099643749,31869.180895250374,49795.02260842575,44550.0172519174,51.24697593300279,49166.867819707884,21555.29355057617,1134.726108735945,31252.0,31252.0,3925280306.6666665,7850560224.0,11775839760.0
ID9994_DCHA_aug2_011,47.0,47.0,238352598034.0,39931.10833333334,39926.55416666667,39922.0,39971.166666666664,39946.583333333336,39922.0,39926.06021505377,39924.03010752688,39922.0,63981017938332.0,63981011978928.0,63981006019524.0,68270.32647406074,20939.62227863789,65732.72416583635,73229.90136908265,63953.66073957507,77680.16386792432,81319.48715236905,6879.448550722398,84741.44616875637,11038.664885103748,7777.667969774202,15115.285816348118,15572.41818924914,28491.495831247175,22662.096182478323,30173.486862909456,44989.65351906834,37454.27552085452,54951.08651182853,44451.118914764804,45226.78458246069,59942.72558782538,51114.253877285955,40711.5544663239,63615.01391758297,56929.244504738235,65.46454987741294,62826.51601183789,27535.842597656116,1447.9716348491297,39922.0,39922.0,6398727266.666667,12797454144.0,19196180640.0
ID9994_DCHA_aug2_018,52.0,52.0,250994925151.0,40978.10833333334,40973.55416666667,40969.0,41018.166666666664,40993.583333333336,40969.0,40973.06021505377,40971.03010752688,40969.0,69138298179750.0,69138292064343.01,69138285948936.0,70062.61142636648,21488.82933665326,67457.05429969705,75152.21193709268,65631.28971273723,79719.1394959406,83453.85711190898,7059.88093329676,86965.50744436371,11328.885245510297,7983.680481849135,15511.954834425886,15982.851759068335,29238.961282784738,23258.4543659274,30966.824899178617,46169.75771981397,38438.54067467209,56392.8600037944,45618.85961510544,46413.04740569864,61515.37439513352,52456.713643930656,41779.37051348816,65283.933283291124,58424.17540828023,67.18148181742139,64476.07214299762,28258.061150400375,1485.7995670290877,40969.0,40969.0,6738118598.666667,13476236808.0,20214354636.0
ID9994_DCHA_aug2_024,47.0,47.0,262023365175.0,41870.10833333334,41865.55416666667,41861.0,41910.166666666664,41885.583333333336,41861.0,41865.06021505377,41863.03010752688,41861.0,73744778566310.0,73744772317995.0,73744766069680.0,71589.56288525603,21956.730669747576,68926.11110906125,76789.93975625481,67060.55909579503,81456.26104340039,85272.25062089741,7213.601740609389,88860.31418537827,11576.140796114465,8159.19448449545,15849.9001678791,16332.523912152414,29875.770435384173,23766.526476374034,31642.715566179148,47175.156905167336,39277.0932221472,57621.19042865935,46613.72561768715,47423.69347860062,62855.205088656294,53600.43294846606,42689.104910881186,66705.78244681675,59697.79371387543,68.64423567652142,65881.42464442657,28873.361006224502,1518.0273770882004,41861.0,41861.0,7034184102.666667,14068367816.0,21102551148.0
ID9994_DCHA_aug2_029,52.0,52.0,271238021494.0,42601.10833333334,42596.55416666667,42592.0,42641.166666666664,42616.583333333336,42592.0,42596.06021505377,42594.03010752688,42592.0,77668885903362.0,77668879546128.0,77668873188894.0,72840.90987678975,22340.178959536788,70130.01304588323,78132.06872016484,68231.85496912948,82879.84383621938,86762.43633285789,7339.576976198543,90413.12105497664,11778.768382988572,8303.029390252777,16126.848641818717,16619.082593659754,30397.639819409025,24182.894988410015,32196.612514137258,47999.088300339376,39964.292675291064,58627.81547414868,47429.024998726745,48251.92473341158,63953.205354312544,54537.718611710974,43434.63836883446,67870.99740033394,60741.532482251045,69.84297230319795,67033.12047238987,29377.603376860665,1544.438285209982,42592.0,42592.0,7281557426.666667,14563114464.0,21844671120.0
ID9994_IZDA,49.0,49.0,148606346275.0,31410.0,31405.5,31401.0,31450.0,31425.5,31401.0,31405.0,31403.0,31401.0,31183173654412.5,31183168933087.5,31183164211762.5,53683.831644050064,16469.905620233552,51699.27901718951,57585.194242233345,50300.29256353405,61085.97920427211,63948.936580952555,5411.001242302041,66640.94362946681,8676.709115264171,6101.0370091559125,11886.998611915538,12232.108304843057,22408.25503606884,17808.640516817217,23716.912452167508,35385.38618902667,29443.842495814657,43217.226029457575,34947.47181851096,35572.39535914498,47143.73753904797,40188.657244359376,32021.14325535309,50032.52880278105,44762.76290641939,51.49131486238596,49401.61840036294,21658.07345922846,1129.9058531328483,31401.0,31401.0,3962835702.0,7925671012.0,11888505938.0
ID9995_DCHA,41.0,41.0,150026118775.0,31560.0,31555.5,31551.0,31600.0,31575.5,31551.0,31555.0,31553.0,31551.0,31631120641987.5,31631115898162.5,31631111154337.5,53940.60599247903,16548.588579834606,51946.31771831613,57860.59690235504,50540.640553958314,61378.09605634771,64254.72024267351,5436.851153845645,66959.57704990824,8718.28796346006,6130.551695697938,11943.827984132924,12290.90967587474,22515.341776976882,17894.07865197731,23830.57119661432,35554.45555876102,29584.85469549572,43423.78383632925,35114.769913106524,35742.3470530187,47369.04539109781,40380.98672380665,32174.125497067147,50271.62899844138,44976.93638828323,51.7372936503327,49637.9444936255,21761.54316592535,1135.2765976273358,31551.0,31551.0,4000696302.0,8001392212.0,12002087738.0
ID9995_IZDA,34.0,34.0,151452641275.0,31710.0,31705.5,31701.0,31750.0,31725.5,31701.0,31705.0,31703.0,31701.0,32083337072062.5,32083332305737.5,32083327539412.5,54197.38034090904,16627.271539435686,52193.35641944238,58135.99956247387,50780.98854438262,61670.212908424095,64560.5039043942,5462.701065389263,67278.21047035018,8759.86681165558,6160.066382238923,12000.657356350343,12349.711046906945,22622.42851788479,17979.516787139484,23944.22994106009,35723.524928495375,29725.866895176783,43630.341643201275,35282.068007700014,35912.29874689229,47594.353243147554,40573.316203255745,32327.107738781237,50510.72919410172,45191.10987014552,51.98327243831542,49874.27058689014,21865.01287262221,1140.647342210583,31701.0,31701.0,4038736902.0,8077473412.0,12116209538.0
ID9995_IZDA_aug2_009,34.0,34.0,236372098075.0,39631.0,39626.5,39622.0,39671.0,39646.5,39622.0,39626.0,39624.0,39622.0,62554442842345.5,62554436887870.49,62554430933395.5,67756.77776698554,20782.256359435745,65238.64676358301,72679.09603451948,63472.964758726725,77095.93014373894,80707.9198009878,6827.7487276352085,84104.17929247413,10955.507188712709,7718.638596233562,15001.62707191328,15454.815446529785,28277.322349431288,22491.219911216846,29946.16937279601,44651.51477959961,37172.25111963428,54537.97089808483,44116.52272293253,44886.881194713416,59492.10988372588,50729.59491464551,40405.58998289573,63136.81352626258,56500.89753571942,64.97259230150405,62353.86381851913,27328.90318426234,1424.258561078657,39622.0,39622.0,6303255750.0,12606511108.0,18909766082.0
ID9995_IZDA_aug2_023,46.0,46.0,261904482775.0,41720.0,41715.5,41711.0,41760.0,41735.5,41711.0,41715.0,41713.0,41711.0,72958882187467.5,72958875919642.5,72958869651817.5,71332.788526116,21878.04771014653,68679.07240793473,76514.53708111595,66820.21110537027,81164.14417032328,84966.46692988479,7187.751829065775,88541.68072782538,11534.561947918577,8129.679797476009,15793.070795661615,16273.722540432464,29768.68369447626,23681.088340228398,31529.0568204542,47006.087535433115,39136.081020516394,57414.63262178759,46446.427520321595,47253.741784727,62629.89723660646,53408.10346509171,42536.12266916714,66466.68225115698,59483.62022646536,68.39825688855409,65645.09854404315,28769.89129952769,1499.055181716403,41711.0,41711.0,6984119342.0,13968238292.0,20952356858.0
ID9995_IZDA_aug2_046,46.0,47.0,306327474775.0,45125.0,45120.5,45116.0,45165.0,45140.5,45116.0,45120.0,45118.0,45116.0,92287441003732.5,92287434225157.5,92287427446582.5,77161.56623546853,23664.15089309065,74286.85092350114,82766.17746583141,72276.11048800392,87795.19671245725,91907.75605094316,7774.544821105568,95774.65937185113,12478.401801962074,8799.663181978913,17083.0975449979,17608.513662856833,32199.552713086814,25620.53400838717,34109.110319387604,50843.96222840244,42337.05795326318,62103.49483778033,50244.094267622444,51111.64523565868,67744.38547813735,57773.98264856348,46008.81955607669,71894.25669264249,64345.35826475283,73.98197537539328,71009.70086113678,31118.65364154686,1620.971182554247,45116.0,45116.0,8168732462.0,16337464532.0,24506196218.0
ID9996_DCHA,138.0,138.0,152885913775.0,31860.0,31855.5,31851.0,31900.0,31875.5,31851.0,31855.0,31853.0,31851.0,32539843194637.5,32539838405812.5,32539833616987.5,54454.154689338524,16705.954499036743,52440.39512056863,58411.40222259348,51021.33653480693,61962.32976050074,64866.28756611463,5488.550976932892,67596.84389079188,8801.445659851652,6189.58106878147,12057.486728567892,12408.512417938628,22729.515258792766,18064.954922300618,24057.88868550586,35892.59429822969,29866.87909485733,43836.899450073215,35449.366102296364,36082.250440765936,47819.66109519748,40765.645682703536,32480.089980495293,50749.82938976177,45405.283352008846,52.229251226267294,50110.59668015323,21968.482579319094,1146.0180868812247,31851.0,31851.0,4076957502.0,8153914612.0,12230871338.0
ID9996_DCHA_aug3_013,149.0,149.0,376193729275.0,50014.0,50009.5,50005.0,50054.0,50029.5,50005.0,50009.0,50007.0,50005.0,125597472712702.48,125597465200777.5,125597457688852.5,85530.69816528723,26228.69082302121,82338.66565554313,91742.46816799203,80109.85265590301,97316.2586444683,101874.26486529168,8617.079604683466,106159.98465544774,13833.595060822314,9761.645198671129,18935.356216805194,19525.046349354754,35689.866555080545,28405.24762707374,37813.62766337951,56354.49655261008,46933.11558151319,68835.9022897589,55696.89683077898,56650.93744464705,75087.91940261524,64042.64148204282,50995.02075434408,79687.32906985898,71325.98595027185,81.99924400447735,78712.3559942555,34491.076281820715,1796.021819570081,50005.0,50005.0,10031832582.0,20063664772.0,30095496578.0
ID9996_DCHA_aug3_025,150.0,150.0,403395884575.0,51793.0,51788.5,51784.0,51833.0,51808.5,51784.0,51788.0,51786.0,51784.0,139463556550174.48,139463548771399.5,139463540992624.5,88576.04193766291,27161.870723889784,85268.54465090076,95008.7437170114,82960.37982233595,100780.76451009326,105500.85909329761,8923.659555590635,109938.97702188679,14326.720200423788,10111.689381058946,19609.352571304094,20222.430609792926,36959.91530224894,29418.543910085093,39161.620372515026,58359.65927765906,48605.52026972236,71285.67787926001,57681.05223267364,58666.5645339886,77760.07052792628,66323.66910829699,52809.39014107292,82523.0573903888,73866.08344516583,84.916552429767,81515.1834603664,35718.22700324575,1859.7189179592156,51784.0,51784.0,10757223390.0,21514446388.0,32271669002.0
ID9996_IZDA,104.0,104.0,137795691035.0,32010.68571428571,32005.842857142856,32001.0,32052.666666666668,32026.833333333332,32001.0,32005.066137566137,32003.03306878307,32001.0,32975937353492.5,32975933056447.5,32975928759402.5,54710.93247766929,16784.637458637786,52687.433821695064,58686.809550297665,51261.68452523133,62254.45292918432,65172.0797533423,5514.400888476471,67915.4885271764,8843.024508047356,6219.095961308315,12114.316100785376,12467.314075102247,22836.601999700677,18150.39345387667,24171.547964234334,36061.66366796388,30007.89203107616,44043.45725694553,35616.665209444065,36252.20213463961,48044.96894724723,40957.97655046415,32633.0722222094,50988.92958542219,45619.45873234947,52.475230014239735,50346.925301436655,22071.952286015985,1287.7203204674006,32001.0,32001.0,4113304032.6666665,8226607716.0,12339911058.0
ID9996_IZDA_aug3_012,130.0,130.0,334163223935.0,49880.68571428571,49875.84285714286,49871.0,49922.666666666664,49896.833333333336,49871.0,49875.06613756614,49873.03306878307,49871.0,124532053158687.5,124532046467062.5,124532039775437.5,85301.31843333121,26158.40071244428,82117.97774920419,91496.44905459275,79895.14178445653,97055.31075220533,101601.11139355795,8593.98701703782,105875.3562523461,13796.451289767645,9735.279065880319,18884.588644290892,19472.517569801854,35594.2023998694,28328.923509838547,37712.09334970571,56203.46124898061,46807.14582922135,68651.37731562035,55547.445441856245,56499.11393145331,74886.64438811752,63870.82930734997,50858.35661841283,79473.73289506933,71134.66059392688,81.77950295392789,78501.24195131654,34398.64334383812,2003.742420716439,49871.0,49871.0,9975021432.666666,19950042516.0,29925063258.0
ID9996_IZDA_aug3_014,104.0,104.0,337974874839.0,50164.68571428571,50159.84285714286,50155.0,50206.666666666664,50180.833333333336,50155.0,50159.06613756614,50157.03306878307,50155.0,126668838906865.5,126668832177184.5,126668825447503.5,85787.47789675766,26307.373782622297,82585.70435666874,92017.87813233277,80350.2006463276,97608.3853812886,102180.06186842223,8642.929516227085,106478.63562749748,13875.173909017834,9791.16020755405,18992.185589022676,19583.848168150096,35796.953295988584,28490.68638257952,37927.287243912826,56523.5659223446,47074.128933793254,69042.46009663085,55864.196509902125,56820.8891385208,75313.22725466508,64234.97313403905,51148.00299605805,79926.42926551968,71540.16240303103,82.24522279245487,78948.68604357076,34594.54598851759,2015.1218465770366,50155.0,50155.0,10088802056.666666,20177603764.0,30266405130.0
ID9996_IZDA_aug3_030,130.0,130.0,370753088931.0,52543.68571428571,52538.84285714286,52534.0,52585.666666666664,52559.833333333336,52534.0,52538.06613756614,52536.03306878307,52534.0,145535955241477.5,145535948193010.5,145535941144543.5,89859.9193174906,27555.28552189513,86503.73815653229,96385.76466734815,84162.11977445851,102241.35912280867,107029.79137441273,9052.909113308617,111532.16250596452,14534.61444140286,10259.26315135804,19893.499432391578,20516.437933897676,37495.34900678868,29845.735235580963,39729.91497038383,59205.00612633086,49310.582475247065,72318.46691361991,58517.544365129295,59516.32300335654,78886.60978817566,67285.31878085788,53574.30134964348,83718.55836868954,74936.95396591222,86.14644636958295,82696.81806987582,36235.57553673013,2110.444575014504,52534.0,52534.0,11067256208.666666,22134512068.0,33201767586.0
ID9996_IZDA_aug3_038,130.0,130.0,387631707491.0,53727.68571428571,53722.84285714286,53718.0,53769.666666666664,53743.833333333336,53718.0,53722.06613756614,53720.03306878307,53718.0,155586553530677.5,155586546323554.5,155586539116431.5,91886.72496782678,28176.35634967949,88453.69697075478,98559.60983651919,86059.26657887516,104547.13504124511,109443.4440583536,9256.951081759495,114047.24271786073,14862.810149827828,10492.232418051413,20342.072610427746,20980.57676645052,38340.62034835565,30520.126930391067,40627.06134623146,60539.527018100634,50423.63879852731,73948.89653586186,59838.084029100275,60857.80837366608,80665.03976702223,68803.43952311609,54781.84117757308,85605.85591310095,76627.49671935894,88.08803893593428,84562.21879250939,37052.296421590916,2157.885564669465,53718.0,53718.0,11571095568.666666,23142190788.0,34713285666.0
ID9996_IZDA_aug3_042,105.0,106.0,396095328659.0,54311.68571428571,54306.84285714286,54302.0,54353.666666666664,54327.833333333336,54302.0,54306.06613756614,54304.03306878307,54302.0,160709923145169.5,160709915859790.5,160709908574411.5,92886.43316022333,28482.695339059646,89415.50098047394,99631.84427806904,86995.02142159302,105684.44343344664,110633.9619362441,9357.593404035923,115287.78903859267,15024.690465469794,10607.142934731866,20563.32829959437,21209.510109533454,38757.544726290726,30852.76607715595,41069.57273431875,61197.770430933066,50972.646309334115,74753.0949306166,60489.43129578872,61519.48696848077,81542.23833766927,69552.24232166172,55377.45203864662,86536.75267487124,77461.3455099108,89.04571635039588,85482.31509488971,37455.13847966406,2181.285512643706,54302.0,54302.0,11823740976.666666,23647481604.0,35471221890.0
ID9997_DCHA,150.0,150.0,155618064775.0,32144.0,32139.5,32135.0,32184.0,32159.5,32135.0,32139.0,32137.0,32135.0,33415982997967.5,33415978166542.5,33415973335117.5,54940.31412236541,16854.92756921475,52908.12172803417,58932.831259085935,51476.39539667746,62515.40433376622,65445.23796563872,5537.493476122093,68200.12316682741,8880.168279101841,6245.462208634574,12165.083673299678,12519.843013759753,22932.26615491179,18226.7177915383,24273.08257499247,36212.69897159342,30133.862192917768,44227.982231084075,35766.1171613953,36404.02564783335,48246.243961745124,41129.78949712434,32769.73635814067,51202.525760211574,45810.785144336114,52.694971064820024,50558.04075006769,22164.385223998535,1156.1866970262915,32135.0,32135.0,4149814862.0,8299629332.0,12449443418.0
ID9997_DCHA_aug3_055,150.0,150.0,475445336275.0,56234.0,56229.5,56225.0,56274.0,56249.5,56225.0,56229.0,56227.0,56225.0,178449100732912.5,178449092287987.5,178449083843062.5,96178.27448017018,29491.41088114529,92582.53712891226,103162.49847428448,90076.28265883443,109429.37077723476,114554.09403797379,9688.989270024902,119372.65048976286,15557.731299339292,10985.520867278366,21291.880851422036,21963.34320147686,40130.3967447309,31948.082298423116,42526.67693309283,63365.23975092714,52780.421461595404,77401.16601471476,62634.19115330687,63698.26768394101,84430.68500094835,72017.90389649005,57338.684377421065,89602.01718323398,80207.04633152191,92.19916441211737,88512.0113282701,38781.62011951812,2018.728943182997,56225.0,56225.0,12678542102.0,25357083812.0,38035625138.0
ID9997_DCHA_aug3_061,150.0,150.0,490544648575.0,57121.0,57116.5,57112.0,57161.0,57136.5,57112.0,57116.0,57114.0,57112.0,187017082833430.5,187017074255455.5,187017065677480.5,97696.66679388484,29956.68944891958,94043.35931490579,104791.04620445617,91497.54044221039,111156.75509584817,116362.29475761497,9841.848413619457,121256.83611597557,15803.600888336967,11160.051047029761,21627.93187246792,22311.055308843966,40763.636339299985,32453.306471010223,43198.7789752528,64365.00329062279,53614.273602372676,78622.61117935073,63623.4805526776,64703.2487003804,85763.00543273661,73155.21221829315,58243.319366756914,91015.8963402378,81473.52552093679,93.65371897828648,89909.48629310512,39393.470985119,2050.487983984407,57112.0,57112.0,13081190430.0,26162380468.0,39243570122.0
ID9997_DCHA_aug3_076,150.0,150.0,529904911075.0,59371.0,59366.5,59362.0,59411.0,59386.5,59362.0,59366.0,59364.0,59362.0,209971502275555.5,209971493360080.5,209971484444605.5,101548.28202033,31136.933842935494,97748.93983179981,108922.08610625008,95102.76029857583,115538.50787699262,120949.04968342485,10229.5970867735,126036.33742260089,16427.28361127308,11602.771345161716,22480.372455729852,23193.07587432286,42369.93745291922,33734.878498426704,44903.66014194977,66901.04383663766,55729.456597578224,81720.9782824293,66132.9519715989,67252.52410848503,89142.62321348418,76040.15441001476,60538.05299246811,94602.39927514037,84686.12774888045,97.34340079777543,93454.37769206565,40945.5165855723,2131.0492509967976,59362.0,59362.0,14130797430.0,28261594468.0,42392391122.0
ID9997_IZDA,150.0,150.0,157070867275.0,32294.0,32289.5,32285.0,32334.0,32309.5,32285.0,32289.0,32287.0,32285.0,33885014686042.5,33885009832117.5,33885004978192.5,55197.088470795934,16933.610528815818,53155.160429160154,59208.23391920529,51716.74338710195,62807.52118584234,65751.02162735915,5563.343387665711,68518.75658727014,8921.747127297731,6274.97689517608,12221.913045516836,12578.644384790916,23039.352895819862,18312.155926699434,24386.74131943876,36381.768341327705,30274.874392599355,44434.540037956016,35933.41525598957,36573.97734170716,48471.55181379496,41322.118976573176,32922.718599854656,51441.625955871816,46024.958626199186,52.940949852797615,50794.366843330245,22267.854930695386,1161.5574419431348,32285.0,32285.0,4188556262.0,8377112132.0,12565667618.0
ID9997_IZDA_aug3_015,150.0,150.0,380472601075.0,50298.0,50293.5,50289.0,50338.0,50313.5,50289.0,50293.0,50291.0,50289.0,127746393595144.48,127746386040619.5,127746378486094.5,86016.85759831386,26377.663893199315,82806.39226300876,92263.89720448553,80564.91151777336,97869.33321773274,102453.21526481473,8666.022103872667,106763.26393148459,13912.31768007287,9817.526338523712,19042.95316153685,19636.376945175358,35892.617451199665,28567.01049631194,38028.8215528656,56674.601225973674,47200.098679574156,69226.98507076957,56013.647889879474,56972.71265171454,75514.50226916315,64406.78529646388,51284.667131989365,80140.02544030915,71731.48774259938,82.4649638430455,79159.80006416814,34686.978926500065,1806.190439909069,50289.0,50289.0,10145935830.0,20291871268.0,30437806322.0
ID9997_IZDA_aug3_060,150.0,150.0,487974631075.0,56971.0,56966.5,56962.0,57011.0,56986.5,56962.0,56966.0,56964.0,56962.0,185549305623955.5,185549297068480.5,185549288513005.5,97439.89244545563,29878.006489318475,93796.32061377971,104515.64354433682,91257.19245178616,110864.638243771,116056.5110958948,9815.998502075827,120938.20269553285,15762.022040141263,11130.536360487735,21571.1025002505,22252.253937813322,40656.549598391815,32367.86833584909,43085.12023080546,64195.9339208886,53473.26140269213,78416.05337247861,63456.1824580823,64533.297006506684,85537.6975806866,72962.88273884535,58090.337125042875,90776.79614457766,81259.35203907346,93.40774019033978,89673.16019984125,39290.0012784222,2045.117232965774,56962.0,56962.0,13012656630.0,26025312868.0,39037968722.0
ID9997_IZDA_aug3_066,150.0,150.0,503495986075.0,57871.0,57866.5,57862.0,57911.0,57886.5,57862.0,57866.0,57864.0,57862.0,194472176543305.5,194472167852830.5,194472159162355.5,98980.53853603255,30350.104246924853,95278.55282053657,106168.059505055,92699.2803943323,112617.3393562293,117891.21306621844,9971.097971337465,122850.00321818348,16011.495129315856,11307.624479740412,21912.078733555143,22605.062164003426,41299.07004383973,32880.497146816415,43767.07269748477,65210.35013929452,54319.33460077435,79655.40021371008,64459.97102565155,65553.0071697485,86889.5446929858,74116.85961553369,59008.230575327376,92211.39731853835,82544.39293025082,94.8836129181436,91091.11675942547,39910.81951860345,2077.341739299439,57862.0,57862.0,13426559430.0,26853118468.0,40279677122.0
ID9998_DCHA,87.0,87.0,158530419775.0,32444.0,32439.5,32435.0,32484.0,32459.5,32435.0,32439.0,32437.0,32435.0,34358414906617.5,34358410030192.5,34358405153767.5,55453.8628192249,17012.293488416868,53402.19913028696,59483.6365793249,51957.09137752589,63099.63803792003,66056.80528907933,5589.193299209313,68837.39000771157,8963.325975493433,6304.491581718106,12278.742417734515,12637.4457558226,23146.439636727675,18397.59406186161,24500.400063885572,36550.83771106196,30415.886592279378,44641.09784482833,36100.71335058435,36743.92903558068,48696.85966584443,41514.44845602045,33075.70084156876,51680.726151532326,46239.13210806199,53.18692864075977,51030.69293659489,22371.32463739231,1166.9281869428823,32435.0,32435.0,4227477662.0,8454954932.0,12682431818.0
ID9998_DCHA_aug3_017,88.0,87.0,384942824575.0,50593.0,50588.5,50584.0,50633.0,50608.5,50584.0,50588.0,50586.0,50584.0,130004356220374.48,130004348621599.5,130004341022824.5,86521.84715022545,26532.407047081284,83292.23504189076,92805.52243605451,81037.59589894112,98443.82969348271,103054.5897995331,8716.860263241753,107389.90965835277,13994.089414858156,9875.571888723256,19154.717593564423,19752.019641537896,36103.22137498527,28735.038828795507,38252.350416942616,57007.10431978477,47477.42267227957,69633.21542428448,56342.66747591534,57306.950982999384,75957.60771152776,64785.03327271255,51585.53220736037,80610.25582510745,72152.69559026234,82.94872212601837,79624.57471425447,34890.46934967069,1816.752915344324,50584.0,50584.0,10265141790.0,20530283188.0,30795424202.0
ID9998_DCHA_aug3_022,118.0,118.0,396425362075.0,51343.0,51338.5,51334.0,51383.0,51358.5,51334.0,51338.0,51336.0,51334.0,135864406570249.52,135864398858974.5,135864391147699.5,87805.71889237419,26925.82184508663,84527.42854752192,94182.53573665231,82239.33585106285,99904.41395386384,104583.50810813656,8846.109820959775,108983.07676056173,14201.983655836675,10023.145321432346,19438.864454651775,20046.026496697876,36638.65507952508,29162.229504602215,38820.64413917511,57852.45116845636,48182.48367068125,70666.00445864437,57179.15794888875,58156.70945236748,77084.14697177678,65746.68066995309,52350.44341593083,81805.75680340837,73223.5629995774,84.17861606587539,80806.20518057379,35407.8178831551,1843.6066668230612,51334.0,51334.0,10571342790.0,21142685188.0,31714027202.0
ID9998_DCHA_aug3_029,118.0,118.0,412784414575.0,52393.0,52388.5,52384.0,52433.0,52408.5,52384.0,52388.0,52386.0,52384.0,144360530255074.5,144360522386299.5,144360514517524.5,89603.13933138138,27476.602562294116,86256.69945540512,96110.35435748828,83921.7717840343,101949.23191839982,106723.99374017987,9027.059201765016,111213.51070365407,14493.035593206972,10229.74812722653,19836.6700601739,20457.63609392018,37388.262265880774,29760.296450730148,39616.25535030071,59035.93675659648,49169.56906844505,72111.90910674779,58350.244611051225,59346.37130948296,78661.30193612546,67092.98702608973,53421.31910792944,83479.45817302958,74722.77737261653,85.90046758164651,82460.48783342342,36132.10583003326,1881.2019197549014,52384.0,52384.0,11007584190.0,22015167988.0,33022751402.0
ID9998_DCHA_aug3_031,100.0,99.0,417265977175.0,52677.0,52672.5,52668.0,52717.0,52692.5,52668.0,52672.0,52670.0,52668.0,146717861871892.5,146717853960517.5,146717846049142.5,90089.29876440852,27625.57563247209,86724.42606287112,96631.7833939823,84376.83064590371,102502.30649166374,107302.944139705,9076.00170095426,111816.78997968882,14571.758212457347,10285.629267079634,19944.267004905687,20568.966689739744,37591.01316199976,29922.059319968354,39831.449239786794,59356.04142996033,49436.55216650654,72502.99188775882,58666.995670151206,59668.14651655044,79087.88480267338,67457.13084051026,53710.96548557466,83932.15454347902,75128.27916494511,86.36618742017353,82907.93190333554,36328.00847471274,1891.3705407134048,52668.0,52668.0,11127092526.0,22254184660.0,33381276410.0
ID9998_DCHA_aug3_035,99.0,99.0,426813627175.0,53277.0,53272.5,53268.0,53317.0,53292.5,53268.0,53272.0,53270.0,53268.0,151782231407992.5,151782223406617.5,151782215405242.5,91116.3961581275,27940.307470876316,87712.58086737622,97733.39403446126,85338.22260760149,103670.77389996876,108526.07878658776,9179.40134712864,113091.3236614561,14738.073605240532,10403.688013246177,20171.584493775557,20804.17217386908,38019.36012563186,30263.81186061289,40286.08421757248,60032.31890889774,50000.60096522767,73329.22311524622,59336.188048530355,60347.95329204512,79989.1162108731,68226.44875830352,54322.89445243086,84888.55532611978,75984.97309239634,87.3501025720427,83853.23627639099,36741.88730150024,1912.853542963027,53268.0,53268.0,11381696526.0,22763392660.0,34145088410.0
ID9998_DCHA_aug3_045,118.0,118.0,450579589675.0,54742.0,54737.5,54733.0,54782.0,54757.5,54733.0,54737.0,54735.0,54733.0,164634469705282.5,164634461484157.5,164634453263032.5,93624.22562779019,28708.777709646773,90125.3255150425,100423.16001496045,87685.62131408032,106523.78182191508,111512.56588272628,9431.86881653786,116203.31006777081,15144.160355952308,10691.94811847488,20726.618029099216,21378.46556427958,39065.2406284995,31098.257647353814,41396.1512883316,61683.56308663627,51377.82011544133,75346.60436236167,60970.132772404315,62007.814835544326,82189.62289922603,70104.86667424729,55817.02101317171,87223.76723706759,78076.73409859002,89.7524954011893,86161.35445393877,37752.44143690644,1965.3078746767546,54733.0,54733.0,12015455526.0,24030910660.0,36046365410.0
ID9998_IZDA,105.0,105.0,159996722275.0,32594.0,32589.5,32585.0,32634.0,32609.5,32585.0,32589.0,32587.0,32585.0,34836203909692.5,34836199010767.5,34836194111842.5,55710.63716765491,17090.976448017955,53649.237831413295,59759.03923944425,52197.43936795029,63391.75488999511,66362.58895080029,5615.04321075291,69156.02342815352,9004.904823689323,6334.006268260133,12335.571789951933,12696.247126854283,23253.52637763575,18483.032197022745,24614.05880833082,36719.90708079625,30556.89879195992,44847.655651700086,36268.01144517862,36913.88072945432,48922.16751789427,41706.77793547032,33228.683083282805,51919.826347192386,46453.305589924275,53.43290742872708,51267.01902985927,22474.794344089194,1172.2989320242068,32585.0,32585.0,4266579062.0,8533157732.0,12799736018.0
ID9998_IZDA_aug2_015,112.0,112.0,247187295775.0,40529.0,40524.5,40520.0,40569.0,40544.5,40520.0,40524.0,40522.0,40520.0,66896443989022.5,66896437899847.51,66896431810672.5,69294.00019958362,21253.305010914104,66717.58512099233,74327.83995976872,64911.84806140063,78844.73636483632,82538.54465582171,6982.503531409594,86011.7313695187,11204.425893244374,7895.333186332436,15341.845580255018,15806.839654440388,28918.414971667116,23002.70954704775,30626.606389549503,45663.67673974256,38016.44415505392,55774.563635224295,45118.080649239666,45904.32533537023,60840.95289133094,51881.007398274654,41321.44366995734,64568.22669761469,57783.082780472345,66.4451853121139,63768.66936352679,27948.34182835432,1456.4114396164496,40520.0,40520.0,6591661022.0,13183321652.0,19774981898.0
ID9998_IZDA_aug2_044,103.0,106.0,302273829775.0,44825.0,44820.5,44816.0,44865.0,44840.5,44816.0,44820.0,44818.0,44816.0,90461650635082.5,90461643901507.5,90461637167932.5,76648.01753860957,23506.784973888523,73792.77352124873,82215.37214559114,71795.41450715484,87210.96300830501,91296.18872750229,7722.844998018397,95137.39253096776,12395.244105570666,8740.63380889486,16969.438800562806,17490.910920792423,31985.379231270996,25449.657738065423,33881.79283049555,50505.823488933835,42055.03355390105,61690.37922403627,49909.49807843339,50771.74184791138,67293.76977403804,57389.32368966736,45702.855072648556,71416.05630132201,63917.01130102618,73.49001779946896,70537.04867460906,30911.714228153134,1610.2296839984838,44816.0,44816.0,8060635262.0,16121270132.0,24181904618.0
ID9998_IZDA_aug2_051,119.0,119.0,316331682175.0,45857.0,45852.5,45848.0,45897.0,45872.5,45848.0,45852.0,45850.0,45848.0,96845109811222.5,96845102922847.5,96845096034472.5,78414.6250558066,24048.12373594377,75492.39978499782,84110.14244721507,73449.00868127451,89220.72695058968,93399.98032013908,7900.692389438384,97329.59046360748,12681.306581157367,8943.694852303772,17360.424881418974,17895.46435349195,32722.136008717775,26037.47210797392,34663.76499228728,51669.020752706056,43025.19748770267,63111.496935315015,51060.50896924416,51941.00950176206,68843.88779614109,58712.55050827082,46755.37289564132,73061.06564746416,65390.524856244345,75.18235186065394,72162.97219626393,31623.58581022773,1647.1804395353433,45848.0,45848.0,8435511326.0,16871022260.0,25306532810.0
ID9999_DCHA,125.0,125.0,161469774775.0,32744.0,32739.5,32735.0,32784.0,32759.5,32735.0,32739.0,32737.0,32735.0,35318401945267.5,35318397023842.5,35318392102417.5,55967.41151608414,17169.65940761903,53896.27653253909,60034.4418995649,52437.7873583746,63683.87174207045,66668.37261252175,5640.893122296524,69474.65684859495,9046.483671885027,6363.52095480268,12392.401162169352,12755.048497885966,23360.613118543657,18568.470332183875,24727.717552778155,36888.9764505306,30697.910991639423,45054.21345857193,36435.30953977393,37083.83242332812,49147.47536994448,41899.10741491812,33381.665324996895,52158.92654285216,46667.479071787864,53.678886216689214,51503.34512312235,22578.264050786045,1177.6696771861698,32735.0,32735.0,4305860462.0,8611720532.0,12917580218.0
ID9999_DCHA_aug3_044,149.0,149.0,448116627175.0,54592.0,54587.5,54583.0,54632.0,54607.5,54583.0,54587.0,54585.0,54583.0,163286427090007.5,163286418891382.5,163286410692757.5,93367.45127936096,28630.094750045635,89878.28681391642,100147.75735484161,87445.27332365564,106231.66496983897,111206.78222100508,9406.018904994264,115884.6766473286,15102.581507756604,10662.433431932854,20669.78865688173,21319.664193247376,38958.15388759159,31012.8195121932,41282.49254388583,61514.49371690188,51236.807915758705,75140.04655548974,60802.83467781057,61837.86314167074,81964.31504717638,69912.53719479898,55664.038771457606,86984.66704140726,77862.56061672825,89.50651661322203,85925.02836067282,37648.97173020956,1959.9371239122454,54583.0,54583.0,11949776526.0,23899552660.0,35849328410.0
ID9999_DCHA_aug3_049,123.0,125.0,460415832175.0,55337.0,55332.5,55328.0,55377.0,55352.5,55328.0,55332.0,55330.0,55328.0,170054787053602.5,170054778743227.5,170054770432852.5,94642.76387656128,29020.886782730882,91105.24569617672,101515.59056676865,88639.0016760965,107682.51200181834,112725.50774088343,9534.406798994134,117467.22263552289,15309.089787128816,10809.023041757955,20952.041205561818,21611.711002705484,39490.018034100984,31437.162250160683,41846.997641302754,62354.204919915865,51937.168507505754,76165.95032962065,61633.74854763027,62681.956554576485,83083.34404569068,70867.77360939154,56423.85057197093,88172.19801318616,78926.28890997963,90.72821126012762,87098.78129055176,38162.871273470795,1986.6118528746001,55328.0,55328.0,12277755326.0,24555510260.0,36833264810.0
ID9999_DCHA_aug3_067,142.0,142.0,506106503575.0,58021.0,58016.5,58012.0,58061.0,58036.5,58012.0,58016.0,58014.0,58012.0,195986578567780.5,195986569854805.5,195986561141830.5,99237.31288446228,30428.787206525907,95525.59152166301,106443.46216517435,92939.62838475632,112909.45620830594,118196.9967279381,9996.947882881028,123168.6366386257,16053.07397751156,11337.139166281397,21968.90810577263,22663.863535035627,41406.15678474751,32965.935281977545,43880.73144193158,65379.419509028776,54460.34680045385,79861.95802058201,64627.269120245815,65722.95886362229,87114.85254503545,74309.18909498252,59161.212817041356,92450.49751419906,82758.5664121152,95.12959170613146,91327.44285268881,40014.28922530033,2082.7124904061625,58012.0,58012.0,13496173230.0,26992346068.0,40488518522.0
ID9999_IZDA,149.0,149.0,162949577275.0,32894.0,32889.5,32885.0,32934.0,32909.5,32885.0,32889.0,32887.0,32885.0,35805029263342.5,35805024319417.5,35805019375492.5,56224.185864513885,17248.342367220055,54143.31523366571,60309.844559683996,52678.13534879904,63975.98859414788,66974.15627424167,5666.743033840112,69793.29026903637,9088.06252008073,6393.035641345226,12449.230534386901,12813.84986891817,23467.699859451535,18653.90846734449,24841.376297224444,37058.04582026498,30838.92319132049,45260.771265443786,36602.60763436716,37253.78411720161,49372.783221994316,42091.436894365914,33534.64756671103,52398.0267385124,46881.65255365119,53.924865004651366,51739.67121638726,22681.733757482936,1183.0404224275333,32885.0,32885.0,4345321862.0,8690643332.0,13035964418.0
ID9999_IZDA_aug3_005,150.0,150.0,358689116275.0,48835.0,48830.5,48826.0,48875.0,48850.5,48826.0,48830.0,48828.0,48826.0,116934023569687.5,116934016234612.5,116934008899537.5,83512.45178663055,25610.242760556943,80396.94146469058,89577.80325945269,78220.71745116732,95020.2201871468,99470.80528416699,8413.89929995076,103655.525970777,13506.785314003655,9529.659762450376,18488.67735117603,19062.867573044878,34848.16477154399,27733.703884706916,36920.26993203125,55025.611306498315,45824.759692024636,67212.35792774538,54381.933807264504,55315.11713080026,73316.9996855039,62530.93177358087,49792.580334471364,77808.00153197048,69642.58238282909,80.06585073106712,76854.83290119954,33677.804387183125,1753.8077240340801,48826.0,48826.0,9565042902.0,19130085412.0,28695127538.0
ID9999_IZDA_aug3_009,150.0,150.0,367545206275.0,49435.0,49430.5,49426.0,49475.0,49450.5,49426.0,49430.0,49428.0,49426.0,121291321414987.5,121291313989912.5,121291306564837.5,84539.54918034901,25924.97459896112,81385.09626919522,90679.41389993165,79182.10941286538,96188.68759545285,100693.93993104923,8517.298946125145,104930.05965254271,13673.100706786656,9647.718508619002,18715.994840045834,19298.073057172132,35276.51173517589,28075.45642535145,37374.904909816934,55701.88878543572,46388.80849074733,68038.58915523333,55051.12618564261,55994.923906294774,74218.23109370288,63300.249691373094,50404.50930132775,78764.40231461145,70499.27631027979,81.04976588295686,77800.13727425654,34091.68321397074,1775.290724128257,49426.0,49426.0,9801205302.0,19602410212.0,29403614738.0
ID9999_IZDA_aug3_024,149.0,149.0,401065627075.0,51643.0,51638.5,51634.0,51683.0,51658.5,51634.0,51638.0,51636.0,51634.0,138256865992699.52,138256858236424.5,138256850480149.5,88319.26758923213,27083.187764288778,85021.5059497746,94733.34105689205,82720.03183191137,100488.64765801713,105195.07543157692,8897.809644047014,109620.34360144459,14285.1413522279,10082.1746945164,19552.523199086678,20163.62923876176,36852.82856134109,29333.10577492396,39047.96162806821,58190.58990792488,48464.508070042335,71079.12007238789,57513.75413807781,58496.61284011485,77534.76267587663,66131.33962884867,52656.40789935898,82283.95719472847,73651.90996330303,84.67057364179972,81278.85736710358,35614.75729654884,1854.348167560194,51634.0,51634.0,10695083190.0,21390165988.0,32085248402.0
ID9999_IZDA_aug3_050,150.0,150.0,462912319675.0,55487.0,55482.5,55478.0,55527.0,55502.5,55478.0,55482.0,55480.0,55478.0,171439777571377.5,171439769238502.5,171439760905627.5,94899.53822499154,29099.569742331994,91352.28439730333,101790.993226888,88879.3496665209,107974.62885389394,113031.2914026057,9560.256710537791,117785.85605596406,15350.668635324704,10838.537728299982,21008.87057777924,21670.51237373821,39597.10477500915,31522.600385320777,41960.65638574957,62523.27428965019,52078.18070718682,76372.50813649222,61801.04664222506,62851.9082484502,83308.65189774035,71060.10308883882,56576.83281368497,88411.29820884649,79140.46239184348,90.9741900480538,87335.1073838151,38266.34098016765,1991.9826037219875,55478.0,55478.0,12344328326.0,24688656260.0,37032983810.0
ID9999_IZDA_aug3_075,150.0,150.0,527233643575.0,59221.0,59216.5,59212.0,59261.0,59236.5,59212.0,59216.0,59214.0,59212.0,208385796153580.5,208385787260605.5,208385778367630.5,101291.50767189922,31058.2508833344,97501.90113067348,108646.68344613124,94862.4123081518,115246.39102491649,120643.26602170312,10203.747175229846,125717.70400215972,16385.704763077378,11573.256658618127,22423.543083512366,23134.27450329118,42262.85071201131,33649.440363266614,44790.001397502434,66731.97446690353,55588.44439789924,81514.42047555755,65965.65387700255,67082.57241461138,88917.31536143435,75847.82493056696,60385.070750754036,94363.29907948004,84471.95426701765,97.09742200983901,93218.05159880231,40842.04687887543,2125.6784997652812,59212.0,59212.0,14059563630.0,28119126868.0,42178689722.0
ID999_DCHA,64.0,64.0,129744641530.0,30382.0,30377.5,30373.0,30423.666666666668,30398.333333333332,30373.0,30377.0,30375.0,30373.0,28212604105455.0,28212599843505.0,28212595581555.0,51924.07193371052,15930.665070434283,50006.24045213782,55697.76868764698,48653.10766915886,59084.00597339286,61853.30049152737,5233.843181856562,64457.2443262577,8391.75540896259,5898.763049807851,11497.527980985215,11829.122945018999,21674.3539050463,17223.10454824812,22937.971261859173,34226.69744178067,28477.438984998364,41801.61652636199,33800.92234650143,34407.65975046425,45599.627726333325,38870.559401539336,30972.704958805967,48393.89546185663,43294.96090731773,49.80554023551172,47781.99727230712,20948.961069332432,1170.5100015028906,30373.0,30373.0,3706989572.6666665,7413978780.0,11120967630.0
ID999_DCHA_aug2_031,76.0,76.0,258384867090.0,42900.0,42895.5,42891.0,42941.666666666664,42916.333333333336,42891.0,42895.0,42893.0,42891.0,79288299191860.0,79288293177390.0,79288287162920.0,73352.74742603762,22497.020325674835,70622.4435234615,78681.03896083767,68710.9486300424,83462.1313829755,87371.96686288509,7391.104466542136,91048.26608657259,11861.648887058607,8361.862034590393,16240.12852377236,16736.2933770939,30611.0993896188,24353.20174218333,32423.172377780706,48336.09991067653,40245.377129058514,59039.55403584665,47762.50605665017,48590.69510986617,64402.31900606528,54921.09563755443,43739.582970651245,68347.60379034949,61168.4519883797,70.3332900205587,67504.19765834179,29583.852992209875,1650.6469413900863,42891.0,42891.0,7382424588.666667,14764848812.0,22147272678.0
ID999_DCHA_aug2_038,69.0,69.0,270997110370.0,43936.0,43931.5,43927.0,43977.666666666664,43952.333333333336,43927.0,43931.0,43929.0,43927.0,85163883029298.0,85163876869788.0,85163870710278.0,75126.20227585912,23040.457299986214,72328.65748590694,80583.15335635122,70370.95208390632,85479.68513951209,89483.91272969396,7569.641188936663,93248.96096943578,12148.820131930246,8565.71013718104,16632.63005455408,17142.41484758839,31350.711813489885,24943.29446409574,33208.175441857464,49503.805690975016,41219.30139149856,60466.17995530866,48917.97823461143,49764.494808886855,65958.4452375559,56249.45124871482,44796.180320089785,69998.98914170943,62647.676845385344,72.03218351609046,69136.42322152348,30298.4837664629,1690.3834845440824,43927.0,43927.0,7742774396.666667,15485548428.0,23228322102.0
ID999_IZDA,74.0,74.0,134699525016.0,30522.649999999998,30517.825,30513.0,30563.0,30538.0,30513.0,30517.06206896552,30515.031034482756,30513.0,28609251449460.0,28609247045292.0,28609242641124.0,52163.72762413359,16004.102499395263,50236.80990652277,55954.81066495765,48877.432460221266,59356.64767645997,62138.69763042981,5257.969765963929,64754.63421817706,8430.562333945125,5926.310070775238,11550.568728388267,11884.00419679844,21774.30152989371,17302.846768673502,23044.05270153283,34384.4955201994,28609.05029707774,41994.40381277551,33957.06713141841,34566.28133141306,45809.915054913035,39050.06677223945,31115.48838440577,48617.05564447304,43494.855958516404,50.03512043763272,48002.56801599805,21045.532795582894,1143.4791375801155,30513.0,30513.0,3741653282.0,7483306188.0,11224958726.0
ID999_IZDA_aug2_047,73.0,74.0,295990651320.0,45275.65,45270.825000000004,45266.0,45316.0,45291.0,45266.0,45270.06206896551,45268.03103448276,45266.0,93190956776775.0,93190950248175.0,93190943719575.0,77418.34076577243,23742.833852691663,74533.8896246275,83041.58037868928,72516.45847842851,88087.31391480946,92213.540196814,7800.394732649182,96093.29344065335,12519.980650158146,8829.177877331478,17139.92691721519,17667.31504642517,32306.639453994852,25705.97216133859,34222.769088257985,51013.03159813692,42478.070187559046,62310.05264465209,50411.39241095972,51281.59692953234,67969.69333018793,57966.31219646359,46161.801797790795,72133.35688830227,64559.531842486154,74.22795416335032,71246.02708438877,31222.123348243793,1693.6632000511663,45266.0,45266.0,8221962346.0,16443924316.0,24665885918.0
