ID,SMOOTHED_AMPLITUDE_mean,SMOOTHED_AMPLITUDE_std,SMOOTHED_AMPLITUDE_max,VELOCITY_mean,VELOCITY_std,VELOCITY_max,ACCELERATION_mean,ACCELERATION_std,ACCELERATION_max,DISTANCE_ANG_mean,DISTANCE_ANG_std,FREQUENCY_mean,FREQUENCY_std,FREQUENCY_count,INTERVAL_STD,INTERVAL_CV
CONTROL01_DCHA,0.4953164705016366,0.2771667313363275,0.920610307117014,0.03936751059187986,2.4196396098469743,4.1156900431600185,0.03936751059187986,2.4196396098469743,4.1156900431600185,0.3382956829956758,0.2372341675123875,0.12472681673704157,0.4109779828378496,150,0.1378012628659976,0.2680278562618296
CONTROL01_DCHA_aug0_005,0.5007145729855152,0.27898285481856894,0.9655987447348118,0.04025278119386631,2.407368447504361,3.652201167893685,0.03188071535840478,2.403157513002888,3.652201167893685,0.3443340970494879,0.24460385420465225,0.12244971312347717,0.41044781996280494,150,0.09502694037831172,0.24154336104780894
CONTROL01_DCHA_aug0_007,0.49642721537848256,0.2868127247125385,0.9620133931482684,0.03188644520841369,2.4078536301175144,3.614937313655932,0.04037460058808937,2.404071269283544,3.614937313655932,0.33207685262576836,0.24467823457387372,0.13051959471185035,0.41073465416688354,150,0.11712893529121592,0.276457178290909
CONTROL01_IZDA,0.4264345193839962,0.21406112561825724,0.7891870063721068,0.03637807093918882,1.5937449414112583,3.107844109374083,0.03637807093918882,1.5937449414112583,3.107844109374083,0.2650056014332645,0.18917157425196302,0.07607793432619181,0.2860553468877811,150,0.024915226453757964,0.05669177858748401
CONTROL02_DCHA,0.35958260789192453,0.18034709937533036,0.6420076995003968,0.018685367787938355,1.9695588393297423,2.8353897925899223,0.018685367787938355,1.9695588393297423,2.8353897925899223,0.18116470585289757,0.12684623533834047,0.21071837249616018,0.5980152659863078,150,0.07041452653923824,0.1359021256460031
CONTROL02_IZDA,0.42228289403901265,0.23778470771629148,0.7508505076159402,-0.010375094108713429,2.3187954079171322,3.43464276915057,-0.010375094108713429,2.3187954079171322,3.43464276915057,0.24151906048232902,0.19106747364153298,0.14220326027260066,0.446448506211512,150,0.12563123297757098,0.2985394808812436
CONTROL03_IZDA,0.6042202556729793,0.27282803193917415,1.130781920181027,0.0708565907515014,2.4413106522563783,5.065232593565883,0.0708565907515014,2.4413106522563783,5.065232593565883,0.434958053003124,0.25875219501912444,0.11113837223494208,0.38181765923705774,150,0.15214541879550098,0.31162066365459284
CONTROL03_IZDA_aug1_003,0.6042202556729793,0.22989266667593425,1.0994687737743962,0.0742852157830365,1.8793232515330773,3.253416999097698,0.0742852157830365,1.8793232515330773,3.253416999097698,0.434958053003124,0.2127564394266151,0.1111383722349421,0.363291858656572,150,0.038438867016030415,0.10497277621629571
CONTROL04_DCHA,0.6322081332211695,0.29330700297797446,0.9619228331408154,-0.07538938419528203,2.2222981588013444,3.913714625687992,-0.07538938419528203,2.2222981588013444,3.913714625687992,0.4718604287054879,0.2846752838328923,0.09334506437516199,0.3543993293508475,150,0.058585485542889705,0.12466947398047487
CONTROL04_IZDA,0.6086625171594313,0.28649207679094785,0.9636844445102374,-0.057641280953107894,2.1449680035322944,3.7574491485786696,-0.057641280953107894,2.1449680035322944,3.7574491485786696,0.43026345439167596,0.28536530268392407,0.07494535457918511,0.2840897472959991,150,0.06178087353283595,0.1363767425808192
CONTROL05_DCHA,0.3995217623443641,0.13239624497240893,0.5602996316160963,0.027419491116070595,1.0216023729071473,2.214516395533732,0.027419491116070595,1.0216023729071473,2.214516395533732,0.2471123175308562,0.11944342628671864,0.07313785287213288,0.27793554659738545,150,0.0698674199118319,0.14982983545287887
CONTROL05_IZDA,0.5298670132352556,0.13950997806026885,0.675149948474511,0.028173355611850016,1.120918580413399,2.17740356852242,0.028173355611850016,1.120918580413399,2.17740356852242,0.34436759087444796,0.14331238795277396,0.06777373605713413,0.26557999167175106,142,0.07866647982377416,0.16354070481130237
CONTROL06_DCHA,0.3497317861089691,0.14312640318417544,0.5926114673452277,0.018053901449034668,2.0706242520657847,2.641746074122697,0.018053901449034668,2.0706242520657847,2.641746074122697,0.20995917447094475,0.15745152578341665,0.352848580751906,0.8561442398158006,150,0.09625115153924095,0.20951930862030374
CONTROL06_IZDA,0.31480607422745993,0.16008003175246738,0.5661329274294354,0.006721600253563368,1.6770739790053475,2.5378299104915896,0.006721600253563368,1.6770739790053475,2.5378299104915896,0.18997376585398318,0.14302847612010727,0.17959619401085883,0.5221981671354771,150,0.13379763884915935,0.19283153269110329
CONTROL07_DCHA,0.330778888927465,0.161518296976155,0.5522243111626759,0.005691347412518268,1.502684153451715,2.2287299519511903,0.005691347412518268,1.502684153451715,2.2287299519511903,0.19795545125366404,0.14167340266131048,0.13873031209564796,0.43482081845967,150,0.08094869146094398,0.2193376262528544
CONTROL07_IZDA,0.3482193487254152,0.21200897999644513,0.780247725826526,-0.015644163747047753,1.8668205917678413,3.089063568733321,-0.015644163747047753,1.8668205917678413,3.089063568733321,0.2155873656524399,0.17763446823785686,0.11120712280997111,0.3789308764001096,150,0.01840141720268151,0.05102499677469844
CONTROL07_IZDA_aug0_012,0.3405817828710648,0.21174240116127546,0.7727170059391889,-0.015531316467799516,1.850590694549423,2.784608243024495,-0.012836478995695828,1.84968130895372,2.784608243024495,0.20879649887988266,0.18639402007963388,0.11241620801072881,0.3817363146811915,150,0.012406232947176554,0.0344010458076889
CONTROL08_DCHA,0.39007194619101226,0.16371409550481378,0.623061643072644,-0.02900156780057447,1.5305930458174284,2.401057205332134,-0.02900156780057447,1.5305930458174284,2.401057205332134,0.23054487155682585,0.1465753408234948,0.16154028162317396,0.5369137666385221,150,0.05279388190741599,0.14175281117205463
CONTROL08_IZDA,0.3855686527719792,0.134521565162394,0.604774591351395,-0.0028964754112971963,1.216183370709289,2.066227158896264,-0.0028964754112971963,1.216183370709289,2.066227158896264,0.23538226368131035,0.12624951268684623,0.14984403861184928,0.470666518925262,150,0.1883131837829692,0.38569460791993515
CONTROL09_DCHA,0.41050636370149446,0.1828647229432995,0.6981800416901175,0.022931379737358724,1.5033374978486342,2.365448006312039,0.022931379737358724,1.5033374978486342,2.365448006312039,0.2453255065108106,0.17683205573843352,0.1031655910211644,0.35135347909705883,150,0.015692877875980643,0.04040610178208857
CONTROL09_DCHA_aug0_028,0.40906117962400373,0.1724184532129855,0.6907612409550787,0.019740823772302237,1.348297685179326,1.927098033025099,0.021361109827518092,1.3518387764589952,1.927098033025099,0.24920141907258658,0.16387985391030147,0.1032402325183043,0.33965220801715923,150,0.021308535955248762,0.05526004135157293
CONTROL09_IZDA,0.3435360124027449,0.14562233301473437,0.549924858833888,-0.001524759794452438,1.2262206348912825,2.018172887714063,-0.001524759794452438,1.2262206348912825,2.018172887714063,0.19530081956288567,0.12271772973436869,0.10646981252990538,0.3630737800357895,150,0.02481226382896714,0.06576670522058192
CONTROL09_IZDA_aug0_020,0.35022012785575973,0.13217647486125114,0.5669101721650152,-0.005489088756849682,1.0988832849486245,1.6117210404398967,0.00163334357436492,1.0982814678570854,1.6117210404398967,0.19572590925142813,0.1125761633578762,0.10589493612244669,0.3517044644637257,150,0.03627600491551276,0.0968644209675704
CONTROL1000_DCHA,0.3567327339631246,0.18602467593266572,0.6510155778687733,-0.014808312937799967,1.480072584538999,2.707133164637362,-0.014808312937799967,1.480072584538999,2.707133164637362,0.21284891102832715,0.14382319599469406,0.09139257581694833,0.3291160110307668,150,0.05874302293686501,0.1436349587382614
CONTROL1000_IZDA,0.31922568098935883,0.163703615344864,0.5582883091680836,0.009628751853042107,1.3125140867216074,2.4104286116877547,0.009628751853042107,1.3125140867216074,2.4104286116877547,0.20458271769349204,0.12676324310419612,0.09339827303465462,0.3366127207298306,150,0.11518359058169002,0.2619941888756154
CONTROL1002_DCHA,0.20619076258877794,0.09365287414516449,0.3781326411796779,-0.005971161399196273,0.9304991362896274,1.4175154080305743,-0.005971161399196273,0.9304991362896274,1.4175154080305743,0.09749206394728774,0.08859227149097026,0.18966114955327676,0.5550099076959237,150,0.18285426931843146,0.3204204973379266
CONTROL1002_IZDA,0.245873390062971,0.08432340662520801,0.4787382573796308,-0.0007066027663718131,1.123281558860882,1.8252929536030915,-0.0007066027663718131,1.123281558860882,1.8252929536030915,0.11953357882517042,0.0994390063402631,0.4175280560083674,0.96767709125378,150,0.09330667674189311,0.20753964038699121
CONTROL101_DCHA,0.268520014435701,0.13224999422433564,0.6572167750831056,0.027297465428869034,1.8033131022728501,2.877361290767724,0.027297465428869034,1.8033131022728501,2.877361290767724,0.14702933411721308,0.13095551756169932,0.4464583036011607,1.011618664733474,150,0.10466714352332977,0.23065275207879574
CONTROL101_DCHA_aug0_032,0.26808535166544106,0.13695239615724356,0.6945512230798712,0.03132069234196973,1.803226885819975,2.934959816621217,0.02675941205603202,1.802165479847274,2.826886033094752,0.14866736908305406,0.14169767505396874,0.4351077417812629,0.9901785595752732,150,0.07721606050557085,0.17926650790644832
CONTROL101_IZDA,0.32452593551454556,0.17498317801950344,0.6730840747212327,0.0485042260972757,2.2184334351614328,3.1981018412682327,0.0485042260972757,2.2184334351614328,3.1981018412682327,0.20306060993862285,0.15859270161448127,0.36487322201607914,0.8849614034535129,150,0.0883429366477907,0.19907071120110875
CONTROL102_DCHA,0.3177435621834428,0.16074030345012308,0.5925105419444145,-0.036377817482036674,1.486067941045851,2.450852480797191,-0.036377817482036674,1.486067941045851,2.450852480797191,0.2043055605371815,0.12888877862067621,0.13875013875013875,0.43527779998700233,150,0.02779420403209593,0.08212608302599014
CONTROL102_IZDA,0.3815986253434469,0.22293400725902554,0.7395806235146906,-0.005837196245865845,1.6590180457637922,3.0856683255117026,-0.005837196245865845,1.6590180457637922,3.0856683255117026,0.24570319837436022,0.1687916042109875,0.11065015766196938,0.42325958089881344,150,0.049184317261418524,0.10698789646307726
CONTROL103_DCHA,0.38512143351548245,0.21013557505476305,0.7749932376493932,-0.01436491061273595,2.801643943110785,3.894959548904999,-0.01436491061273595,2.801643943110785,3.894959548904999,0.2403240241563647,0.2024634618206291,0.29775002477946283,0.767008217173356,150,0.09203241721015727,0.17107036039313095
CONTROL103_DCHA_aug0_003,0.3831372689897986,0.2169828104488283,0.7964260944986057,-0.012459626601812884,2.7986313539971306,3.80103885519078,-0.01013132267818561,2.7931747184334625,3.80103885519078,0.24390513083756143,0.2090037926488447,0.2952710718931613,0.7643706839536865,150,0.10206803630084352,0.18972462403907597
CONTROL103_DCHA_aug0_009,0.38512143351548245,0.14055842627927634,0.6597297911101827,-0.013996623647795348,1.7654972778183047,2.605620796238398,-0.013996623647795348,1.7654972778183047,2.605620796238398,0.24032402415636464,0.12559496563519326,0.29775002477946283,0.7452178954773433,150,0.10206803630084352,0.18972462403907597
CONTROL103_IZDA,0.47332413822348246,0.245414079744395,0.8468778806911136,-0.0018889549930757028,3.1084247630775845,4.254592762695586,-0.0018889549930757028,3.1084247630775845,4.254592762695586,0.3265606642507858,0.24786376029030333,0.35147139027814844,0.8613709099368964,150,0.08952270852357698,0.19166296949998207
CONTROL104_DCHA,0.485344786023007,0.3269989612244524,1.0894660195588255,-0.038495566457036175,1.7877889476646456,5.492463894336201,-0.038495566457036175,1.7877889476646456,5.492463894336201,0.22269277044211744,0.14977884920829412,0.12159624042000099,0.49488643313294506,150,0.12912590542496952,0.20480960108084548
CONTROL104_IZDA,0.4286343584828528,0.23861058184055906,0.7165336870895119,-0.045297055945414264,1.204808191133952,3.223748437997489,-0.045297055945414264,1.204808191133952,3.223748437997489,0.26234199789092727,0.16614676722072727,0.15890030336154878,0.5727329489569245,150,0.1769630930010687,0.30043280292537367
CONTROL105_DCHA,0.31856020448114314,0.16761774689446224,0.6528913498356421,0.024751185127031696,2.387004590640264,3.2501458301775794,0.024751185127031696,2.387004590640264,3.2501458301775794,0.18167329711595073,0.16874305085409702,0.3751183575189693,0.8875165381563264,150,0.09324464419475645,0.20588235294117627
CONTROL105_IZDA,0.27199025693635936,0.13053611941576418,0.6115129121112526,0.0027550263884151033,1.6202725106148834,2.671499313931508,0.0027550263884151033,1.6202725106148834,2.671499313931508,0.1638042934133959,0.11965543638197439,0.29075256172841407,0.7447969624640478,150,0.10173821742878349,0.19924242151981905
CONTROL105_IZDA_aug0_031,0.2748629905699861,0.11035434156626732,0.5817057222137548,0.0052243952282592186,1.315353531122823,2.1585988236148466,0.006572279546328241,1.3128684879821995,2.1585988236148466,0.16587221291140283,0.10004816230840352,0.27939437968041514,0.7183758735004832,150,0.10390101066586885,0.19053410647860602
CONTROL106_DCHA,0.5167122214017786,0.24989975102365775,0.9968512014284356,-0.023396494459951202,3.184147256468359,4.398412535137764,-0.023396494459951202,3.184147256468359,4.398412535137764,0.347288634980278,0.304803457920167,0.2740221718322346,0.7277814791074003,150,0.12511452561682823,0.1963126334024763
CONTROL106_IZDA,0.6810343842025012,0.27708372338393633,1.1755845082384784,-0.033375663786767346,3.630947891965075,6.1291358743110935,-0.033375663786767346,3.630947891965075,6.1291358743110935,0.4849307633615042,0.34832652553196397,0.289040934685301,0.7408216904490293,150,0.1222551773674742,0.22087865897095293
CONTROL106_IZDA_aug0_023,0.6810343842025013,0.18715911781331587,1.0167636869278285,-0.030640397581513643,2.347686637801231,3.5239633005725257,-0.030640397581513643,2.347686637801231,3.5239633005725257,0.4849307633615042,0.22847613012719833,0.289040934685301,0.7150188916213269,150,0.1233832767241205,0.2229167982011065
CONTROL107_DCHA,0.5800725352050663,0.2861693743568683,1.0374414162268524,-0.050527647134275225,3.7415788022225587,4.856602033772238,-0.050527647134275225,3.7415788022225587,4.856602033772238,0.43595432078579627,0.3472735312079551,0.2949987501303998,0.7585825424579471,150,0.09121447582497164,0.17998289059763461
CONTROL107_DCHA_aug0_015,0.5807464223021938,0.23689969883797252,1.0086728009420916,-0.04888305556671744,2.9985243160296107,4.264505380248467,-0.05287730398870526,3.002953979907657,4.264505380248467,0.43440924932067665,0.2813381226082306,0.294575932012187,0.7394784714772171,150,0.09121447582497164,0.17998289059763461
CONTROL107_IZDA,0.6624751403819851,0.25655458771965417,1.090630772139212,-0.031296621663735834,3.3156093163807063,4.4936762483778745,-0.031296621663735834,3.3156093163807063,4.4936762483778745,0.4950349249266035,0.3319710217170711,0.300483349154113,0.7791701459408652,150,0.024914140380746585,0.056691778587483935
CONTROL108_DCHA,0.4022821617444069,0.2220032744645401,0.8259980498265905,-0.006589588902953467,2.1547415816741196,3.60814850961082,-0.006589588902953467,2.1547415816741196,3.60814850961082,0.17319113744815814,0.12960442337597933,0.14674790248665787,0.4582067810863012,149,0.13348889926680124,0.3178568951508062
CONTROL108_DCHA_aug0_006,0.400205082096658,0.21952477635115455,0.8588631121639672,-0.0034320778196934494,2.119993477491158,3.052118557589526,0.002961748658954942,2.1173302157962537,3.052118557589526,0.1691400956975516,0.14444030918164052,0.143917211368365,0.45983773166135805,149,0.09976194917321168,0.24208937695815175
CONTROL108_DCHA_aug0_022,0.4023636745297916,0.2210303547191345,0.8963546462021621,0.0014409721413750909,2.1177344357726406,2.9924437650363216,-0.0009769200554652325,2.116649450803427,2.9924437650363216,0.17526134148185216,0.13750706095788548,0.15165499553646059,0.4603547477101642,149,0.11617400249335161,0.27191900017987
CONTROL108_IZDA,0.4219992441204314,0.22275660596769206,0.8246999486846014,-0.053056258784335154,1.9920088228564572,3.1875058440805524,-0.053056258784335154,1.9920088228564572,3.1875058440805524,0.26809126077784623,0.17845740449004724,0.14186868686868687,0.44795975417660255,150,0.12211782836127201,0.28580768339872176
CONTROL109_DCHA,0.3089906544709252,0.13986145375602044,0.5226624220638888,-0.024457379154233978,1.3066814262612492,2.276848266197748,-0.024457379154233978,1.3066814262612492,2.276848266197748,0.19388727524631177,0.11531562214496092,0.19345238095238096,0.5633406758734442,150,0.12686114456365277,0.22892236612989972
CONTROL109_IZDA,0.30545657978918545,0.1151332991859218,0.471239570724571,-0.012725763787760842,0.9892568884184791,1.9386758936687447,-0.012725763787760842,0.9892568884184791,1.9386758936687447,0.18237663795652329,0.09868602300937336,0.20767041635661457,0.589894855084983,150,0.11629941669819369,0.24557177146708037
CONTROL10_DCHA,0.6051158077976118,0.3133438835383372,1.0641340191426305,-0.02462529952976289,2.4424803539118756,4.596734937258387,-0.02462529952976289,2.4424803539118756,4.596734937258387,0.4323534949576907,0.3399420768436657,0.18581775899737862,0.612868570229323,145,0.11831779701861357,0.22368303482428017
CONTROL10_IZDA,0.46200153150987905,0.1967556834479386,0.7068710643409734,-0.01624288185955069,1.3830130269019485,2.577648031540247,-0.01624288185955069,1.3830130269019485,2.577648031540247,0.20375403118227856,0.1364289092142114,0.08540565540624652,0.35528426969520727,149,0.0925447126405579,0.1881202406495759
CONTROL110_DCHA,0.3972662350248266,0.22240555667856676,0.7060484308861854,-0.06273327534289053,1.7710909527587833,3.011438532933868,-0.06273327534289053,1.7710909527587833,3.011438532933868,0.26335946836457885,0.17102925720218476,0.09481579301769223,0.33891071295233044,150,0.025743964471304347,0.06629126073623864
CONTROL110_IZDA,0.4633519593398064,0.24385475291425923,0.7373560426992979,-0.05608788558680428,1.7457199211701164,3.1584676700364938,-0.05608788558680428,1.7457199211701164,3.1584676700364938,0.3129172642869799,0.19861138183104107,0.07456037067508887,0.28199692192815096,150,0.0520506475885392,0.1148566128809803
CONTROL11_DCHA,0.44596306784247114,0.2991735784579317,0.8360399280632165,0.005808997610693278,2.068158943541782,3.832519558801793,0.005808997610693278,2.068158943541782,3.832519558801793,0.30835148953356356,0.2460045529964429,0.11677188125757039,0.43711502968180005,150,0.053312800435018994,0.11267605633802807
CONTROL11_DCHA_aug1_001,0.4421552582464061,0.30246343279088783,0.9087241896232928,0.006693951244035706,2.0585164996190333,3.690096887612881,0.010845759216594803,2.0691561386191166,3.690096887612881,0.3152568779133014,0.2519412600301401,0.11515170046305516,0.4380690000374185,150,0.06630695833727031,0.14013907564881964
CONTROL11_IZDA,0.6178595407706416,0.3813784453568827,1.139208634051171,-0.04706079881515347,2.892536148608652,5.247241248132309,-0.04706079881515347,2.892536148608652,5.247241248132309,0.41255509613295654,0.31550265143488515,0.13319038964383825,0.4675123101390328,150,0.03316702701663531,0.0771440221838262
CONTROL12_DCHA,0.29612225975583084,0.1467215672754716,0.5142080206185655,0.0006556370950216439,1.47153040795458,2.1121986771984447,0.0006556370950216439,1.47153040795458,2.1121986771984447,0.17296213545617653,0.12027751820461853,0.16521721497009206,0.4986212091854491,150,0.17805803551652002,0.331706866594336
CONTROL12_IZDA,0.37178554701198363,0.1720861864225416,0.6919547259845823,-0.028630251167198473,1.8974446580195532,4.1285235266643046,-0.028630251167198473,1.8974446580195532,4.1285235266643046,0.2359378237570174,0.14604168086974653,0.19438263839329495,0.5671117119210626,150,0.1331579718103606,0.21052631578947367
CONTROL13_DCHA,0.3136757906003502,0.08631569187944318,0.5160332435009926,-0.011246121021327155,1.5904510500046996,2.927135331785578,-0.011246121021327155,1.5904510500046996,2.927135331785578,0.17396501745549497,0.15547731138003934,0.2517976542137663,0.7210823896088508,150,0.12172404188014935,0.2510974687541759
CONTROL13_DCHA_aug0_004,0.3136757906003502,0.04087073812999429,0.4370322707418165,-0.009568520254882711,0.6102902634589623,1.3636986880030713,-0.009568520254882711,0.6102902634589623,1.3636986880030713,0.17396501745549495,0.0618719239345877,0.2396151789147837,0.619094781733584,150,0.12172404188014935,0.2510974687541759
CONTROL13_DCHA_aug0_024,0.3136757906003502,0.04087073812999429,0.4370322707418165,-0.009568520254882711,0.6102902634589623,1.3636986880030713,-0.009568520254882711,0.6102902634589623,1.3636986880030713,0.17396501745549495,0.0618719239345877,0.2396151789147837,0.619094781733584,150,0.12172404188014935,0.2510974687541759
CONTROL13_IZDA,0.3013351165012417,0.1085503329315791,0.5131010172289757,-0.008004796464461903,1.8542928525115228,2.9580813833193,-0.008004796464461903,1.8542928525115228,2.9580813833193,0.19259345514786408,0.13652876349822338,0.46259699727299314,1.0547961689444207,150,0.07551431100390377,0.18338182225499877
CONTROL14_DCHA,0.30834526241182414,0.2105992514848624,0.6626687062480048,-0.0034771862652272388,1.9881141281425563,3.1438453208678125,-0.0034771862652272388,1.9881141281425563,3.1438453208678125,0.19790125329806135,0.17336895824578932,0.14457015757692396,0.4547700406744981,150,0.18456578859932168,0.429446170060916
CONTROL14_DCHA_aug0_002,0.31469143721649595,0.21388646895426833,0.7632609186310977,0.0006327320988243168,1.9805321530788538,2.924568983226646,-0.002525265623151808,1.9756393443760505,2.924568983226646,0.2024437575383594,0.18202690831898266,0.14861024286048563,0.4543549149582566,150,0.1512754608207956,0.31926276158910233
CONTROL14_IZDA,0.37437733557934644,0.20379462522606107,0.6957239809455844,-0.0047485099281560595,2.072546538077264,3.215120110432567,-0.0047485099281560595,2.072546538077264,3.215120110432567,0.24198538191060823,0.18090063683664306,0.16492880562229426,0.49557439176483525,149,0.17673733239371522,0.30777913886369984
CONTROL15_DCHA,0.3246511686376507,0.12201878097907985,0.5001884680793561,0.002973776143519005,1.058016795678826,1.6611499378017118,0.002973776143519005,1.058016795678826,1.6611499378017118,0.18817759806136447,0.11975540258443505,0.12693182625641591,0.4192826565643951,150,0.18765539791763747,0.39329150058808726
CONTROL15_IZDA,0.29996963252693126,0.13749248328979052,0.4879125481229407,-0.036343925085372056,1.4043615951895076,2.162671702159003,-0.036343925085372056,1.4043615951895076,2.162671702159003,0.17724372859593476,0.12196046498944497,0.16799965890623456,0.5075660060255964,150,0.09479784724477376,0.1687523814799186
CONTROL15_IZDA_aug0_026,0.3010889568223366,0.14383651775984843,0.5485317341946334,-0.028778568597592903,1.4096406017148502,2.067001228652757,-0.03408751405029685,1.394770365002814,2.067001228652757,0.1812556007691976,0.13411017846210901,0.16433239282091586,0.5062462392696803,150,0.12053815288587912,0.24139512202667174
CONTROL16_DCHA,0.41568272402576995,0.2825784239895225,0.836215647885223,-0.0009777054927557968,1.9967894915810733,3.406976674456994,-0.0009777054927557968,1.9967894915810733,3.406976674456994,0.2733528818754851,0.22055231725539165,0.07381462396728503,0.2775817836001864,150,0.026651590992986383,0.058823529411764816
CONTROL16_IZDA,0.4421643984490379,0.30374552819711836,0.986482366430811,-0.04148833529275827,2.10332286806294,3.783398056500428,-0.04148833529275827,2.10332286806294,3.783398056500428,0.2778128928794267,0.2260356002523013,0.1369861368661756,0.477718930572767,150,0.03263463988350897,0.07099970268936774
CONTROL17_DCHA,0.4036346375026158,0.2151401788790404,0.6702889835933932,-0.009560148840892166,2.0328122168881144,2.916434736800391,-0.009560148840892166,2.0328122168881144,2.916434736800391,0.2543732938527233,0.1856636805714127,0.14711632183778278,0.4683397633877267,150,0.09978125600597677,0.18304700470659235
CONTROL17_IZDA,0.3467191875466056,0.16435506281428552,0.6684703814134618,0.02707338808868125,1.7969259919395253,2.457535705861034,0.02707338808868125,1.7969259919395253,2.457535705861034,0.19941928579724555,0.14660961147508905,0.1684422053254793,0.5120869489430498,150,0.10858524860509974,0.2398456827985308
CONTROL18_DCHA,0.33653168253201077,0.1477691872287224,0.5544317160859716,0.03200255273877983,1.3834607352715973,2.040446670146085,0.03200255273877983,1.3834607352715973,2.040446670146085,0.20136892534730444,0.13634076613913976,0.14135085892339846,0.44397154406828626,150,0.1231682127192982,0.28244274809160297
CONTROL18_DCHA_aug0_021,0.3328752319730937,0.15816787750130723,0.6598822178313002,0.03423372037142042,1.3803616558522298,1.9621337971521584,0.03427898847276772,1.3830681165430694,1.9621337971521584,0.20409940266442025,0.14081721324449095,0.14279168835946937,0.4440752890216728,150,0.15108819247006652,0.3241944490831491
CONTROL18_IZDA,0.30878004017234284,0.15027380519341252,0.5570008654131408,0.007786101735836239,1.740629881082835,2.5669218819495203,0.007786101735836239,1.740629881082835,2.5669218819495203,0.1796173460736151,0.14625810616655796,0.23543113679707556,0.6427099028647362,150,0.08807480281456703,0.16034856430694502
CONTROL19_DCHA,0.25992570548114025,0.13619870346410745,0.4935220495094612,0.013435715992654803,1.6311894664233497,2.250791344802272,0.013435715992654803,1.6311894664233497,2.250791344802272,0.15748397954914717,0.12033035200561672,0.23820790611632597,0.6493561654076715,150,0.09624942071241846,0.16883260593022448
CONTROL20_DCHA,0.33735319046516044,0.1679714060218301,0.6699847977579102,0.023235550260739316,2.080251495793458,2.87433677189999,0.023235550260739316,2.080251495793458,2.87433677189999,0.2080622321441426,0.16748630158194794,0.30053418812533617,0.7782504959072766,149,0.12203663801029432,0.2638787600395299
CONTROL20_IZDA,0.33113184905943294,0.1452288411211135,0.6031418735614461,-0.05193096546730906,1.8629734629276546,2.6559928104563166,-0.05193096546730906,1.8629734629276546,2.6559928104563166,0.20326408987112196,0.14280683326020857,0.3219804966154283,0.816295698547839,145,0.11524118541547602,0.22155811878601983
CONTROL21_DCHA,0.3932337026433319,0.14047100996926828,0.6106514891392888,-0.0008244457012980059,1.77217406072163,2.8262203600631515,-0.0008244457012980059,1.77217406072163,2.8262203600631515,0.23246814526821027,0.15048104913224492,0.2675987505575628,0.7078355917205174,150,0.137263852533081,0.2356060357495805
CONTROL21_DCHA_aug0_016,0.3941121514834526,0.11970842915550313,0.6033859276636457,0.0029018827072146034,1.437911881110109,2.287979657082434,-0.0013950459312278847,1.436206637936279,2.287979657082434,0.23179577169110643,0.12308615885959209,0.2682649666223774,0.6845419263667325,150,0.10170682838454946,0.19500322106195034
CONTROL21_DCHA_aug0_027,0.3932337026433319,0.09778949431907345,0.56350809986887,0.0030743069476986216,1.182194210713139,2.1226954227313533,0.0030743069476986216,1.182194210713139,2.1226954227313533,0.23246814526821022,0.1004620976080299,0.26501448981132325,0.6753259836956467,150,0.12893693811621773,0.2213133340689952
CONTROL21_IZDA,0.39076474715442516,0.11471628740204323,0.563397362336092,-0.00732391431397235,1.5783464127227562,2.38349048106238,-0.00732391431397235,1.5783464127227562,2.38349048106238,0.2363330383628439,0.13869136746152375,0.35471928795500496,0.857672015714083,148,0.03345499251300222,0.07913287890646388
CONTROL21_IZDA_aug0_030,0.3912091817326006,0.09712078878276258,0.567945526094304,-0.008769629685383367,1.2233376681308126,1.8338413059897365,-0.0007497196330760961,1.2276701083802233,1.8523315038298975,0.23678118513968563,0.11064647077417639,0.34433550498214605,0.8117692480790765,148,0.07293246106261371,0.1564921592871906
CONTROL22_DCHA,0.3500182852194937,0.18354639660740601,0.63532171937712,0.02987485997148525,1.6654657144060407,2.5262066226398727,0.02987485997148525,1.6654657144060407,2.5262066226398727,0.2171517415362618,0.15671771745984595,0.12486738871912072,0.40762485103074725,150,0.08845595722001216,0.23437319780160604
CONTROL22_DCHA_aug0_010,0.3500182852194937,0.15256393114094915,0.5955955665192864,0.03184228814208105,1.3550322312353755,1.9427817198884143,0.03184228814208105,1.3550322312353755,1.9427817198884143,0.21715174153626174,0.12833946395568196,0.12486738871912072,0.3871239483996025,150,0.016601325756266175,0.04765250513535221
CONTROL22_IZDA,0.398924670111761,0.1518937776926339,0.612283102278771,0.028175012588993978,1.4921213635990827,2.3035567813060727,0.028175012588993978,1.4921213635990827,2.3035567813060727,0.2239076577319721,0.15137196113297294,0.16180381815873762,0.48847032824848347,150,0.21479489116469852,0.34478136765301404
CONTROL23_DCHA,0.4277813047394262,0.22223303155927154,0.772493621353351,0.008220243552174348,2.096471279025638,3.277839845734672,0.008220243552174348,2.096471279025638,3.277839845734672,0.28742938607674395,0.1853908540704342,0.13410660956722265,0.4399539152773384,150,0.1409141534848094,0.26937331618234633
CONTROL23_IZDA,0.3513700455030478,0.1861058969324013,0.6485810396793119,0.020000315276117935,1.747747569997545,2.8013706471041475,0.020000315276117935,1.747747569997545,2.8013706471041475,0.22318638497318014,0.1470930552815441,0.14809538056888838,0.468976008312525,150,0.1541413182532132,0.3404657912585361
CONTROL24_DCHA,0.4180580341334541,0.17237094577985526,0.6688136156666707,0.0029753780597893647,1.7062997163488434,2.421594834424225,0.0029753780597893647,1.7062997163488434,2.421594834424225,0.25490446844901815,0.17570808555966408,0.16172892807523342,0.48978915324892575,150,0.16901569829602248,0.32407545131335763
CONTROL24_IZDA,0.41589679016551134,0.2137210161748596,0.7192910128422021,-0.00968310541794778,2.1271368941534723,2.9264666853301424,-0.00968310541794778,2.1271368941534723,2.9264666853301424,0.26478089345284783,0.2004640197276354,0.15011606997612653,0.47008422081319023,150,0.19616852131925364,0.3862039012914668
CONTROL25_DCHA,0.3493146024044521,0.15584202949182333,0.524021777891804,4.4949480781431756e-05,0.9877347020916005,1.8376104863024312,4.4949480781431756e-05,0.9877347020916005,1.8376104863024312,0.2191873941375134,0.12694889786362074,0.04859742998593744,0.20723025980051196,150,0.07014564170321194,0.12576342945039343
CONTROL25_IZDA,0.3552403771051429,0.13834263988786238,0.5545211991436948,-0.007835879938868166,0.9143761306858866,2.217959616113304,-0.007835879938868166,0.9143761306858866,2.217959616113304,0.20326974907259968,0.1250353634445144,0.08027130768222514,0.3132751567657118,150,0.07546433487382173,0.15569525232344383
CONTROL995_DCHA,0.4243757505985212,0.20034010594520113,0.7138339809784396,0.010826138924440598,2.0178153935971013,2.814020304317632,0.010826138924440598,2.0178153935971013,2.814020304317632,0.27536877181226427,0.173732049497438,0.1512356809949584,0.47547163320638214,150,0.10610844486027847,0.2612684827952331
CONTROL995_DCHA_aug0_017,0.4222553378730013,0.17864981638798436,0.6994032898733749,0.012865804592413831,1.7524303527049097,2.378358194095759,0.01163758816016734,1.7517708761811888,2.378358194095759,0.272442905269859,0.15818846958754196,0.14891182711672393,0.4637733376353598,150,0.1776193341092648,0.39361335093583505
CONTROL995_IZDA,0.47527924760946566,0.2099226884515312,0.8943393854128062,0.02968262741940786,2.3443824071831156,3.683987460945573,0.02968262741940786,2.3443824071831156,3.683987460945573,0.3095739067204576,0.182635430491126,0.21365683394450982,0.6033713024153171,150,0.12161644003772766,0.19979237269600633
CONTROL995_IZDA_aug0_018,0.4725007098989911,0.2238128329972828,0.9212681453377534,0.029583185415109903,2.32152875396341,3.3720931180809743,0.030858686363181693,2.326909529381115,3.3720931180809743,0.3114935824408051,0.19139712558159117,0.21881155409317898,0.5981909709804872,150,0.1529463580136284,0.253489323441229
CONTROL996_DCHA,0.25277523568379456,0.13250304259115583,0.4135959662612046,0.03171803654073828,1.1771419495156163,1.838186203494906,0.03171803654073828,1.1771419495156163,1.838186203494906,0.12803606470988077,0.08794407217236011,0.11217186069334571,0.3853116720357878,150,0.13921777365435273,0.3192446361271219
CONTROL996_IZDA,0.31691527488340454,0.13476391779157912,0.5665679163318518,-0.013465715165644597,1.5553695410976884,2.418622625311904,-0.013465715165644597,1.5553695410976884,2.418622625311904,0.16639058001419013,0.09925345068392429,0.2226804754707534,0.6276763335487736,150,0.12455126744503628,0.2283706152923906
CONTROL997_DCHA,0.4282797215914643,0.25397041016426064,0.8033145133192486,0.051265810934702304,2.0727775186256823,3.3807673963187,0.051265810934702304,2.0727775186256823,3.3807673963187,0.27332934481655646,0.18957437458766802,0.09660814990681744,0.34543705446507833,150,0.02603312411822258,0.06827242275430637
CONTROL997_IZDA,0.48110897542314757,0.21929189859516232,0.8575174190006818,-0.0009809416339850625,2.4109992049505333,4.663671367050258,-0.0009809416339850625,2.4109992049505333,4.663671367050258,0.24021274795548933,0.14916153181385255,0.2050524029676176,0.5847255291190449,150,0.13749951987760464,0.2847699699594839
CONTROL998_DCHA,0.25604225018440396,0.1135043207767932,0.4608515282718972,0.010566223683596401,1.1767653840323484,1.7151648457948072,0.010566223683596401,1.1767653840323484,1.7151648457948072,0.146237214260795,0.11053271761060209,0.18433017549343328,0.5372982091940618,150,0.12681695976997628,0.21759351731039744
CONTROL998_DCHA_aug0_001,0.2542240500817584,0.12457141947669878,0.5320569434807099,0.01827867869780452,1.1746782741193185,1.6897929814994082,0.014655632256299648,1.1680467078083836,1.698698295878817,0.14600310169449532,0.11769947410079885,0.18152699690634444,0.5276370557053125,150,0.21902132010679953,0.4242885947730936
CONTROL998_IZDA,0.2896516102334474,0.10333144470015092,0.4672814379827221,-0.01764273974660147,1.1323562948310075,1.99717711259566,-0.01764273974660147,1.1323562948310075,1.99717711259566,0.14027976763985026,0.1029052494703247,0.20727591049134084,0.5853878000987904,150,0.03305066207188813,0.05967860100145688
CONTROL998_IZDA_aug0_013,0.29134448748307973,0.09170310839503845,0.449729850679172,-0.011828380850197115,0.9609255378164454,1.6939748006486683,-0.016925590080969756,0.9635940578928424,1.6934661067611547,0.13841757776873792,0.08975117016750817,0.20675694543147857,0.5543494869021176,150,0.17894787300835055,0.28273076205959663
CONTROL999_DCHA,0.3416860457100634,0.18119176715899427,0.5689740324414237,-0.030279442782331346,1.497907740558706,2.3641840460712795,-0.030279442782331346,1.497907740558706,2.3641840460712795,0.21737123950300805,0.14623325506169915,0.10326571894156257,0.35189269228395487,150,0.020763058262335383,0.05345224838248495
CONTROL999_DCHA_aug0_019,0.34192872495413423,0.16722879195103432,0.5880833154295831,-0.03061717476637776,1.3578838272522467,2.0124273054272743,-0.027887509782304618,1.3552530769989828,2.0124273054272743,0.2172034204476293,0.13670017943072618,0.10249199182171399,0.3399051172995763,150,0.046011210165763435,0.11930305001278389
CONTROL999_IZDA,0.45848151701440004,0.23444465581631627,0.8028303028306639,0.001004799220416633,1.9098236003296087,3.3920646598761834,0.001004799220416633,1.9098236003296087,3.3920646598761834,0.3084115154947354,0.20326277545921875,0.10559469841790012,0.3599555823068584,150,0.02130819659056454,0.056066757283712305
CONTROL999_IZDA_aug0_029,0.455313485824373,0.21866900490669586,0.8155144611869117,0.0033962328750501898,1.738173911599426,2.767718540409151,0.005153549225303072,1.7333318218983582,2.767718540409151,0.31183267870208253,0.19170648248265634,0.10534291840021527,0.34819082663458545,150,0.02829028735586979,0.07498558108224683
ID01_DCHA,0.35024819870596935,0.14879594814405953,0.5893044994214635,-0.031854516611476424,1.754318202234019,2.712820239392568,-0.031854516611476424,1.754318202234019,2.712820239392568,0.2145374651168966,0.13646675734989674,0.23779646335398405,0.6477092320248943,150,0.11072318532721395,0.1924040781293027
ID01_IZDA,0.3185988313669596,0.143917060944193,0.5877213240976765,-0.007450629835817851,1.7144024164728764,2.5701245566183224,-0.007450629835817851,1.7144024164728764,2.5701245566183224,0.19858637555459965,0.13179582233328338,0.2628438945634626,0.6937662910015653,150,0.10331969579549664,0.15743160132174225
ID01_IZDA_aug0_011,0.30899732896283566,0.15474491921717254,0.6143735969018742,-0.006186124276379773,1.7085384947080553,2.5170928594071453,-0.010980512669692955,1.7057701536665733,2.5170928594071453,0.1961769225519151,0.13733029553620196,0.2621855314515214,0.695955652837213,150,0.07652256775386482,0.15100847347136628
ID08_DCHA,0.5897247077837596,0.2779453576794778,0.9447455257566256,0.07153140941979022,2.1511901976240466,4.246259115349671,0.07153140941979022,2.1511901976240466,4.246259115349671,0.4285663038944655,0.2525245311323715,0.11232024466395894,0.40792579779040833,150,0.04996108087417805,0.11951030798891761
ID08_IZDA,0.5379936423320547,0.26567756669285,0.9058567297020904,-0.013347963214414026,2.4305692895013995,4.0594725092324975,-0.013347963214414026,2.4305692895013995,4.0594725092324975,0.37695203991032483,0.2577732428372265,0.1243662488552976,0.40814212467131356,150,0.12323199117941051,0.2950619285724974
ID08_IZDA_aug2_010,0.5379936423320548,0.22209676695303404,0.8928716430134578,-0.010297453127173735,1.8960677041134584,2.93196525323616,-0.010297453127173735,1.8960677041134584,2.93196525323616,0.37695203991032483,0.2065678016870202,0.1243662488552976,0.38352670658588195,150,0.10245272440303697,0.26242342449319006
ID08_IZDA_aug2_013,0.5379936423320548,0.22209676695303404,0.8928716430134578,-0.010297453127173735,1.8960677041134584,2.93196525323616,-0.010297453127173735,1.8960677041134584,2.93196525323616,0.37695203991032483,0.2065678016870202,0.1243662488552976,0.38352670658588195,150,0.10245272440303697,0.26242342449319006
ID08_IZDA_aug2_019,0.5376437519527335,0.24592592297013421,0.9142471455597496,-0.009516435891482542,2.1202557466435747,3.28584794778764,-0.009345100074741094,2.1185447574018204,3.28584794778764,0.37999033337359256,0.2278872616828393,0.12407644058976762,0.39462441584039437,150,0.060015795696127285,0.15676309893321688
ID08_IZDA_aug2_030,0.5343230882611275,0.2424183748103482,0.8982829240265575,-0.009122181230406904,2.121376542171049,3.2863622636489245,-0.011863280045201765,2.118074580737386,3.2863622636489245,0.3796192139882489,0.22780802810069145,0.11972317903007496,0.3900436287469111,150,0.08041434952624132,0.20597411248971184
ID1000_DCHA,0.27321248319976976,0.10581910174279661,0.4551817271516201,-0.0019957649019749324,0.833424585114254,1.452905807972907,-0.0019957649019749324,0.833424585114254,1.452905807972907,0.15266463467080826,0.09477498941182808,0.12849877958003408,0.4437892071123963,150,0.02404866589503627,0.06142024140315153
ID1000_IZDA,0.3310505751200082,0.0932468179005499,0.5232957648646013,0.01782289506900221,0.6922266094273305,1.3218823709643412,0.01782289506900221,0.6922266094273305,1.3218823709643412,0.15458757979919302,0.09932930475671133,0.09527645621927454,0.3426541727025775,150,0.0970002460265136,0.22587290363307685
ID1000_IZDA_aug3_003,0.3307491696073831,0.10521414797249982,0.6127407629485888,0.019511021819538,0.6868785430163419,1.2605893957573957,0.024560419296919586,0.6811358346289026,1.2605893957573957,0.14743402329578956,0.11314534055008481,0.09519699769886975,0.3223443991548745,150,0.0843057441430874,0.2004084644199155
ID1000_IZDA_aug3_006,0.3310505751200082,0.08288439452926237,0.5039395247589591,0.02046089701962143,0.5776466950524242,1.1361436282002602,0.02046089701962143,0.5776466950524242,1.1361436282002602,0.154587579799193,0.08608859763883996,0.09025649278439725,0.3001998449580325,150,0.09875528046712718,0.22819072267986645
ID1000_IZDA_aug3_026,0.33030259539736595,0.08890467752949612,0.4975002762339264,0.02178158512920955,0.6275081975381199,1.2241344132988063,0.016683751544583448,0.6252987732064529,1.2241344132988063,0.15643641930524732,0.09271974764143658,0.09059465065410456,0.3119083629450719,150,0.052767084283782885,0.13411996749355923
ID1000_IZDA_aug3_041,0.3299500334533778,0.10437286784976828,0.5559043906090669,0.025446041560619297,0.6855703656880191,1.2828182574268123,0.03187052596073071,0.693977157159549,1.2828182574268123,0.14984329739341737,0.10994120974030097,0.08720596633629199,0.3259356445391849,150,0.10362889784376901,0.24130825451586643
ID1001_IZDA,0.3210787512959412,0.1137081969244419,0.5020672602522267,0.014966576498423152,0.7369304752382139,1.4064440543731986,0.014966576498423152,0.7369304752382139,1.4064440543731986,0.15771548747343633,0.09159305008461288,0.10061426989138665,0.388381645162386,150,0.026163528075032718,0.051613633663251675
ID1002_DCHA,0.34888320202438244,0.11796378120889431,0.5179317251407666,0.0032667577642273068,0.9944549428963935,1.787265711905639,0.0032667577642273068,0.9944549428963935,1.787265711905639,0.19152237412720707,0.12131565123451163,0.10714651002349251,0.36677172437771866,150,0.11383775684764552,0.2764940540729879
ID1002_IZDA,0.358987329199294,0.1309879324947497,0.5459173162731923,0.03473936062163118,1.3893605876326431,2.1908460857269425,0.03473936062163118,1.3893605876326431,2.1908460857269425,0.17945723342457148,0.11661457360271718,0.18322409677549864,0.5341777676596018,150,0.07431982085288517,0.13429000826685536
ID1003_DCHA,0.16368488401646591,0.0525492312962346,0.282867141465514,0.008459132852800543,0.8446038919101877,1.2756247907584692,0.008459132852800543,0.8446038919101877,1.2756247907584692,0.05139617164869067,0.04305996801144509,0.46267606703232966,1.0524210524952549,150,0.09288297822477765,0.22904491422720605
ID1003_IZDA,0.24211116697214513,0.0891208511115973,0.4322478024055387,0.0012535289568964866,1.4153265030379918,1.942178755179132,0.0012535289568964866,1.4153265030379918,1.942178755179132,0.12370965541626393,0.08859997205208693,0.46131533318146256,1.0410186692091354,150,0.0534616830325111,0.1405938706880162
ID1004_DCHA,0.3131751635681907,0.13631535509137574,0.4975131456880312,-0.012591931645621052,1.1529562416086274,2.054829935133663,-0.012591931645621052,1.1529562416086274,2.054829935133663,0.13518656534248216,0.07032480301453851,0.0965487539632599,0.35586977893989435,150,0.12919225093990622,0.281681438654403
ID1004_IZDA,0.34174885094297963,0.162287049683912,0.5874158024183861,0.020079633211605042,1.3660167852293328,2.4186849812733886,0.020079633211605042,1.3660167852293328,2.4186849812733886,0.21774638638534133,0.1303570558917626,0.09403452379811468,0.3398208790552628,150,0.10293861057644017,0.23423673990515606
ID101_IZDA,0.2963724740518813,0.11869754012712795,0.4442939088542753,0.004414911939771612,0.9020376726308117,1.7439215494922886,0.004414911939771612,0.9020376726308117,1.7439215494922886,0.14869569466505123,0.09433305762069133,0.08142078932576763,0.30214907502412314,146,0.02996073891625617,0.0708661417322835
ID102_DCHA,0.22813899053139916,0.08708345119008623,0.3964066400105434,0.020837172300963398,0.633969869048853,1.0577948076205723,0.020837172300963398,0.633969869048853,1.0577948076205723,0.11904587068994796,0.07669303192397542,0.07925035201438459,0.2983591795275009,150,0.02996044262295071,0.07086614173228321
ID102_IZDA,0.23123220829217392,0.1064757532131666,0.4040488538647082,0.029213224768508433,0.9023696530175489,1.4772956277264508,0.029213224768508433,0.9023696530175489,1.4772956277264508,0.12693574209072056,0.09006687403116385,0.11138487591692597,0.3817077961801028,150,0.16752257289183384,0.3838867468909968
ID102_IZDA_aug1_004,0.2303893088365768,0.10249317026863616,0.405648074891073,0.03233861827848447,0.8133664982317286,1.303176518555947,0.028703860835645585,0.8104871989523154,1.303176518555947,0.13175903305675501,0.08126113351407122,0.10458239326683072,0.34520234088391427,150,0.17966801945223454,0.41171867359272635
ID103_DCHA,0.3599096200725147,0.144861311900993,0.5596865880779623,-0.01909360213037189,1.1167260156510272,1.788522126452207,-0.01909360213037189,1.1167260156510272,1.788522126452207,0.21449847875931483,0.13116309363179507,0.08628616866475002,0.30842797967315644,150,0.027736490098932115,0.06500107368731689
ID103_IZDA,0.31517300935484865,0.08578138018723776,0.4482954335953313,-0.02229714376025007,0.7462129937980126,1.204334021329708,-0.02229714376025007,0.7462129937980126,1.204334021329708,0.1480092161524406,0.08154089341360023,0.09418054981584652,0.33640408388774945,150,0.020525323055238673,0.052576201419575724
ID104_DCHA,0.333191468845924,0.13503667945583828,0.6085639876469171,0.0295470201029802,2.1042186262718885,3.288159909640536,0.0295470201029802,2.1042186262718885,3.288159909640536,0.2059892251572655,0.16329545562485515,0.4547721405413142,1.0290319698470698,150,0.08743298446051684,0.20347914338615017
ID104_IZDA,0.2658997546649665,0.08823608856281458,0.4660159036438016,-0.005644844431429836,1.5311411004466706,2.518557579860738,-0.005644844431429836,1.5311411004466706,2.518557579860738,0.1562892259330577,0.12975215863017098,0.342591848062322,0.8890832298179606,150,0.09473508718315013,0.18832718345390712
ID105_DCHA,0.2104870939798643,0.12529396555117917,0.439562257806551,0.01284126970767082,0.9922978003041858,1.7893023810516708,0.01284126970767082,0.9922978003041858,1.7893023810516708,0.10495421407064338,0.09437992729749414,0.1597309060812286,0.5361608543420866,150,0.020074066412069144,0.050251890762960376
ID105_IZDA,0.2124201237865161,0.1081543651708457,0.3955329524648583,-0.00929092532853179,0.8879039172738703,1.4872457110269208,-0.00929092532853179,0.8879039172738703,1.4872457110269208,0.10432920273530641,0.08978451951875427,0.1535582572889482,0.5154698695770904,149,0.03711758662084566,0.09356005706475254
ID106_DCHA,0.20694894869544675,0.09660104561235201,0.3756387286362754,-0.01838396139918536,1.1031919547286986,1.6074804242117957,-0.01838396139918536,1.1031919547286986,1.6074804242117957,0.1010805436866673,0.07837521520137548,0.2303456753991208,0.6286099536623648,150,0.15049266287038043,0.2546921312679596
ID106_IZDA,0.2083763854466602,0.06491287866069705,0.3289330215094486,0.02028998979641411,0.8450381179422419,1.2646726144419491,0.02028998979641411,0.8450381179422419,1.2646726144419491,0.07961982515716422,0.06472010983346609,0.29598809835207956,0.7597847652174862,150,0.08806783295015189,0.17493201843191628
ID107_IZDA,0.2655635099996957,0.08947633061045797,0.4361631718707892,-0.013441560781356705,0.7331368258326949,1.6372856429104463,-0.013441560781356705,0.7331368258326949,1.6372856429104463,0.10674145880652733,0.07390393770154655,0.11979405487430834,0.391287724589,150,0.027585788127547913,0.0758473916497816
ID108_DCHA,0.25324126962281146,0.11131245318170672,0.4615995023267147,-0.011643041113664526,1.187137647481384,1.7976332357734504,-0.011643041113664526,1.187137647481384,1.7976332357734504,0.12239523577184702,0.09133809725584206,0.1893656181024867,0.5600849749761374,144,0.12677040811446438,0.2277420956320379
ID108_IZDA,0.23108124194353374,0.1166812972367391,0.4148694806973311,-0.002148713691851536,1.2406445930273111,1.7221689313048485,-0.002148713691851536,1.2406445930273111,1.7221689313048485,0.11793292776367248,0.08437170416055689,0.18612622161481326,0.5434025222004786,150,0.11968732306223195,0.17531592400689275
ID109_DCHA,0.18428560101771302,0.08546691513117853,0.3599969599236059,0.000490821429011746,0.5795488239661746,1.0864430121583164,0.000490821429011746,0.5795488239661746,1.0864430121583164,0.05539537366287553,0.05996870967055334,0.18695562337084368,0.5844440802976957,150,0.03508956988838681,0.07186994682200841
ID109_IZDA,0.19786858369553353,0.037302567927567636,0.280308402969351,0.0004332821388499111,0.31203054494947496,0.6526787632758397,0.0004332821388499111,0.31203054494947496,0.6526787632758397,0.031716761024416375,0.03333625002902384,0.24587793428999105,0.6767040246287399,150,0.10190911276513848,0.1812924185262285
ID109_IZDA_aug3_002,0.19696344852445918,0.06555181674905303,0.3698426240736067,0.003150278243046777,0.3024650633843404,0.6571597032094475,0.0021812602729516044,0.3086696875400579,0.6560066302656664,0.03486324443634648,0.06272513328005008,0.2319231176693534,0.6419085648030592,150,0.06743977750167321,0.13397696439918075
ID109_IZDA_aug3_032,0.20360669285182126,0.06354464339628421,0.4133896559100112,0.007500039438776324,0.3101350923112855,0.6550048748674674,0.0023811534225417854,0.3044737818771055,0.7780657083797398,0.02832800568813361,0.06229990943979895,0.23563684921915032,0.6412802420964928,150,0.06586619078159983,0.16592741982803771
ID109_IZDA_aug3_051,0.1978685836955335,0.032523242344722994,0.2645706739796692,0.0018775914819103864,0.2264737682301921,0.4663012027230174,0.0018775914819103864,0.2264737682301921,0.4663012027230174,0.03171676102441633,0.025826312441517715,0.2397258690158452,0.631170108610206,150,0.11102848395317065,0.19751543149590198
ID110_DCHA,0.17157602354266605,0.06693913395102784,0.2944252021699396,0.011215920618605756,0.4500825645965549,0.803827762486567,0.011215920618605756,0.4500825645965549,0.803827762486567,0.08588861396017974,0.04620213926543755,0.11342128504966309,0.4257376605606318,150,0.0909094376293296,0.188239228468361
ID110_DCHA_aug3_039,0.1731827797466705,0.06339581398426378,0.2850661326382327,0.012630608273291655,0.4128807216126558,0.7274068735516417,0.011816453996703547,0.41156119930333585,0.7227850518821817,0.08783806190599937,0.04912270026904199,0.09591195067493594,0.30674996334687504,150,0.0770962386177613,0.15902798974045546
ID110_DCHA_aug3_040,0.17021656152904524,0.06594372011791295,0.2856299575267933,0.012555922101260199,0.41012418037730125,0.6915278562553387,0.01595574489812004,0.4124350040124069,0.7304220933742316,0.08537836410425513,0.04999778930066728,0.09060012183304514,0.3076149174141172,150,0.0944406264491836,0.19690898442719204
ID110_DCHA_aug3_073,0.16258724703795346,0.08630368846856593,0.3639272038265351,0.016879102504952278,0.4421848637099047,0.8316494217659549,0.011035588287724583,0.44486953436584226,0.8192968054633225,0.08561498865057633,0.06781843141927577,0.07561277159774386,0.29288336160145734,150,0.09658925864606331,0.19727891156462593
ID110_IZDA,0.1426996683653664,0.06272087874411533,0.2820990839433674,-0.012717923218042783,0.5066464977581226,1.148699868643377,-0.012717923218042783,0.5066464977581226,1.148699868643377,0.04400592241742922,0.02305724428796588,0.15253472324497525,0.4989401656329148,150,0.07140225789481419,0.1696377859359941
ID110_IZDA_aug3_018,0.14269966836536638,0.054568952280700814,0.2611371822139785,-0.010612295807595568,0.4099757189653651,0.8852861204935798,-0.010612295807595568,0.4099757189653651,0.8852861204935798,0.04400592241742917,0.018507083901975863,0.12484474488773628,0.37608852357354716,150,0.06858831962086687,0.16342270065058742
ID110_IZDA_aug3_058,0.141001286201159,0.06259927827890342,0.2806306835767531,-0.011102446965180939,0.44585489307509885,0.9621512263845202,-0.011712288350438395,0.4494646583831883,0.9805514493714748,0.04170999257290377,0.026131650941316777,0.12658367950166757,0.3780541449763131,150,0.0790800138798247,0.18262328471609232
ID110_IZDA_aug3_069,0.14269966836536638,0.054568952280700814,0.2611371822139785,-0.010612295807595568,0.4099757189653651,0.8852861204935798,-0.010612295807595568,0.4099757189653651,0.8852861204935798,0.04400592241742917,0.018507083901975863,0.12484474488773628,0.37608852357354716,150,0.06858831962086687,0.16342270065058742
ID111_DCHA,0.24814111607103959,0.14436141140219083,0.5207452260763279,0.007253449936471693,1.2063250522160243,1.9535031960172968,0.007253449936471693,1.2063250522160243,1.9535031960172968,0.13512215247760548,0.1240699399336842,0.10862843779918073,0.3700089406923954,150,0.01641183243788662,0.04448180288044813
ID111_IZDA,0.23640467190659148,0.08820627438512427,0.3881417663446529,-0.009722171747689108,0.5467065822678359,1.2023951890303963,-0.009722171747689108,0.5467065822678359,1.2023951890303963,0.12874815635486367,0.06666860760725205,0.09421183841608427,0.39473312370786473,150,0.2000731654188168,0.3187224843630701
ID111_IZDA_aug3_023,0.23640467190659148,0.08132851796756094,0.3868807942257015,-0.007616572449828623,0.46647332549485715,0.9854736351524672,-0.007616572449828623,0.46647332549485715,0.9854736351524672,0.12874815635486364,0.06059981200891923,0.07183165074863047,0.2528738836406935,150,0.1289275944649948,0.17604469755488264
ID111_IZDA_aug3_027,0.2353666510889716,0.08430059153318951,0.3717155162812824,-0.008147123238225239,0.5022509399146574,1.0964143306436005,-0.0070757570738421965,0.5012831599526727,1.080010719835475,0.1271520276012457,0.06560910955017821,0.07122248112645374,0.26265635156852657,150,0.11824510971730472,0.24036642651347018
ID111_IZDA_aug3_052,0.23640467190659148,0.08132851796756094,0.3868807942257015,-0.007616572449828623,0.46647332549485715,0.9854736351524672,-0.007616572449828623,0.46647332549485715,0.9854736351524672,0.12874815635486364,0.06059981200891923,0.07183165074863047,0.2528738836406935,150,0.1289275944649948,0.17604469755488264
ID111_IZDA_aug3_064,0.2389513494028603,0.08332142708763729,0.4052784922701886,-0.006787159434387364,0.49585877273651596,1.0772130172303016,-0.0058605322759328875,0.5003451501633195,1.076220010939373,0.12957172133076061,0.06526041839569767,0.07278414836173992,0.257768526994986,150,0.158723693076671,0.25948613772463475
ID111_IZDA_aug3_065,0.23132107904211205,0.10381884988464272,0.4257780592132923,-0.014297931933769107,0.5419228385849848,1.1634383400713726,-0.004164706628899049,0.5466363229402988,1.1634383400713726,0.12995330426417595,0.08674100105496814,0.0705619529964604,0.2643129800561875,150,0.08863869791350303,0.18884435398148006
ID112_DCHA,0.22692976496522563,0.08073101369405766,0.3892294243100938,0.0028151430612541697,0.9365935860814794,1.5041855069808288,0.0028151430612541697,0.9365935860814794,1.5041855069808288,0.10898623089023583,0.07862419829601454,0.2511257360581919,0.6642664459311566,150,0.10090268808037202,0.18652854850741746
ID112_IZDA,0.2689508411166329,0.09788311296018935,0.5017379580281527,-0.011760340422248024,1.3040573805099775,2.212518869589892,-0.011760340422248024,1.3040573805099775,2.212518869589892,0.14612653937922493,0.1135168071406871,0.38836963722191176,0.9253269667013184,150,0.09645332793535764,0.20372507516258279
ID114_DCHA,0.22069404959235045,0.0978925521506917,0.4295661749846366,0.004612245887967809,0.9682075587376284,1.8082308627211467,0.004612245887967809,0.9682075587376284,1.8082308627211467,0.11949524936145371,0.08610429109918318,0.14908595371037778,0.46691083367829844,150,0.10353696664217914,0.1770043988380264
ID114_IZDA,0.1879249224101628,0.06402759555131886,0.3058600939125677,-0.014899737872419005,0.6568763853075755,1.237196802827362,-0.014899737872419005,0.6568763853075755,1.237196802827362,0.07768448194581949,0.058098447763920764,0.184970509965923,0.5363383068485733,149,0.11321145612027446,0.1802329886874291
ID114_IZDA_aug2_036,0.1879249224101628,0.05067848034257367,0.2718039566034597,-0.013196397647647864,0.49515635248533973,0.8647688908984559,-0.013196397647647864,0.49515635248533973,0.8647688908984559,0.07768448194581945,0.043907041245293446,0.1834841346186489,0.5097428334839617,149,0.20443666851382114,0.2789689793866967
ID114_IZDA_aug2_043,0.19010057057360957,0.06178570779823998,0.3020503143047154,-0.00885162436614714,0.565392404712199,0.996438100363236,-0.010015326293172377,0.5677138624622609,1.0279553864091149,0.07950943695217194,0.05129922987606634,0.18175200506202083,0.5144284916465831,149,0.21397977983663416,0.3406564720593504
ID115_DCHA,0.3322812330940054,0.15841694606070658,0.5227555365160317,-0.035837751665444055,0.8474865701143525,1.6890345128412765,-0.035837751665444055,0.8474865701143525,1.6890345128412765,0.19466639842075592,0.1401022244068873,0.08516369232060463,0.3384431202715802,150,0.13926443778215986,0.2535333413739622
ID115_DCHA_aug2_035,0.32937920628363626,0.17240258505917208,0.6801488420822578,-0.03341396640753064,0.8396332251029441,1.6402031289774448,-0.032843613741383164,0.8427715808836095,1.6402031289774448,0.1952343916803721,0.15400264915984413,0.08000132605302644,0.32294761153365314,150,0.12258887249277942,0.2668398933264052
ID115_DCHA_aug2_062,0.3322812330940054,0.14919286601203974,0.5187946446390932,-0.0333635615151753,0.738729435130192,1.3403394485673483,-0.0333635615151753,0.738729435130192,1.3403394485673483,0.19466639842075587,0.12958588123890857,0.08328799297636894,0.2965094433428402,150,0.043587585160893595,0.06891091270610293
ID115_IZDA,0.38917490691862555,0.14619548649471117,0.5461656669226475,0.018966205405729335,0.9641428894527441,1.940848987990072,0.018966205405729335,0.9641428894527441,1.940848987990072,0.2347186472546934,0.11837039521563125,0.11243271852431697,0.4712792365894185,150,0.06858461827668241,0.11675232363939231
ID115_IZDA_aug2_003,0.39105396613680415,0.14117799759111477,0.6009577027787538,0.019600509590851422,0.8757920921233667,1.5984865762269602,0.02460452671315547,0.8762477999995545,1.5984865762269602,0.23444105944923266,0.11585126243539542,0.09962318805238263,0.35161466388258256,150,0.05994145119627748,0.10817665090179077
ID115_IZDA_aug2_017,0.38917490691862555,0.13341239994624074,0.5447921664335548,0.020835830549165383,0.8138899508100861,1.4907434938522877,0.020835830549165383,0.8138899508100861,1.4907434938522877,0.2347186472546934,0.10645230164920164,0.10016579616279286,0.3439422205499403,150,0.04982073141648123,0.08481035988015158
ID116_DCHA,0.28877023973835575,0.07385479364724004,0.4943351708370094,0.004463489589094754,1.208068444304453,2.300862999335868,0.004463489589094754,1.208068444304453,2.300862999335868,0.14385680180173258,0.11968390479704032,0.38685765723521687,0.9547913433625934,148,0.10558644281550188,0.23482766643181266
ID116_IZDA,0.3093092768272881,0.07545836892394871,0.4725810529434078,0.00018929863801711856,1.3541316603737463,2.541205295325592,0.00018929863801711856,1.3541316603737463,2.541205295325592,0.1482721172049767,0.10528401033521566,0.3415772953999743,0.87806766953363,149,0.13859330700310665,0.27755546659548436
ID117_DCHA,0.2093494930081397,0.0923836021042095,0.380760963862973,0.016143524993947878,1.1057482100742433,1.635651059401225,0.016143524993947878,1.1057482100742433,1.635651059401225,0.1006177954108883,0.0848959059680035,0.2562914506329842,0.678011885000695,150,0.1380098727640873,0.23356512608136626
ID117_IZDA,0.2620892073861,0.0904878328934245,0.4462979385445273,0.009519604639107719,1.2588555372002173,2.2479135196335736,0.009519604639107719,1.2588555372002173,2.2479135196335736,0.11241573580870363,0.09038066577054629,0.38261809564562904,0.9115256420758648,150,0.0564593563290808,0.13230324897998316
ID117_IZDA_aug2_001,0.26532739175321507,0.0775088339368587,0.4571327391599263,0.015958758408301955,0.9613936551167762,1.8846289145959347,0.00942868343364359,0.9565143995980735,1.827193376017037,0.11327470380206854,0.07032554767790795,0.37681052924258757,0.8746683336677725,150,0.06967616443933089,0.16444092047459063
ID117_IZDA_aug2_053,0.2620892073861,0.05889899751614056,0.4068920720636422,0.011946479402911568,0.7445067854341794,1.5113327639137997,0.011946479402911568,0.7445067854341794,1.5113327639137997,0.1124157358087036,0.056042636329909086,0.3773543907523231,0.8691104833076031,150,0.07487244435148042,0.17545130321777305
ID118_DCHA,0.3550859741704657,0.2479009416174676,0.7877081842660485,-0.003847492827456339,1.5041222801957652,3.222646514489308,-0.003847492827456339,1.5041222801957652,3.222646514489308,0.17922038851237723,0.14694021155086773,0.10971308603240705,0.4253554088080235,150,0.0724552985253558,0.1328770624849556
ID118_IZDA,0.3734009681309009,0.22461876887631996,0.6571264465301928,0.03655717541898097,1.1708466100179837,2.671379840604538,0.03655717541898097,1.1708466100179837,2.671379840604538,0.20917532364502447,0.15016906609704747,0.06294028575059109,0.3046625276552488,150,0.07360951245938518,0.10874179640509503
ID119_DCHA,0.3283767834118054,0.16324998962323317,0.5585258708318036,-0.011506892050306996,0.4632657261672895,0.9012839029915106,-0.011506892050306996,0.4632657261672895,0.9012839029915106,0.17825657592673955,0.12068146844819931,0.022573616214800685,0.12806540908393685,150,0.29930291928880726,0.35955528086790783
ID119_DCHA_aug3_046,0.33076006030830074,0.16124950281077646,0.5643267586743015,-0.012600957333540492,0.4359574853885115,0.7519168790233228,-0.007373980302149974,0.4408500352566062,0.7519168790233228,0.1790138143662457,0.11589811329940033,0.02330313277011194,0.1149670309808715,150,0.20426205213330556,0.3111726167186071
ID119_DCHA_aug3_062,0.32656443189157874,0.1725442836309303,0.6830393910615213,-0.0050040434889992895,0.4523842363692118,0.8912030513552691,-0.0033369768695660847,0.4576005101152507,0.8912030513552691,0.18139774153037608,0.12483422118369222,0.015684337904304128,0.14063174742065745,150,0.11318807850594645,0.2216965005909906
ID119_IZDA,0.34477275157550286,0.06723101537195027,0.4601778786872985,0.011211345869842447,0.24108330320443322,0.7251135806333953,0.011211345869842447,0.24108330320443322,0.7251135806333953,0.1174385129871533,0.07077008153563563,0.1422849102119441,0.5423663329795994,150,0.1191761407360573,0.20540924731379778
ID119_IZDA_aug3_010,0.34477275157550286,0.06559249608292093,0.4548097481437727,0.011784060837656422,0.20191226608063417,0.5872853357553051,0.011784060837656422,0.20191226608063417,0.5872853357553051,0.11743851298715326,0.06844521248275429,0.12429538642536193,0.399877752552065,150,0.06588185846535785,0.11308897225750388
ID119_IZDA_aug3_019,0.34706415299797877,0.08490951934164773,0.5452220821342131,0.0119202704131883,0.23023674097161279,0.7618636547878794,0.011910334801783233,0.2391295940602797,0.7841395903653465,0.11785149838406861,0.08267083679854949,0.08237386015924299,0.27856953573433524,150,0.07451203055853715,0.16337977580729496
ID119_IZDA_aug3_033,0.34477275157550286,0.06559249608292093,0.4548097481437727,0.011784060837656422,0.20191226608063417,0.5872853357553051,0.011784060837656422,0.20191226608063417,0.5872853357553051,0.11743851298715326,0.06844521248275429,0.12429538642536193,0.399877752552065,150,0.06588185846535785,0.11308897225750388
ID119_IZDA_aug3_037,0.34477275157550286,0.06559249608292093,0.4548097481437727,0.011784060837656422,0.20191226608063417,0.5872853357553051,0.011784060837656422,0.20191226608063417,0.5872853357553051,0.11743851298715326,0.06844521248275429,0.12429538642536193,0.399877752552065,150,0.06588185846535785,0.11308897225750388
ID119_IZDA_aug3_074,0.34545324861810667,0.06883996910310045,0.5137481517548321,0.01426499633801441,0.21875854710608342,0.662067561212262,0.01003610028363415,0.2130049879579496,0.6235589876915331,0.11487517309575893,0.07205604699749517,0.1191304809468843,0.38322946281884485,150,0.08480664530431445,0.1944693008069768
ID11_DCHA,0.5120767024739739,0.3162885246661469,1.01917449087718,0.04739437331189669,2.395949348158103,4.152064890524548,0.04739437331189669,2.395949348158103,4.152064890524548,0.360400248763649,0.2998280433152695,0.12960587928188547,0.4817263341625182,150,0.05042658345147378,0.11730810814280292
ID11_IZDA,0.6463270429875454,0.3872659420993472,1.2323349546286388,-0.017896496363159816,3.0657297003558197,5.173119941218366,-0.017896496363159816,3.0657297003558197,5.173119941218366,0.4619932452640351,0.33788054324993044,0.0923462080167616,0.33040307453393436,150,0.031740179109136284,0.07945521577046594
ID120_DCHA,0.41006764853281247,0.15108647306331902,0.7249955382108856,-0.0008636129164527873,1.2427357095489304,3.2247818264204247,-0.0008636129164527873,1.2427357095489304,3.2247818264204247,0.1895099253669927,0.13082132910387514,0.25875404153083237,0.7341375343246427,150,0.029973534297926915,0.07443229275647857
ID120_IZDA,0.377733375128263,0.21109232357792038,0.691506016201135,-0.027776026751410925,1.732847089729507,3.090628658414088,-0.027776026751410925,1.732847089729507,3.090628658414088,0.24887575318619218,0.16989277824078933,0.1092665924822388,0.3750308763995299,150,0.11454587938109546,0.2567858288669441
ID120_IZDA_aug2_042,0.3768866254709236,0.19631240315504153,0.6748862520268533,-0.02768836084419012,1.5498280830265603,2.57562555411979,-0.02814492649155628,1.5507268121032245,2.57562555411979,0.25154499117154994,0.15424326604705485,0.1083944607686345,0.36273348603594924,150,0.11357431069282713,0.25460779267510425
ID120_IZDA_aug2_056,0.37741481933576326,0.21696461222037786,0.726880378830291,-0.022879997264700486,1.73000381828326,2.869847927218573,-0.02887403574575201,1.7332230383079332,2.869847927218573,0.2578489496883428,0.17856286749160835,0.10996691276178426,0.38117668122990034,150,0.08006817954386761,0.19744412769138742
ID120_IZDA_aug2_061,0.36954318312008105,0.2139805882064169,0.7669516243914317,-0.02582959063041235,1.7233698107524267,2.8477034552869585,-0.024785041188862655,1.7190540012648035,2.8477034552869585,0.2552532506446857,0.18348773653890327,0.11398996074056446,0.37505889470607845,150,0.06780516746516611,0.16720415300304564
ID121_DCHA,0.33975576349972464,0.17800215675827485,0.560627316041307,0.0011955120311895509,1.2912467447823552,2.3794246643594774,0.0011955120311895509,1.2912467447823552,2.3794246643594774,0.21321867800906946,0.1393694919309277,0.09048529678479181,0.3628857407142616,150,0.022801137912203926,0.05094557027247064
ID121_IZDA,0.3405805682491344,0.17067715240695674,0.562099562818028,-0.019598408491122377,1.239796651230963,2.352885172846687,-0.019598408491122377,1.239796651230963,2.352885172846687,0.20785660665975494,0.12595733164376857,0.07173296582220454,0.2697433294009829,150,0.02578943256531601,0.055328333517248945
ID122_DCHA,0.3258649321370544,0.24181578674846632,0.7030899766067473,0.017611790623843954,1.6058706575244355,3.151501052397414,0.017611790623843954,1.6058706575244355,3.151501052397414,0.09791716460040545,0.06620574834962793,0.0784496468845311,0.30560725358476365,150,0.08515235199148284,0.16927741813560832
ID122_IZDA,0.38587539001002447,0.21937448662341805,0.7013660285131315,-0.04682593444611887,1.7178510967250322,3.079372019362597,-0.04682593444611887,1.7178510967250322,3.079372019362597,0.235945364325502,0.15681561113359296,0.1134787694803998,0.41189190836207945,150,0.055637590462740576,0.13419544752445428
ID123_DCHA,0.33878837818900837,0.15819144665454066,0.5315965466361924,-0.007103409237735108,0.7769314258006994,1.88790273640226,-0.007103409237735108,0.7769314258006994,1.88790273640226,0.2001704184762268,0.11838512656644834,0.1040593771876931,0.44901717366379695,150,0.17598064403305727,0.29827809691785384
ID123_IZDA,0.37778687137110717,0.16759647521521748,0.5589507487437592,0.028066497797291645,0.8613702315809393,1.797559261141236,0.028066497797291645,0.8613702315809393,1.797559261141236,0.22783892969547134,0.12746658300212335,0.04269205567944058,0.22360938554097443,150,0.09219776265288536,0.12038585308576899
ID123_IZDA_aug2_002,0.37922138218236257,0.18255598149502694,0.6380988034881852,0.03149555659975151,0.8362005619615025,1.768299153638882,0.03679645036224191,0.8299511848540188,1.768299153638882,0.21871885363964855,0.1368059366505415,0.03842986007964056,0.20517626216880067,150,0.16450709806402317,0.2580838278476208
ID123_IZDA_aug2_039,0.3754341886487539,0.16450491575011808,0.5809922796884304,0.03720823263946118,0.7917415930076971,1.575806560051521,0.03429858929130775,0.7904220169656844,1.575806560051521,0.22833283162287307,0.1256208251930968,0.042324182350027974,0.19727892921842874,150,0.16298705028372265,0.25193884851487963
ID123_IZDA_aug2_040,0.37778687137110717,0.15845808398102512,0.5542581423716257,0.034197402767610977,0.7536214396462273,1.4447036488319682,0.034197402767610977,0.7536214396462273,1.4447036488319682,0.22783892969547134,0.11970005216285504,0.04269205567944058,0.19315562262545144,150,0.08896770810562794,0.11701620103563036
ID124_DCHA,0.20141412012618723,0.07799805952735478,0.3160882299594642,-0.015421088231307311,0.3568618722881997,0.9693968795744224,-0.015421088231307311,0.3568618722881997,0.9693968795744224,0.07681387868565767,0.04521611131177311,0.06417073602415065,0.32656841319334373,150,0.12256360780805937,0.16243177966451858
ID124_DCHA_aug3_008,0.1972600156775189,0.07463523523775546,0.3197094705511753,-0.01335429420984579,0.3313277139228892,0.8267891739829314,-0.01939142409322966,0.32786482173747894,0.8267891739829314,0.0741210828336092,0.047082276373669164,0.039030035979973746,0.17252413378107584,150,0.15790436477638417,0.2790244994266216
ID124_DCHA_aug3_028,0.2014955958058307,0.08530515089102228,0.3733502506888372,-0.01757892084799283,0.3587011187727533,0.9202485844648124,-0.008752793692786566,0.3605343240550218,0.9202485844648124,0.07929033795607349,0.06622302734217313,0.04872833216860131,0.18052937436307334,150,0.1500635726862265,0.2983156290455997
ID124_DCHA_aug3_068,0.20762365594566165,0.0956933030491073,0.4246143685416119,-0.015308323926865108,0.34948058659323006,0.8919704987893119,-0.008884391296746327,0.35353336947735087,0.8919704987893119,0.08118977534462891,0.06890042911276169,0.04380829366922452,0.18412142108189217,150,0.11140684803465066,0.23904572186687875
ID124_DCHA_aug3_077,0.2014141201261872,0.07463069161416704,0.3134987157768122,-0.014438114836859412,0.31895650579444246,0.7515640661075568,-0.014438114836859412,0.31895650579444246,0.7515640661075568,0.07681387868565763,0.04278126878874145,0.04194438184610216,0.16414490993368314,150,0.12406138568037288,0.16441676305145528
ID124_IZDA,0.2839884229583291,0.1209278032648038,0.4278263494298156,-0.02359507531347949,0.6309365169904602,1.4986247016562335,-0.02359507531347949,0.6309365169904602,1.4986247016562335,0.09917946386067128,0.05645362246610697,0.10829559574847099,0.4746580556736443,145,0.19236391754685966,0.30857073177721733
ID124_IZDA_aug2_049,0.28398842295832905,0.11442659691468446,0.4242550252118694,-0.01976851287806942,0.530517875037847,1.2420495520278845,-0.01976851287806942,0.530517875037847,1.2420495520278845,0.09917946386067124,0.05171538822731402,0.09031874975466507,0.3108475217240767,145,0.19975632474402694,0.32289372095100555
ID124_IZDA_aug2_064,0.28479783537724107,0.13548081902681816,0.5040862330924047,-0.023256253492887763,0.6188638174410425,1.4261648079278304,-0.021043282781966655,0.6189337707553192,1.4261648079278304,0.10134187677410324,0.07694438287167375,0.0716215491671708,0.2967901619557402,145,0.09398361825313914,0.21373842393433154
ID125_DCHA,0.16974472035878274,0.04052936717407906,0.2546562622833025,0.0014138374478083078,0.49805159831694606,0.8366156535114757,0.0014138374478083078,0.49805159831694606,0.8366156535114757,0.05556978590547866,0.025798554704776305,0.26041990188137304,0.6897608252705981,150,0.07050626207768493,0.13552859476877938
ID125_IZDA,0.12356768364253576,0.04102600600983953,0.2255643379165994,0.006416241113056871,0.5099699837444188,1.04660220940746,0.006416241113056871,0.5099699837444188,1.04660220940746,0.06635742189186614,0.03861317006902267,0.2629863138391058,0.698756009284939,150,0.12347238327324982,0.21329449036508785
ID126_IZDA,0.28616138696455123,0.12294852729527318,0.4363521947760613,-0.027790079820629775,0.7398100212770927,1.5693940125543009,-0.027790079820629775,0.7398100212770927,1.5693940125543009,0.14716666245479562,0.0762702105306651,0.09359157092606599,0.3865748142993912,143,0.07971629492152406,0.14403942902757894
ID126_IZDA_aug2_020,0.28834481847866744,0.11837117566217528,0.4724808269609843,-0.020763543927449994,0.6900495784889368,1.339987919157806,-0.02727692903295392,0.6880418989684863,1.339987919157806,0.14608175934196713,0.07750478751838527,0.0843149963691551,0.2931758197338402,143,0.06324410674981422,0.11967467837457198
ID126_IZDA_aug2_050,0.28616138696455123,0.11375730746395868,0.4330129641517143,-0.02695386415275233,0.6500893686269851,1.2236991601632432,-0.02695386415275233,0.6500893686269851,1.2236991601632432,0.1471666624547956,0.07017912208441987,0.08684328127811941,0.29118357176355864,143,0.07049446541392944,0.12737649884283755
ID127_DCHA,0.507178960628464,0.272934803770574,0.8176236220408276,0.030755705357687346,1.2828782464250246,3.2091891601820626,0.030755705357687346,1.2828782464250246,3.2091891601820626,0.32098963277880543,0.21329152743049123,0.10900982335948169,0.4293057124754592,150,0.15585170582573582,0.2374778204083179
ID127_IZDA,0.38222798316256024,0.23527985893344266,0.741747813252838,0.05327712697534644,1.2280144198721323,2.654962314272124,0.05327712697534644,1.2280144198721323,2.654962314272124,0.2240172543332499,0.1465394323511541,0.08425889387636543,0.3781560298316204,150,0.11637932008184713,0.1719358767492051
ID127_IZDA_aug2_052,0.38222798316256024,0.22208247190574046,0.7283792479864337,0.05379217202710339,1.083756062900834,2.04669706022272,0.05379217202710339,1.083756062900834,2.04669706022272,0.22401725433324984,0.133418758868103,0.08425889387636543,0.3332347138401619,150,0.09099669465013299,0.1355472683211298
ID22_DCHA,0.457893773677717,0.2641671376816372,0.8234946503252258,0.018041646672835608,2.097153206342132,3.4417545499536826,0.018041646672835608,2.097153206342132,3.4417545499536826,0.2881703842340695,0.21975762547370067,0.09704240061566093,0.3512318896110675,150,0.04707884835779544,0.11785113019775792
ID22_DCHA_aug2_060,0.4562636494075519,0.2697338606202969,0.8635494861475477,0.015177780315334838,2.082984701310934,3.236874771620206,0.019888291044875692,2.094314198881367,3.236874771620206,0.28391202858638437,0.23334995720303306,0.09318560556868738,0.3553931952790094,150,0.10570561637207913,0.24597534079680247
ID22_DCHA_aug2_063,0.4580026019886636,0.2674694832020965,0.87599224686546,0.020451661438889816,2.0847201396374753,3.2110118962024985,0.024830298144004614,2.0864750338801747,3.2110118962024985,0.28081370208584205,0.22317751080091147,0.08917426209591728,0.35327436851375715,150,0.06067798833688546,0.14742601217473109
ID22_IZDA,0.7329701084837252,0.37681290221576147,1.2144004408706384,-0.020023286619877904,3.513872056473826,5.247357782985636,-0.020023286619877904,3.513872056473826,5.247357782985636,0.5507785124198895,0.36573558118459343,0.1308314050552838,0.4274272952927079,150,0.13242261000750138,0.30576318329771995
ID23_DCHA,0.49101354957825577,0.21423026785198176,0.7747731926422051,0.0011674474448223004,1.2261355576688995,2.447401540775219,0.0011674474448223004,1.2261355576688995,2.447401540775219,0.2990186039132768,0.17420586047037492,0.0619445365950237,0.30613399129720076,150,0.09689493204734813,0.14675839660985715
ID23_DCHA_aug2_008,0.4908739574743533,0.20689652189245564,0.780396250161238,0.0005806898371477744,1.1067249520518334,1.8773777874137771,0.0035697231756493396,1.110150660150332,1.8773777874137771,0.3027600961228243,0.16771979043651897,0.06670165144521686,0.25541524981379266,150,0.1222412561500774,0.21134432836789038
ID23_DCHA_aug2_037,0.49075228697173673,0.21318434100090003,0.8395110242931528,0.005234639598099205,1.1946498995539516,2.1700274743125805,0.00446148132804663,1.1995418656911794,2.1700274743125805,0.29304632310209616,0.1773866637922396,0.05983553704770879,0.29710936226426077,150,0.12554115597797919,0.2407172021060589
ID23_DCHA_aug2_057,0.49014922935468347,0.2080702286115384,0.7800782597614344,0.0010298026501692362,1.1157136782558679,1.9002846422229915,0.00042973951447878856,1.1130938107449844,1.9002846422229915,0.29994908451130947,0.16992350005040727,0.0626187428222954,0.24599974571958133,150,0.1383214505657299,0.24238399287081638
ID23_IZDA,0.6194484750573136,0.2951730979188927,1.0431746372237087,-0.03831015384888662,2.723523076193591,5.195946513817902,-0.03831015384888662,2.723523076193591,5.195946513817902,0.4454596867409429,0.28036785433062117,0.13823740208771812,0.4341603859508491,150,0.1323817393896058,0.3261458713942116
ID25_DCHA,0.15464852319386,0.05060284193129125,0.3349577432816841,-0.0037757251700471115,0.650992728494788,1.6674410130174275,-0.0037757251700471115,0.650992728494788,1.6674410130174275,0.06524955184398315,0.0688293009950493,0.25772113201228886,0.7309161511658555,150,0.10295612107641328,0.21076405671581147
ID25_DCHA_aug3_070,0.14764871599526241,0.07614462624648434,0.3576219648869241,0.0077940165375206495,0.6375466194879745,1.698091929881499,0.004692828184304955,0.6432703689236228,1.7100530611784257,0.05982431151590094,0.08777634822246597,0.24982020525065385,0.6847116696720607,150,0.07993471718835801,0.17391304347826078
ID25_IZDA,0.1670180800483088,0.024165371775857106,0.2381164896403695,0.00015133810336702248,0.2919862999649957,0.7551993189431927,0.00015133810336702248,0.2919862999649957,0.7551993189431927,0.04996456326395846,0.02800126498353284,0.3378233543422285,0.865950433514319,150,0.12207069593648279,0.2735866086540798
ID25_IZDA_aug3_021,0.16701808004830876,0.018654791757229994,0.224583914909712,0.0009653963533181032,0.15896459004990285,0.4602458519459257,0.0009653963533181032,0.15896459004990285,0.4602458519459257,0.04996456326395842,0.017587463396164175,0.3323758991679964,0.8014793300721776,150,0.11649371496897523,0.2610873982766551
ID25_IZDA_aug3_054,0.16701808004830876,0.018654791757229994,0.224583914909712,0.0009653963533181032,0.15896459004990285,0.4602458519459257,0.0009653963533181032,0.15896459004990285,0.4602458519459257,0.04996456326395842,0.017587463396164175,0.3323758991679964,0.8014793300721776,150,0.11649371496897523,0.2610873982766551
ID25_IZDA_aug3_063,0.16701808004830876,0.018654791757229994,0.224583914909712,0.0009653963533181032,0.15896459004990285,0.4602458519459257,0.0009653963533181032,0.15896459004990285,0.4602458519459257,0.04996456326395842,0.017587463396164175,0.3323758991679964,0.8014793300721776,150,0.11649371496897523,0.2610873982766551
ID25_IZDA_aug3_071,0.17039550452922897,0.028816415317365215,0.2527646180702279,0.00031264570067660426,0.20757731709983535,0.5720161792176406,0.0025147879471734257,0.2083151922106582,0.5526182872094014,0.04923860852754277,0.030414274565688616,0.32891499501743765,0.802994699186474,150,0.06478162533502661,0.1517796777236363
ID25_IZDA_aug3_072,0.15859536872655086,0.05967232160503975,0.3250700917373061,0.0069039243600158,0.2844405190853806,0.7531604981782695,0.011533637691668248,0.288574243130614,0.7932381370331901,0.05309728176653464,0.053940319246270095,0.3286807153735443,0.8309242633270948,150,0.1161736766857932,0.23609501455800863
ID26_DCHA,0.26869071660714555,0.12915144453056884,0.5256324141944897,-0.03919045181049687,1.2126176785082339,1.8469742265145737,-0.03919045181049687,1.2126176785082339,1.8469742265145737,0.13533256683778863,0.11261373029363414,0.24386194035834952,0.6893428335572889,150,0.09526511429556317,0.2200298282874446
ID26_IZDA,0.4095725656752003,0.13576655313223482,0.5866804044986992,-0.002035985522876446,1.2729466766177353,2.196738530299766,-0.002035985522876446,1.2729466766177353,2.196738530299766,0.23478350291165054,0.1307112219797535,0.12584009809063515,0.41222881195940814,150,0.07484848816366059,0.19839319945929476
ID27_DCHA,0.38719960337007064,0.17806200608187947,0.6466496344837432,0.04550234226178988,1.3627298970211732,2.452153411860291,0.04550234226178988,1.3627298970211732,2.452153411860291,0.24678053326534888,0.14611689962536975,0.07845296993561873,0.29504904136502413,150,0.024923813685973267,0.05846339666834275
ID27_IZDA,0.41159396967247375,0.20846162184098257,0.7025720172413971,0.027524007279896394,1.6441903357074639,2.7473505419653272,0.027524007279896394,1.6441903357074639,2.7473505419653272,0.2644919742817356,0.16822391597169867,0.08875842209175543,0.3185673484539339,150,0.043449537558523904,0.10400507314787896
ID27_IZDA_aug1_002,0.412866318785173,0.2179583622365849,0.8476621378852787,0.019280937621173916,1.6308485074320285,2.4366042677819384,0.024801798130827533,1.6344033211010545,2.4366042677819384,0.26961573021916635,0.17872337073976793,0.08766980848560302,0.3230849118879591,150,0.05565573192284652,0.13322301674529133
ID29_DCHA,0.35553805599378646,0.25217353245839924,0.7675802515020184,-0.05237370378233161,2.4718219473287433,3.519409510062389,-0.05237370378233161,2.4718219473287433,3.519409510062389,0.20473967439135238,0.194807852391054,0.16185545387910177,0.4888729906458623,150,0.23660154719392465,0.43068698192581506
ID29_IZDA,0.5665383977548744,0.22422168721729976,0.9151345286157028,0.02469130026095027,2.192562410510692,3.734097218544757,0.02469130026095027,2.192562410510692,3.734097218544757,0.37779294587956824,0.23073091607768775,0.14817922055947377,0.4666778584185446,150,0.13730585437327447,0.26375746434935265
ID30_DCHA,0.6895125167589039,0.3210454655320157,1.1239203311842356,-0.03502800498834051,2.9258924510360815,4.557811277097098,-0.03502800498834051,2.9258924510360815,4.557811277097098,0.5297782970804057,0.3562923145046202,0.12352104025487935,0.405531981627334,150,0.14475095717217076,0.3126807742748309
ID30_DCHA_aug0_025,0.689512516758904,0.2684883762750795,1.1014665477241192,-0.037097735453390006,2.2885526941924716,3.4024114884198746,-0.037097735453390006,2.2885526941924716,3.4024114884198746,0.5297782970804057,0.2908008893241587,0.12352104025487935,0.3851996104786854,150,0.033007767910040536,0.09269135774622385
ID30_IZDA,0.5466744280908035,0.26712251553912775,0.9321366302827294,-0.01788181565849826,2.285208860148115,3.774766295493889,-0.01788181565849826,2.285208860148115,3.774766295493889,0.36083479159614595,0.2600845255111897,0.12022305944224676,0.3954791630800435,150,0.032008124789218745,0.0873426293482292
ID32_DCHA,0.4066705525775033,0.20890230534089554,0.6433245707011671,-0.047175144976508626,1.440976971499011,2.596808570293708,-0.047175144976508626,1.440976971499011,2.596808570293708,0.2654463384413273,0.16461280609570533,0.06011314759367738,0.239708745777244,150,0.04560188402854773,0.09065314710248508
ID32_IZDA,0.38943350628306345,0.1740162274519896,0.6015496888387682,0.02704742066402948,1.3189612152405308,2.3413253199003417,0.02704742066402948,1.3189612152405308,2.3413253199003417,0.24292487722675257,0.14365240720336986,0.06323246548174694,0.25194805612686627,150,0.03509324085747829,0.07354134093414831
ID36_DCHA,0.46997235456467157,0.30268489562055517,0.9288317603446348,-0.004702310961563449,2.545718200740564,4.161498616265096,-0.004702310961563449,2.545718200740564,4.161498616265096,0.3329560242151048,0.28041550840941143,0.10620128226892743,0.3616730835361251,150,0.015692669651012525,0.04159451654038512
ID36_IZDA,0.488476734665828,0.22222862688246123,0.8191392112387753,0.030021529697081134,2.0325301968382865,3.062483491746903,0.030021529697081134,2.0325301968382865,3.062483491746903,0.278630527207631,0.18539435661318232,0.12582150020739932,0.410697664797888,150,0.016644818976279695,0.047619047619047734
ID40_DCHA,0.3171977417949564,0.16448553707142866,0.5809985497992698,0.005206463842285685,1.4330327339149869,2.242240637240054,0.005206463842285685,1.4330327339149869,2.242240637240054,0.15088474181197936,0.1158202792230306,0.11060201480762229,0.3773051388512771,150,0.025273017595478123,0.06954529449728486
ID40_DCHA_aug2_005,0.32001005634372237,0.1512453054004836,0.5737320102122969,0.0029933395223455273,1.2858888785098004,1.8388414292799105,0.004417187959984369,1.2832484701814122,1.8388414292799105,0.15220532676640816,0.10507773044210945,0.11015220774142721,0.36482549299341077,150,0.10852432635720244,0.27374688667238356
ID40_DCHA_aug2_021,0.31857231301216665,0.16496998267891166,0.6270884081455842,0.010745448868214678,1.421765540335238,2.1138863514986954,0.010359957925943117,1.4279850116614443,2.1138863514986954,0.14913969150171488,0.122869490055958,0.10286658353906,0.3768668297354848,150,0.13599641745462934,0.3166929955940385
ID40_DCHA_aug2_022,0.31719774179495636,0.13901827329649857,0.5535148494964759,0.00380675002409552,1.1729698965929036,1.675797023306713,0.00380675002409552,1.1729698965929036,1.675797023306713,0.1508847418119793,0.09585356652961766,0.11060201480762229,0.35863574710187035,150,0.01840112568871261,0.051024996774698614
ID40_IZDA,0.35391777341819425,0.16638266961328455,0.6180522014175466,0.007813113936586114,1.4509830581388488,2.5281552064770296,0.007813113936586114,1.4509830581388488,2.5281552064770296,0.18974727250774537,0.12438257232951319,0.12292084152198841,0.40109785952866217,150,0.02082374105368424,0.05886984351185484
ID43_IZDA,0.5191923019401347,0.3207138689147837,1.0156231085518843,-0.0287000246692479,2.2379837700784226,3.871160747165578,-0.0287000246692479,2.2379837700784226,3.871160747165578,0.3417579835165086,0.252160966015214,0.10454638658543629,0.4180831644539788,144,0.06815721604144812,0.1436026802082887
ID43_IZDA_aug2_025,0.5191923019401347,0.2895837491688538,0.99729047108316,-0.027523260901393978,1.8656174221539468,2.940773036560681,-0.027523260901393978,1.8656174221539468,2.940773036560681,0.3417579835165086,0.2207316006295725,0.10454638658543629,0.3579608778774134,144,0.07400958810243097,0.15593323539150164
ID44_DCHA,0.38891944545075435,0.21413294633409058,0.6759116568502409,0.060354907114892005,1.613009506605644,2.9721564181262194,0.060354907114892005,1.613009506605644,2.9721564181262194,0.24523327211909043,0.175168090560142,0.08738632968671711,0.31209499995964196,150,0.021399214185550637,0.050870991452269664
ID44_IZDA,0.37998815750666803,0.11929176132066936,0.6232919627998218,0.006718820738129209,1.1166075825812014,2.1506087171316923,0.006718820738129209,1.1166075825812014,2.1506087171316923,0.22063866772141622,0.10777230611544382,0.12415964436500838,0.4088213151920067,150,0.09963844904491048,0.23686442637632119
ID50_DCHA,0.24028201321329581,0.1157120816654725,0.4818177488866642,0.009138476740952169,1.1539028571832632,1.8703586536718404,0.009138476740952169,1.1539028571832632,1.8703586536718404,0.13392769469345425,0.10742150587095944,0.16660759527617328,0.5031128657430353,150,0.2155313506410883,0.3540709123007707
ID50_DCHA_aug2_012,0.24028201321329576,0.09306738288169165,0.4270414898056758,0.01157403174874973,0.8758934783385857,1.4973343359248052,0.01157403174874973,0.8758934783385857,1.4973343359248052,0.13392769469345422,0.08228747402870536,0.16327988978351005,0.47045725753571743,150,0.2155313506410883,0.3540709123007707
ID50_DCHA_aug2_045,0.24028201321329576,0.09306738288169165,0.4270414898056758,0.01157403174874973,0.8758934783385857,1.4973343359248052,0.01157403174874973,0.8758934783385857,1.4973343359248052,0.13392769469345422,0.08228747402870536,0.16327988978351005,0.47045725753571743,150,0.2155313506410883,0.3540709123007707
ID50_DCHA_aug2_048,0.24052505049213257,0.12591677803485987,0.5381877329669564,0.013343010524385074,1.1473032111433183,1.8192240720501225,0.012338374665152377,1.1552322432682596,1.8192240720501225,0.13540676251067338,0.11722187374083702,0.16935532082940608,0.5039974605852934,150,0.09897426209847092,0.20118929564300223
ID50_DCHA_aug2_054,0.2395562320226064,0.1308561404352097,0.5342038756903722,0.008581083897959902,1.1515328841371602,1.804373721036024,0.013138758262366742,1.1362801070511483,1.804373721036024,0.1355262290793254,0.11940042425599395,0.16397935886356083,0.5023490306017773,150,0.12438012243701896,0.2631203055249212
ID50_IZDA,0.2806970227481942,0.11146743890665715,0.6163347523103523,-0.004031878245439559,1.1133086185905543,4.157246063188705,-0.004031878245439559,1.1133086185905543,4.157246063188705,0.14460010550973737,0.10255127863570031,0.1681786737016433,0.5075771951646497,148,0.17412019215925115,0.36211083987507126
ID981_DCHA,0.2831326349826271,0.09836265832027984,0.5388659095868581,0.00024032625190051782,1.5269916807522794,2.7063870963175964,0.00024032625190051782,1.5269916807522794,2.7063870963175964,0.15639623511890074,0.1336299680934922,0.5006678334179754,1.1051592580382499,150,0.08097251169775956,0.21151477564241183
ID981_IZDA,0.2628300528821696,0.0686077832856381,0.3983096112217555,-0.013502838021961594,1.10191955736171,1.632070810747036,-0.013502838021961594,1.10191955736171,1.632070810747036,0.11087663231243217,0.0832773606622444,0.4583889630618603,1.0371321053819493,150,0.07619934590463519,0.1879056464479725
ID982_DCHA,0.225420741752297,0.06744524355257228,0.3777687287171789,-0.012289288794145233,1.0857321895825573,1.9689023947926625,-0.012289288794145233,1.0857321895825573,1.9689023947926625,0.11117804264357453,0.08445417610402459,0.33685894538149597,0.8710250613450634,150,0.07577488067432296,0.17619712680558863
ID982_IZDA,0.3211050942170782,0.0842870589154856,0.6133575828288493,-0.006588672991102523,1.3116170873628838,3.560781871489999,-0.006588672991102523,1.3116170873628838,3.560781871489999,0.17674892363185152,0.12282543373051061,0.24869919491521358,0.7090015902268532,150,0.11291809645871997,0.21499066933061622
ID982_IZDA_aug0_014,0.3222641761324418,0.06838968465808043,0.526333414283356,0.00031650991111681603,0.8033552370121242,2.0753927606650104,-0.003603302919099253,0.8017060807922887,2.068204771759189,0.17690383900978343,0.07475127371810146,0.23160140929793305,0.6389035476947046,150,0.10732765433874474,0.20434673420488617
ID983_DCHA,0.21145364185600818,0.09048220229436735,0.3778296494637553,-0.006724697751372362,0.8681636741673422,1.5400009884718626,-0.006724697751372362,0.8681636741673422,1.5400009884718626,0.08291535916227556,0.05657431304100195,0.1721726688821961,0.5240202358215822,150,0.11879317756543338,0.2283856387779233
ID983_IZDA,0.22911961405934136,0.10816798509632809,0.42964098488225,0.004796917412509358,1.1146482102829454,1.8813387379568869,0.004796917412509358,1.1146482102829454,1.8813387379568869,0.10547102614868882,0.08657020616119386,0.1793286375149832,0.5611756341549544,150,0.14018791649221066,0.2739004963889923
ID984_DCHA,0.197906827522762,0.06954041577175529,0.3690768245912592,0.016136505466092632,0.5217624554592832,1.079543472830929,0.016136505466092632,0.5217624554592832,1.079543472830929,0.07088290707144111,0.0621547188001906,0.13785054913933678,0.4488829457027915,147,0.1856729068169986,0.37496321877853983
ID984_DCHA_aug3_004,0.19682649529334975,0.06747367159701775,0.3508150487170847,0.02217696389815784,0.45250069629185763,0.9148616256280876,0.017232675626901815,0.45136753504940647,0.9456837230618738,0.06981679089970987,0.06150740080001132,0.11889948946370041,0.38422544617037396,147,0.07571769331468242,0.19099230539231765
ID984_DCHA_aug3_043,0.2038977461402748,0.08994467813029833,0.4684775952184313,0.011450755643134958,0.5163342863867261,1.086144560400086,0.017410146143329686,0.5130635976317852,1.1128958518643477,0.07234120486615249,0.07992654537482158,0.12940159986022715,0.42615851972674645,147,0.13690542813098822,0.28254588585224044
ID984_DCHA_aug3_053,0.19737748233266486,0.06748446003161378,0.3744311900954761,0.016883647845121037,0.4566926021293343,0.909458243756067,0.016914776733210155,0.45620471439168353,0.9368509926293764,0.0721940677556277,0.05857035930680451,0.12037918513751981,0.391348276037091,147,0.1673884008302605,0.3535533905932738
ID984_DCHA_aug3_057,0.19790682752276198,0.06205849177710934,0.3477975008907068,0.017998442531818568,0.4072267760401597,0.842639969119315,0.017998442531818568,0.4072267760401597,0.842639969119315,0.07088290707144107,0.05193689359660171,0.12342416591078864,0.3749276997791377,147,0.1666511838353695,0.3786178260863468
ID984_IZDA,0.35799614426173193,0.09335476134379873,0.567084694302579,-0.011346952509085547,0.9655131298286714,1.770014809745486,-0.011346952509085547,0.9655131298286714,1.770014809745486,0.09306086483527172,0.044595696203480466,0.1792626805790922,0.5377800077096632,145,0.11879428070701224,0.22838563877792312
ID984_IZDA_aug2_006,0.35737901172384384,0.10959954244465962,0.5665778671054102,-0.0020742889512702675,0.9550563526649617,1.8220696801449787,-0.010412398179796997,0.9579652620811017,1.745485008642058,0.09215775625741332,0.07094623304748864,0.17265920936290224,0.5145048110004559,145,0.09673692010982828,0.20756661635907972
ID984_IZDA_aug2_027,0.35797402322997524,0.10297322590927918,0.5778102423417479,0.007373957148774687,0.9453780961560573,1.7869100698516176,-0.0014471699172556802,0.9473100954383987,1.7384244465525482,0.09236448798037482,0.06046360849035605,0.16559382940429512,0.5057692036557841,145,0.11579165019342066,0.23361904242535125
ID984_IZDA_aug2_028,0.3577371649910263,0.099329491456957,0.5753859612039729,-0.0006734982924033908,0.9503003700918686,1.7117356095985703,-0.005631143204852307,0.9486374343521081,1.7154604110976042,0.08990274463474118,0.07112073590573362,0.15644872114493022,0.49444871149068786,145,0.07267045138382963,0.1444623728263857
ID984_IZDA_aug2_059,0.35787676057132095,0.10288819426254571,0.5638109997219105,-0.007033410795978514,0.9432564241095309,1.7530964762950494,-0.0043570322458465205,0.9422438243989638,1.8036324885922583,0.09148764250810808,0.07274644037659028,0.16550903350468285,0.509722055206122,145,0.10970063214297976,0.19528039002169004
ID985_DCHA,0.40585015831556465,0.10800756676403528,0.603550261291114,-0.00972746266495638,1.0259506762126442,1.7128551499396216,-0.00972746266495638,1.0259506762126442,1.7128551499396216,0.21333719691915357,0.11756089513929097,0.12854452704882527,0.42270205413903394,150,0.12741526632244826,0.30620254734407415
ID985_IZDA,0.3579107686924407,0.12106196409401696,0.5441538525201811,0.00107636129648502,1.1849504880090254,2.0220699856392854,0.00107636129648502,1.1849504880090254,2.0220699856392854,0.17862555217391918,0.10438609320365458,0.14873333794566668,0.4672423454666246,150,0.14277457616090772,0.2902294596333651
ID986_DCHA,0.3173147765691413,0.1307474567382153,0.4967189661055893,-0.00380881687598789,0.9389111427432428,1.516257331443689,-0.00380881687598789,0.9389111427432428,1.516257331443689,0.18261870738794392,0.10699748864278802,0.06267035099102382,0.24949118316776264,150,0.031818087965472495,0.06617173282340467
ID986_IZDA,0.3055628379355751,0.12711426061351608,0.4559907271915203,0.003419795163432964,0.9612259919812228,1.8123664388424527,0.003419795163432964,0.9612259919812228,1.8123664388424527,0.17626308374011734,0.09975343382927948,0.06467868968340024,0.2579825379807602,149,0.05832204460555653,0.12303137303143444
ID986_IZDA_aug2_014,0.3055628379355751,0.1126329249783649,0.4506774991075803,0.0030594282459378798,0.7861098861229555,1.332143334242149,0.0030594282459378798,0.7861098861229555,1.332143334242149,0.17626308374011732,0.08743415063464886,0.06467868968340024,0.23902018155255747,149,0.035522278425265286,0.07378202343558027
ID986_IZDA_aug2_016,0.30434784793817127,0.1372895417667722,0.5418796302757292,-0.004258014205281644,0.9491942778763656,1.681307848554929,0.008620935148915966,0.9496290188707294,1.681307848554929,0.17631693271227566,0.11327327913938566,0.06315124239420156,0.26427266105099356,149,0.059717542311828437,0.12529002005013207
ID986_IZDA_aug2_033,0.3055628379355751,0.1126329249783649,0.4506774991075803,0.0030594282459378798,0.7861098861229555,1.332143334242149,0.0030594282459378798,0.7861098861229555,1.332143334242149,0.17626308374011732,0.08743415063464886,0.06467868968340024,0.23902018155255747,149,0.035522278425265286,0.07378202343558027
ID987_DCHA,0.32126936496071157,0.2433118513176826,0.6739451422742392,0.0007171585990136893,1.2902165203781553,2.732979100084253,0.0007171585990136893,1.2902165203781553,2.732979100084253,0.20430426450734587,0.1827282573468528,0.13355072672528157,0.4555173141421707,150,0.13248956201520062,0.29264336385488826
ID987_DCHA_aug2_032,0.32126936496071157,0.22979411244489953,0.66957080864543,0.0008303444129553597,1.0906583429230732,1.9920066661577136,0.0008303444129553597,1.0906583429230732,1.9920066661577136,0.20430426450734587,0.16874899913060273,0.13355072672528157,0.41335285795994764,150,0.10020687549859032,0.15269063409931502
ID987_DCHA_aug2_041,0.32126936496071157,0.22979411244489953,0.66957080864543,0.0008303444129553597,1.0906583429230732,1.9920066661577136,0.0008303444129553597,1.0906583429230732,1.9920066661577136,0.20430426450734587,0.16874899913060273,0.13355072672528157,0.41335285795994764,150,0.10020687549859032,0.15269063409931502
ID987_DCHA_aug2_055,0.32468259207406275,0.2551040240618571,0.7459665515607031,0.005325820287998157,1.2852014062871076,2.461324867228059,0.004190580510639613,1.284691092874259,2.461324867228059,0.21131330974996884,0.18329821446399727,0.13279291929187173,0.44768659806464584,150,0.10145992716962149,0.23947220877486006
ID987_DCHA_aug2_058,0.32473759540816916,0.23483472087840274,0.6815671974557431,0.0030959374370576765,1.1651654666336062,2.2022700219231943,-0.00329445443316367,1.1609935421008475,2.2022700219231943,0.20520625856926406,0.17774603108773887,0.13619230531906504,0.4183449844600401,150,0.15295357122558567,0.3063121944908935
ID987_IZDA,0.3422190188699317,0.2329094823513947,0.6356848108728599,-0.043612264855512194,1.1952886249209402,2.647253651637719,-0.043612264855512194,1.1952886249209402,2.647253651637719,0.21873365226588148,0.17279233535995983,0.18065144703415853,0.6321299031735859,148,0.14824087383533288,0.3102712573052636
ID987_IZDA_aug2_004,0.34264880963214417,0.2308565774926489,0.7002560168357475,-0.035800949160216235,1.175734427425016,2.526038202485948,-0.04243206979708324,1.19270598278707,2.526038202485948,0.2154335870389873,0.17496358771654563,0.15452391119423614,0.534425310389776,148,0.08017436977563877,0.2035193316203532
ID987_IZDA_aug2_007,0.3422190188699317,0.22073201040799692,0.6222335849423959,-0.04041868849709282,1.014561211883669,2.067057005327948,-0.04041868849709282,1.014561211883669,2.067057005327948,0.21873365226588148,0.15962170695982072,0.17487442412823054,0.5298793955062944,148,0.1753521215416626,0.2854566300701079
ID987_IZDA_aug2_026,0.3422190188699317,0.22073201040799692,0.6222335849423959,-0.04041868849709282,1.014561211883669,2.067057005327948,-0.04041868849709282,1.014561211883669,2.067057005327948,0.21873365226588148,0.15962170695982072,0.17487442412823054,0.5298793955062944,148,0.1753521215416626,0.2854566300701079
ID987_IZDA_aug2_065,0.34171875550697417,0.24263647774251332,0.7454311615450063,-0.04135160433862043,1.181758234560364,2.461202638267304,-0.04860720065377002,1.1810868112800288,2.461202638267304,0.22905469857345123,0.181371702854423,0.15613776555764025,0.5320457422390146,148,0.07890442906026383,0.18466973852895815
ID988_DCHA,0.45804279447332924,0.20601672338706403,0.731137717693981,0.036676256403835136,0.8637713841157224,1.9006895669543384,0.036676256403835136,0.8637713841157224,1.9006895669543384,0.24149765935051387,0.15188360995614636,0.08691224637153665,0.41041723496056703,150,0.2003028492767746,0.3290537451351983
ID988_DCHA_aug3_034,0.45804279447332924,0.19858798863735042,0.7249674581034187,0.0389157052152841,0.7667211289092564,1.5039073215449583,0.0389157052152841,0.7667211289092564,1.5039073215449583,0.24149765935051387,0.1443504050521688,0.08250519638904455,0.3030923314797965,150,0.03882199180322212,0.04520117747942095
ID988_DCHA_aug3_036,0.45804279447332924,0.19858798863735042,0.7249674581034187,0.0389157052152841,0.7667211289092564,1.5039073215449583,0.0389157052152841,0.7667211289092564,1.5039073215449583,0.24149765935051387,0.1443504050521688,0.08250519638904455,0.3030923314797965,150,0.03882199180322212,0.04520117747942095
ID989_DCHA,0.2875600843116581,0.08727761612658125,0.4194068199042842,0.008788657635541026,0.42023183270106823,1.3701673705558897,0.008788657635541026,0.42023183270106823,1.3701673705558897,0.14026972823292283,0.07354437114321291,0.12372605151816184,0.48622369164288975,150,0.18298077453724745,0.2864290276869671
ID989_DCHA_aug3_020,0.2875600843116581,0.0831100305127709,0.4175743246164857,0.00981734944514452,0.37377540219922484,1.0501073286557974,0.00981734944514452,0.37377540219922484,1.0501073286557974,0.14026972823292277,0.06878585609508857,0.11328394696404483,0.38393546206599305,150,0.10624015529503504,0.12852723750410663
ID990_DCHA,0.28816568840551826,0.13427103842777846,0.52055938051423,-0.012865496390669957,1.1983944752092217,2.0406003427097685,-0.012865496390669957,1.1983944752092217,2.0406003427097685,0.13952789646412972,0.10435810469342993,0.13903531311627848,0.4407183937209109,150,0.15489216491786323,0.320893520665706
ID990_IZDA,0.2684038450635492,0.1128700869024539,0.4503841569969437,-0.015682010996303966,1.0624137061311534,2.5819859439205786,-0.015682010996303966,1.0624137061311534,2.5819859439205786,0.11903860771428931,0.06794702770591908,0.1886423066852832,0.5895176761006928,148,0.08160929571393992,0.19931139304278467
ID990_IZDA_aug2_034,0.27150379258090335,0.10705084315637606,0.4730601115798531,-0.008608117556182421,0.8733425548224076,1.78245547203968,-0.017735698243386673,0.8713139671033435,1.7754389833830788,0.11825869209950475,0.06817536584324818,0.17534431032957679,0.5021278238525411,148,0.0721246762319814,0.17785634757929827
ID990_IZDA_aug2_066,0.2711592363098504,0.10535670860597894,0.4644422708601269,-0.01403437941631171,0.8722195912696749,1.778190927902544,-0.010231149832873042,0.8790070689496481,1.7831105974352686,0.11356583046538873,0.06482904091895257,0.17032639893862908,0.5025864764201692,148,0.06517644773546928,0.1631575017287601
ID991_DCHA,0.2433678479665979,0.1142856536962332,0.4066430710778516,0.008242891046327881,0.8329838394929863,1.4953099037217688,0.008242891046327881,0.8329838394929863,1.4953099037217688,0.12810632086959658,0.07443085769845716,0.11632069882555968,0.4331035330442548,150,0.0332890183028286,0.07142857142857138
ID991_IZDA,0.3087380497141457,0.11370418412672198,0.4688837812947355,0.0031850173480990826,0.9818638942807593,1.6045482795121524,0.0031850173480990826,0.9818638942807593,1.6045482795121524,0.164410281254811,0.07932106558948596,0.10715906882388834,0.3668147142322298,150,0.02076424650619594,0.05502437333491099
ID992_DCHA,0.3267691087167023,0.1670062396029887,0.5920287138194155,0.017861853467286675,1.7149004850174134,2.49227342124323,0.017861853467286675,1.7149004850174134,2.49227342124323,0.20819458717392939,0.1409569823625935,0.1664895569931173,0.5027564199354044,150,0.2139577615641688,0.3778009581960333
ID992_IZDA,0.42576118086925996,0.18337302079431025,0.6986127156662422,-0.022200216378086134,2.042026296379373,3.0571556264300064,-0.022200216378086134,2.042026296379373,3.0571556264300064,0.26727063946358276,0.1558459577763686,0.192661136514928,0.5578595630740716,148,0.09367476754195206,0.15388840315306435
ID993_DCHA,0.3185784003284019,0.11642265225198363,0.5340191679358465,-0.001203232596055465,1.2224624393528973,1.860880028356728,-0.001203232596055465,1.2224624393528973,1.860880028356728,0.16866656781123537,0.12880433918800993,0.187327506899724,0.5449856851819338,150,0.1267383061886752,0.3050012031500173
ID993_IZDA,0.2805869830369717,0.0842210075535577,0.421861950473806,0.010063389237398121,0.9487290869840156,1.746268175923256,0.010063389237398121,0.9487290869840156,1.746268175923256,0.13858439188625088,0.08719273863239355,0.23962826693732556,0.6584976915934844,150,0.13710874404628282,0.2680180001290859
ID994_DCHA,0.31192926364276446,0.1503813344269432,0.5468180295078501,-0.04182372956236208,1.48960381543666,2.056325647932353,-0.04182372956236208,1.48960381543666,2.056325647932353,0.19173683665815971,0.13167416292357045,0.1481669046163714,0.4643543213967538,150,0.11880064121265255,0.2146481567461684
ID994_IZDA,0.4109621557558936,0.1948945117683528,0.71506980825483,0.012888522539124501,1.9675478562807478,3.025456698481084,0.012888522539124501,1.9675478562807478,3.025456698481084,0.23300328448362004,0.1453956768905509,0.16382765870831648,0.49408724619307687,150,0.17673908171501537,0.3077791388637001
ID996_DCHA,0.27633532607941513,0.10077034146134053,0.450108655822639,0.0066669118609531675,0.884142454335801,1.5266369738245376,0.0066669118609531675,0.884142454335801,1.5266369738245376,0.12555730548768124,0.10284251104476783,0.12673637546616112,0.41361962067518504,150,0.08020754650575243,0.21577361634031292
ID996_IZDA,0.33919298061046316,0.176768117365454,0.6525452883634602,0.0068577020349137995,1.4722020670716651,2.78725751049978,0.0068577020349137995,1.4722020670716651,2.78725751049978,0.18631365333756567,0.16059245657024718,0.16173681253913597,0.5409051314610296,150,0.026608364825173064,0.07157957497481682
ID997_DCHA,0.2532476020683643,0.15665114893112816,0.5435235937255704,-0.03135142229190958,1.3541241675271452,2.1044114478057048,-0.03135142229190958,1.3541241675271452,2.1044114478057048,0.15809890134215202,0.12044286674913025,0.11016111801213135,0.37525554227674696,150,0.0164321224227708,0.045160914374806384
ID997_DCHA_aug0_008,0.2532534169421191,0.14610485469101875,0.5480882161055288,-0.031320722058818445,1.2053201264512312,1.6187044446777354,-0.02902334146047826,1.205926869989894,1.6187044446777354,0.15937141570557625,0.11393096182375662,0.11197457967079555,0.3612384978457868,150,0.0253045539251646,0.06954529449728461
ID997_IZDA,0.3054922789623545,0.15093523537875525,0.5443380044495825,-0.03688488549502734,1.4148495913401011,2.123955152286036,-0.03688488549502734,1.4148495913401011,2.123955152286036,0.18045209606817383,0.12092953208545004,0.14507605035337884,0.45089492035278245,147,0.07441491343666659,0.20875709537477574
ID998_DCHA,0.2243486217154774,0.10663286321321354,0.4024278333299544,-0.0006591165326984257,1.1092190144234917,1.7315243697463,-0.0006591165326984257,1.1092190144234917,1.7315243697463,0.11668630171374765,0.08739631414436011,0.18981545858473742,0.5533701516192068,150,0.12406109757183008,0.174692810742171
ID998_IZDA,0.2572116753642832,0.08149512912126813,0.3996813338262537,-0.0018269506931998137,0.8876780554325049,1.4973397505151065,-0.0018269506931998137,0.8876780554325049,1.4973397505151065,0.11296415817562969,0.07336718755948343,0.19118928712689795,0.5573107778241003,150,0.1283336483270927,0.2284317621497671
ID9992_DCHA,0.2292731083495845,0.1277145962431833,0.4688045399235401,-0.03779363596558635,1.0264484530026647,1.7798951981354894,-0.03779363596558635,1.0264484530026647,1.7798951981354894,0.14418335675260024,0.09722902722482149,0.11488728977089505,0.38603436907009603,145,0.12506852041063185,0.2865393034980682
ID9992_DCHA_aug3_001,0.2292731083495845,0.11090391102873103,0.4358724125782042,-0.033486791636543646,0.8427172274138803,1.341254041578353,-0.033486791636543646,0.8427172274138803,1.341254041578353,0.14418335675260022,0.08255200131179609,0.11235026297155604,0.3559042951934702,145,0.02132736861894377,0.05863470036540906
ID9992_DCHA_aug3_011,0.2292731083495845,0.11090391102873103,0.4358724125782042,-0.033486791636543646,0.8427172274138803,1.341254041578353,-0.033486791636543646,0.8427172274138803,1.341254041578353,0.14418335675260022,0.08255200131179609,0.11235026297155604,0.3559042951934702,145,0.02132736861894377,0.05863470036540906
ID9992_DCHA_aug3_016,0.2347870413218803,0.13273239945072327,0.5191428171115555,-0.03435589282537032,1.0161172662135298,1.6168803884242693,-0.03308088877591783,1.0140994258443454,1.6168803884242693,0.15182676278374405,0.10982331271921515,0.12220378486657708,0.3798064662538327,145,0.12196772260580546,0.281584695657279
ID9992_DCHA_aug3_047,0.2299366938511775,0.14165447814157278,0.5415301393727817,-0.038279675810779235,1.0222592304264444,1.5741777411163576,-0.04371061480323445,1.0189606153741664,1.5741777411163576,0.13970174528807439,0.10981363845284883,0.11151979605806188,0.38693745578315214,145,0.08502819093612705,0.21593336688643383
ID9992_DCHA_aug3_056,0.23698006417214906,0.13889223440923076,0.4695694666880853,-0.039050006697899466,1.0187312063965404,1.609909384457028,-0.03669483831899174,1.0241278777689558,1.609909384457028,0.14263249013657772,0.10758432419073195,0.11379451405531059,0.3822034015739503,145,0.11656904122219737,0.25724787771376323
ID9992_DCHA_aug3_059,0.2329044575007156,0.13776910655284497,0.5996594102502502,-0.036685305063671174,1.024064795837882,1.616387768033644,-0.03605001977574585,1.0188288541390682,1.616387768033644,0.1449667276014195,0.1094066250892682,0.10877646935908053,0.3866459630700787,145,0.09137355595130052,0.2185956975217153
ID9992_IZDA,0.1823202554833631,0.11046943393226251,0.4603700189013195,0.00935880755693677,1.1313632709726686,2.091723120327163,0.00935880755693677,1.1313632709726686,2.091723120327163,0.10977173937108023,0.095510268204335,0.21231326108534798,0.6022971465482956,150,0.1166019487239569,0.22659015464782206
ID9992_IZDA_aug3_007,0.17718359424492636,0.12534920581631054,0.5159441730063314,0.010536924764542615,1.1230616104810949,2.068283215754085,0.007739376514484983,1.1258208913504417,2.0763721774170585,0.11639282100983225,0.10405283173227112,0.20202430679945838,0.5866564876969387,150,0.13702829569801434,0.2662842521341258
ID9993_DCHA,0.32223375548050304,0.16646159377121275,0.5534785359059576,0.011097110425228535,1.1236663571132388,2.3076483984646745,0.011097110425228535,1.1236663571132388,2.3076483984646745,0.1595905629171247,0.1256149055457155,0.11896212173980772,0.441857930320549,150,0.04441231581998442,0.08636612822043235
ID9993_IZDA,0.6783978103013325,0.36904520768093063,1.215687055964071,-0.0229682873645303,2.351451366454168,5.382860411198123,-0.0229682873645303,2.351451366454168,5.382860411198123,0.43760524834063336,0.2761791393012681,0.11888907280505331,0.5094162597307565,150,0.08762997597755255,0.15438926019087465
ID9993_IZDA_aug3_048,0.6783978103013326,0.3380708186326528,1.195467262525383,-0.024033348398978523,1.9771924515516073,3.650807089053359,-0.024033348398978523,1.9771924515516073,3.650807089053359,0.43760524834063336,0.2421180661023569,0.11888907280505331,0.4309441853176561,150,0.07717912489880752,0.13597662058424315
ID9994_DCHA,0.41448719961903774,0.2265743347909217,0.7152698558507512,0.11415225027099322,2.8921217641700263,4.9251247640965365,0.11415225027099322,2.8921217641700263,4.9251247640965365,0.24678409220088188,0.16250416176802154,0.10513407281991352,0.4438523561414113,149,0.08084852739979913,0.17313142347915486
ID9994_DCHA_aug2_011,0.41448719961903774,0.20752831341025332,0.6941665944535484,0.11243587328322863,2.518287086455346,3.919124788043514,0.11243587328322863,2.518287086455346,3.919124788043514,0.24678409220088188,0.1467181051176383,0.10513407281991352,0.41055163372004744,149,0.1287061569710231,0.21240067711541682
ID9994_DCHA_aug2_018,0.41439295183748365,0.21747334093797807,0.722127896717324,0.10907676121996675,2.6746711194733184,4.2690462209191535,0.1113343217721341,2.679713097211778,4.2690462209191535,0.24535164774157114,0.1551491065474774,0.10775333717714923,0.42699355206513123,149,0.13640025232388386,0.22305171175245977
ID9994_DCHA_aug2_024,0.41448719961903774,0.20752831341025332,0.6941665944535484,0.11243587328322863,2.518287086455346,3.919124788043514,0.11243587328322863,2.518287086455346,3.919124788043514,0.24678409220088188,0.1467181051176383,0.10513407281991352,0.41055163372004744,149,0.1287061569710231,0.21240067711541682
ID9994_DCHA_aug2_029,0.41354348980697997,0.21726293979555084,0.7166553871559977,0.11108465842412313,2.676250901630098,4.267961571988477,0.1101221521250233,2.6759610711255495,4.267961571988477,0.24653148238446287,0.15431270486500387,0.10381730589619022,0.421466444842538,149,0.0660564229337501,0.14020335856420224
ID9994_IZDA,0.38599640742797553,0.2728902632568751,0.8061183778050857,-0.14687052930975558,3.7525132209943175,6.039095282299702,-0.14687052930975558,3.7525132209943175,6.039095282299702,0.25119634712083844,0.22424359374851677,0.13020623613561655,0.5186230037085612,150,0.07493409259492428,0.14377760604489137
ID9995_DCHA,0.30635350307492104,0.20788093293118096,0.7904087164859522,0.028175401522624193,2.0708676297173567,3.5611327449504664,0.028175401522624193,2.0708676297173567,3.5611327449504664,0.18499049109218804,0.170511991615268,0.17892008375245777,0.5213473623002789,150,0.11477146362788605,0.21692877659773094
ID9995_IZDA,0.2798789417622911,0.18141176878218385,0.6843504970386819,0.016417961456350477,1.9198111177163253,2.795774317684697,0.016417961456350477,1.9198111177163253,2.795774317684697,0.14574519027844565,0.13118614467454565,0.20777402690105468,0.5852513250191883,150,0.11043245610891397,0.17571838643550322
ID9995_IZDA_aug2_009,0.2832145715824659,0.188943262620519,0.7169866523184731,0.01914686171476867,1.9139376381059405,2.6043862978593726,0.013557427799581813,1.9142382554003325,2.6043862978593726,0.14370848835591893,0.1355815190152714,0.21206114092618725,0.5906986978370355,150,0.12596636974905873,0.1889822365046137
ID9995_IZDA_aug2_023,0.27931589739622154,0.1615055924651046,0.7073799429477376,0.018955833053910888,1.6126669895988395,2.243143347253404,0.01892104280452578,1.6178324935150823,2.243143347253404,0.1446170495330701,0.11615385036650763,0.20678699713964338,0.5707010004380826,150,0.1200699006634599,0.19105333655937123
ID9995_IZDA_aug2_046,0.280212658897732,0.16152218249456876,0.6706815317297337,0.018225093117792357,1.6166034392612487,2.2553244211502927,0.02144247299343541,1.6141835313523432,2.2553244211502927,0.1469110935176822,0.11343891862167968,0.2065454969490199,0.5727661914449569,150,0.1200699006634599,0.19105333655937123
ID9996_DCHA,0.1783480598185522,0.06439026730721086,0.4760008369158057,-0.027077870781222296,0.549793311082967,1.4507879369542689,-0.027077870781222296,0.549793311082967,1.4507879369542689,0.09459277111387995,0.0703402477334074,0.24891502170903218,0.6936565666657103,150,0.09872624154351241,0.23809498438394286
ID9996_DCHA_aug3_013,0.17518766081666304,0.06109325460532257,0.4728702318434056,-0.0154204799781037,0.3077250937630591,1.047556267507112,-0.01641159885880907,0.3065584114106012,1.011817485540388,0.09282858543910183,0.0547345146481702,0.23727802246862073,0.6281941897011198,150,0.08321903735439677,0.19924242151981894
ID9996_DCHA_aug3_025,0.17834805981855217,0.05867842846450489,0.4758195067096147,-0.013397980308131163,0.19951147907016842,0.7400166196727072,-0.013397980308131163,0.19951147907016842,0.7400166196727072,0.09459277111387993,0.044093555230410614,0.23884595490794386,0.6244010833399973,150,0.1480618670750919,0.31765866819348393
ID9996_IZDA,0.26176303275472157,0.0818411353960706,0.5808023348969464,-0.02287489547899111,0.7919848643862855,3.295602110835667,-0.02287489547899111,0.7919848643862855,3.295602110835667,0.10065925974043974,0.05510447272461959,0.2857489391576193,0.775880175534643,134,0.08706939832439202,0.20467134427721428
ID9996_IZDA_aug3_012,0.2617630327547215,0.07231813133670387,0.5187887983367525,-0.019017245620108595,0.38001778057326563,1.3449236779189782,-0.019017245620108595,0.38001778057326563,1.3449236779189782,0.10065925974043968,0.03643129961528787,0.27192553270473463,0.6984285142521273,134,0.08596220380163862,0.20384122874775884
ID9996_IZDA_aug3_014,0.26003384660628787,0.097258246437916,0.6097763594579623,-0.007814977603779237,0.7522583848251129,2.59890956928526,-0.024188361952946925,0.7488891315840559,2.59890956928526,0.09607722801887937,0.08147961385319996,0.2797882005203299,0.737813865743411,134,0.09562691486716818,0.2127615795014085
ID9996_IZDA_aug3_030,0.2617630327547215,0.07231813133670387,0.5187887983367525,-0.019017245620108595,0.38001778057326563,1.3449236779189782,-0.019017245620108595,0.38001778057326563,1.3449236779189782,0.10065925974043968,0.03643129961528787,0.27192553270473463,0.6984285142521273,134,0.08596220380163862,0.20384122874775884
ID9996_IZDA_aug3_038,0.2617630327547215,0.07231813133670387,0.5187887983367525,-0.019017245620108595,0.38001778057326563,1.3449236779189782,-0.019017245620108595,0.38001778057326563,1.3449236779189782,0.10065925974043968,0.03643129961528787,0.27192553270473463,0.6984285142521273,134,0.08596220380163862,0.20384122874775884
ID9996_IZDA_aug3_042,0.2605324721499495,0.09945595057744122,0.6338652075888779,-0.014940858388045456,0.7498040646152865,2.5400678678880424,-0.013518830480062742,0.7512335394923064,2.5400678678880424,0.0940724844442129,0.07283142340316735,0.2805152407261518,0.7298023696611127,134,0.05168466333836422,0.13738207695805327
ID9997_DCHA,0.12914730274083785,0.016249210793387703,0.1717944140646816,0.0027799839660668296,0.2211289315775976,0.631423625142037,0.0027799839660668296,0.2211289315775976,0.631423625142037,0.044944071560599694,0.015093208245252485,0.3146741620380751,0.8355187525425735,150,0.08438679861315987,0.18480275768134538
ID9997_DCHA_aug3_055,0.1259857563365684,0.024167099450711046,0.2042694611235476,0.006136869621548381,0.14354395719296686,0.3893247604226845,0.000629120203282092,0.13907548521217358,0.3804596985845929,0.044210461632016425,0.020097384534418436,0.29979693838308996,0.7569755834941011,150,0.09685700550950609,0.19813177016093989
ID9997_DCHA_aug3_061,0.1303413141409603,0.021771161917084673,0.1866469584533341,0.006651956335849269,0.13728367728815602,0.3704694914087368,0.005706263269800502,0.13828617269627969,0.387725717988757,0.04621856047762448,0.020299259347776877,0.30310928830875994,0.7621745236819092,150,0.06569037489487681,0.15709770571506393
ID9997_DCHA_aug3_076,0.13094407500324717,0.048019842903033905,0.242682099735996,-0.001723535558959996,0.22003049627891136,0.6247759982739499,0.0019358415680001725,0.22041922193276128,0.5826937603500276,0.039105366111250796,0.0494810854059469,0.31067876910488584,0.8258276930154543,150,0.1201758417466613,0.2575393768188564
ID9997_IZDA,0.1842631963174946,0.018514999322345977,0.2667016872429578,-0.004926981266469899,0.23270347021971446,0.6836382331838551,-0.004926981266469899,0.23270347021971446,0.6836382331838551,0.027612575055725768,0.018560128851571617,0.2817988933340844,0.776077452128237,150,0.11199332695121758,0.2383020938498077
ID9997_IZDA_aug3_015,0.18439283816061247,0.027497132885553967,0.2506332402972016,-0.0029067400747252075,0.15503782750765563,0.5327861224457408,-0.006665810410953964,0.1551193312627154,0.5675677228281232,0.026733778776081712,0.020298973897189133,0.2656302773495019,0.6880114727048107,150,0.11148378356534558,0.1938998284095602
ID9997_IZDA_aug3_060,0.18426319631749455,0.014286856263133092,0.2428123841458918,-0.0035336750925140043,0.11336328453844263,0.4205119103495791,-0.0035336750925140043,0.11336328453844263,0.4205119103495791,0.027612575055725723,0.011029836244759887,0.26765675943299255,0.6821685905110887,150,0.11757985815767971,0.22517032434592263
ID9997_IZDA_aug3_066,0.19113207498748944,0.054625094543199915,0.317138262710234,-0.002628102451879343,0.23041699185862566,0.652175396807042,-0.0051239922660626025,0.2349583852495312,0.7544186525738462,0.021607000016060533,0.050898229335716604,0.25682524103406484,0.6881752744509988,150,0.0843208862109232,0.1807015805810501
ID9998_DCHA,0.24436880374694217,0.10721648860685476,0.5317902549979915,-0.018682784461937465,1.0219970135590808,1.7466539408457034,-0.018682784461937465,1.0219970135590808,1.7466539408457034,0.12580240443360013,0.10941240435084089,0.16824658268373038,0.5109314794862867,150,0.2022864945197223,0.3824373053411303
ID9998_DCHA_aug3_017,0.23729989958584402,0.11688967531832911,0.5085186416204571,-0.014658400968744344,1.0126960019484494,1.781893109867205,-0.011867250538593527,1.0123711613383664,1.781893109867205,0.12050104497227207,0.12315013846175564,0.1678969605063344,0.4969404288677512,150,0.1066210323709537,0.235294117647059
ID9998_DCHA_aug3_022,0.24436880374694217,0.08809103952574278,0.4952276606998794,-0.013420202834407912,0.7749389326078887,1.5037217170654538,-0.013420202834407912,0.7749389326078887,1.5037217170654538,0.1258024044336001,0.08521650163448202,0.15831554044295418,0.4599405378081824,150,0.19672189676064877,0.3719170292478596
ID9998_DCHA_aug3_029,0.24436880374694217,0.08809103952574278,0.4952276606998794,-0.013420202834407912,0.7749389326078887,1.5037217170654538,-0.013420202834407912,0.7749389326078887,1.5037217170654538,0.1258024044336001,0.08521650163448202,0.15831554044295418,0.4599405378081824,150,0.19672189676064877,0.3719170292478596
ID9998_DCHA_aug3_031,0.2471727353963514,0.1018371484348445,0.5263749734729565,-0.012449208906160353,0.8831318015247389,1.6138031361940457,-0.015772220363437058,0.8812464619383524,1.6147879475933478,0.1233423625932848,0.09796587351969156,0.15793109916062273,0.4677605351389286,150,0.154886657641335,0.29282447215412677
ID9998_DCHA_aug3_035,0.24413425623782142,0.09815616538253981,0.5081446159633299,-0.01378879578062507,0.8795617966640021,1.6309169741017082,-0.012836973687345885,0.8833938195901275,1.6498793740252446,0.12496538206485151,0.09886807813122302,0.1592384722676219,0.468569333218752,150,0.15398810527215348,0.29112569365883695
ID9998_DCHA_aug3_045,0.24436880374694217,0.08809103952574278,0.4952276606998794,-0.013420202834407912,0.7749389326078887,1.5037217170654538,-0.013420202834407912,0.7749389326078887,1.5037217170654538,0.1258024044336001,0.08521650163448202,0.15831554044295418,0.4599405378081824,150,0.19672189676064877,0.3719170292478596
ID9998_IZDA,0.32005143401884295,0.12142721186254508,0.5804933028077564,-0.02003330243409831,0.8923289656496832,1.7498813607778128,-0.02003330243409831,0.8923289656496832,1.7498813607778128,0.17537102950251043,0.12177936533772314,0.08872601698546866,0.3185098083648332,150,0.04347438441415227,0.10400507314787917
ID9998_IZDA_aug2_015,0.3148266991302509,0.11168949941965015,0.5470542578139165,-0.017470891419164754,0.8169888886380706,1.4398168403383758,-0.02114031988220187,0.818012122453554,1.4398168403383758,0.1691914561346535,0.1152954636323288,0.09222259616883126,0.3035979699886342,150,0.03855292543209032,0.09223131928520192
ID9998_IZDA_aug2_044,0.31683244208460226,0.1306100850746925,0.5860327405574264,-0.01838068221571353,0.8786895129857012,1.5687634175022347,-0.011986672956175821,0.8747628928248332,1.5687634175022347,0.17981665252670906,0.12726081973833128,0.08683942625848125,0.3242752369642318,150,0.04513114150133927,0.10642617446965232
ID9998_IZDA_aug2_051,0.3200514340188429,0.10787861502206708,0.5483196451011989,-0.01902975342447696,0.7584474670775421,1.3253440387368434,-0.01902975342447696,0.7584474670775421,1.3253440387368434,0.1753710295025104,0.10632474473723093,0.08872601698546866,0.2993965427386335,150,0.04108740780069851,0.09829463743659811
ID9999_DCHA,0.2606382652566743,0.04869029025968034,0.4381036302898971,-0.013380672642161973,0.7631707099524899,2.564771482639934,-0.013380672642161973,0.7631707099524899,2.564771482639934,0.11452664627961594,0.0891650895659923,0.3403223711076656,0.8800278998006129,150,0.06953486412194805,0.1581864622562202
ID9999_DCHA_aug3_044,0.2606382652566742,0.032372670834414224,0.3823966255976262,-0.007382960588763735,0.28938454973112476,1.0236782996875833,-0.007382960588763735,0.28938454973112476,1.0236782996875833,0.11452664627961591,0.04062461265408579,0.3325986653202547,0.8022765592856543,150,0.06953486412194805,0.1581864622562202
ID9999_DCHA_aug3_049,0.26749016504532275,0.07755946311050824,0.4906948854802715,-0.007142145336961122,0.747349936028939,2.5886103530400697,-0.014441967634454262,0.7412196718485409,2.5638056575617685,0.12017899019646795,0.10881769536988299,0.34060737165578314,0.8718453340283151,150,0.04517189159191098,0.10122880571828746
ID9999_DCHA_aug3_067,0.2633648612323009,0.042012366899670875,0.3921051477797341,-0.0019216230134834944,0.45562039426609247,1.6329130971879795,-0.013400276663760806,0.45340712874890815,1.6083005278548588,0.11424783929670092,0.059879062966219886,0.32686626459391416,0.7969414313752332,150,0.07265455415406163,0.16528351688841983
ID9999_IZDA,0.21412925635015198,0.02954138136193859,0.3254697824243184,0.0011345312941184623,0.3364072589834369,1.094111158995439,0.0011345312941184623,0.3364072589834369,1.094111158995439,0.05756588108851632,0.047959983154723475,0.29627553464973433,0.7736681957232626,150,0.1438786675793043,0.29457912265490277
ID9999_IZDA_aug3_005,0.21979376562532152,0.03134800670844286,0.3421141491254562,0.007739217053723155,0.2606098467128765,0.877246497593157,0.0021234501808413304,0.2617574932295778,0.8725800158855523,0.05866938958851819,0.04517802949720294,0.28347810844782667,0.7144486429296696,150,0.12025463288592267,0.2507704178509417
ID9999_IZDA_aug3_009,0.20961709503700535,0.035541080524775476,0.3422420217645469,0.0024778032131543308,0.26354561510089336,0.8694083290256047,0.004127707628061575,0.2615559961658553,0.8735570742301688,0.057121425631830564,0.04229258607912483,0.2860368663549406,0.7106999088576498,150,0.06677610093616633,0.17065545270235416
ID9999_IZDA_aug3_024,0.20740108865745557,0.05761369559892605,0.3644328547843816,0.0022658648088854354,0.32946170100758526,1.137548971363199,0.008357454650608527,0.32546083036085494,1.0786702958681862,0.05953521942688106,0.0660490204803115,0.2743313634455348,0.7029648264302427,150,0.05744094634897388,0.13849391212416243
ID9999_IZDA_aug3_050,0.21508832607062242,0.029222814681125076,0.3270057519677064,0.004580619851291597,0.2616242727502271,0.8688567820279303,9.303079708730714e-05,0.2610620287861152,0.8590342844661409,0.06239809973970638,0.046215814125378764,0.28104171091002267,0.7135084708460393,150,0.0768268929413522,0.1825694610136623
ID9999_IZDA_aug3_075,0.21273063196039324,0.03234383815016596,0.3187248130458247,0.002428267594490686,0.2644293153513676,0.8622639298947039,0.005282806639633458,0.2649249464449582,0.8778644815726467,0.06126987613181782,0.042153727922300044,0.28586256982478353,0.7118589334277446,150,0.11769126756243253,0.2542531949219037
ID999_DCHA,0.3589085286015751,0.1564350515623626,0.6103990393389122,-0.013297117397573935,1.2988371222108002,2.475383116250191,-0.013297117397573935,1.2988371222108002,2.475383116250191,0.1775098023283272,0.11443167285703373,0.11955239798927492,0.3945973458550889,140,0.1037813546210329,0.2617775297630878
ID999_DCHA_aug2_031,0.3589085286015751,0.13497505788789466,0.5931876682429763,-0.01536949931542863,1.0461182185789204,1.674102088439679,-0.01536949931542863,1.0461182185789204,1.674102088439679,0.17750980232832717,0.09397558703601036,0.11955239798927492,0.3704014642274754,140,0.03803698085410017,0.10547160923693934
ID999_DCHA_aug2_038,0.35610800089772826,0.14753588932364547,0.6202438683141112,-0.010772185729191712,1.154393541366052,1.902345037147108,-0.00960443591066539,1.1485677822035745,1.902345037147108,0.17811000401894664,0.1058575155612964,0.11781420504339164,0.37938427038860933,140,0.09464225982068057,0.23872512627651724
ID999_IZDA,0.28612268208781827,0.15077779468155272,0.5489005754624848,0.02209468428460764,1.2644372512408941,2.332067169386565,0.02209468428460764,1.2644372512408941,2.332067169386565,0.1308927930876261,0.10810788803676469,0.1245126886821762,0.436573376543602,144,0.03828007897027712,0.09882117688026158
ID999_IZDA_aug2_047,0.28279171631255423,0.17058824794784921,0.5676359192658902,0.023770995413229794,1.2558025330368328,2.005750262054631,0.024347387759833194,1.253792927725272,2.005750262054631,0.13057959230622232,0.1289785139159839,0.1207971003908291,0.4014262472193615,144,0.13539898496234584,0.288236302641309
