ID,ACCELERATION__absolute_sum_of_changes,"ACCELERATION__change_quantiles__f_agg_""mean""__isabs_True__qh_0.6__ql_0.0","ACCELERATION__change_quantiles__f_agg_""mean""__isabs_True__qh_0.6__ql_0.2","ACCELERATION__change_quantiles__f_agg_""mean""__isabs_True__qh_0.8__ql_0.0","ACCELERATION__change_quantiles__f_agg_""mean""__isabs_True__qh_0.8__ql_0.2","ACCELERATION__change_quantiles__f_agg_""mean""__isabs_True__qh_0.8__ql_0.4","ACCELERATION__change_quantiles__f_agg_""mean""__isabs_True__qh_1.0__ql_0.2",ACCELERATION__fourier_entropy__bins_100,ACCELERATION__kurtosis,ACCELERATION__large_standard_deviation__r_0.25,ACCELERATION__number_crossing_m__m_-1,ACCELERATION__number_crossing_m__m_1,ACCELERATION__quantile__q_0.2,ACCELERATION__quantile__q_0.3,ACCELERATION__quantile__q_0.6,ACCELERATION__quantile__q_0.7,ACCELERATION__quantile__q_0.8,ACCELERATION__range_count__max_1__min_-1,ACCELERATION__ratio_beyond_r_sigma__r_1,DISTANCE_ANG__kurtosis,DISTANCE_ANG__large_standard_deviation__r_0.30000000000000004,DISTANCE_ANG__longest_strike_below_mean,SMOOTHED_AMPLITUDE__absolute_sum_of_changes,"SMOOTHED_AMPLITUDE__change_quantiles__f_agg_""mean""__isabs_True__qh_0.6__ql_0.0","SMOOTHED_AMPLITUDE__change_quantiles__f_agg_""mean""__isabs_True__qh_0.8__ql_0.0","SMOOTHED_AMPLITUDE__change_quantiles__f_agg_""mean""__isabs_True__qh_0.8__ql_0.2","SMOOTHED_AMPLITUDE__change_quantiles__f_agg_""mean""__isabs_True__qh_1.0__ql_0.0","SMOOTHED_AMPLITUDE__change_quantiles__f_agg_""mean""__isabs_True__qh_1.0__ql_0.2",SMOOTHED_AMPLITUDE__longest_strike_below_mean,SMOOTHED_AMPLITUDE__mean_abs_change,VELOCITY__absolute_sum_of_changes,"VELOCITY__change_quantiles__f_agg_""mean""__isabs_True__qh_0.6__ql_0.0","VELOCITY__change_quantiles__f_agg_""mean""__isabs_True__qh_0.6__ql_0.2","VELOCITY__change_quantiles__f_agg_""mean""__isabs_True__qh_0.8__ql_0.0","VELOCITY__change_quantiles__f_agg_""mean""__isabs_True__qh_0.8__ql_0.2","VELOCITY__change_quantiles__f_agg_""mean""__isabs_True__qh_0.8__ql_0.4","VELOCITY__change_quantiles__f_agg_""mean""__isabs_True__qh_1.0__ql_0.2",VELOCITY__fourier_entropy__bins_100,VELOCITY__kurtosis,VELOCITY__large_standard_deviation__r_0.25,VELOCITY__mean_abs_change,VELOCITY__number_crossing_m__m_-1,VELOCITY__number_crossing_m__m_1,VELOCITY__quantile__q_0.2,VELOCITY__quantile__q_0.3,VELOCITY__quantile__q_0.6,VELOCITY__quantile__q_0.7,VELOCITY__quantile__q_0.8,VELOCITY__range_count__max_1__min_-1,VELOCITY__ratio_beyond_r_sigma__r_1
CONTROL01_DCHA,199.56339465252893,1.370795773234796,1.2429193333736412,1.4290372729533938,1.4034298279911794,0.9489396956581907,1.2879917955459972,0.7365973016132417,-1.1198146020704467,1.0,28.0,28.0,-2.798346103221067,-1.2031544587524257,0.941201279005656,1.735720775335866,2.582384506136325,44.0,0.46,-1.6886148342841216,1.0,7.0,20.09141972314719,0.15748157890665912,0.15679874238453773,0.18229910213643857,0.1348417431083704,0.14181224098337286,7.0,0.1348417431083704,199.56339465252893,1.370795773234796,1.2429193333736412,1.4290372729533938,1.4034298279911794,0.9489396956581907,1.2879917955459972,0.7365973016132417,-1.1198146020704467,1.0,1.3393516419632814,28.0,28.0,-2.798346103221067,-1.2031544587524257,0.941201279005656,1.735720775335866,2.582384506136325,44.0,0.46
CONTROL01_IZDA,123.13891527778176,0.832837209841617,0.459576124162556,0.7899567191334936,0.5481180904134598,0.384784910640966,0.6902546450839471,0.8996971570087499,-0.6042578390544637,0.0,22.0,24.0,-1.368495648772442,-0.6623259177248618,0.4700040683525261,0.8734574999802313,1.4878584697878667,68.0,0.37333333333333335,-1.6621225993889723,1.0,8.0,12.580228133148804,0.09588227942020408,0.09124206845106102,0.09444730424621221,0.0844310612963007,0.08420731301850921,8.0,0.0844310612963007,123.13891527778176,0.832837209841617,0.459576124162556,0.7899567191334936,0.5481180904134598,0.384784910640966,0.6902546450839471,0.8996971570087499,-0.6042578390544637,0.0,0.8264356730052468,22.0,24.0,-1.368495648772442,-0.6623259177248618,0.4700040683525261,0.8734574999802313,1.4878584697878667,68.0,0.37333333333333335
CONTROL02_DCHA,190.54214032672127,1.1156674881359545,1.1643258850701934,1.4545137241561479,1.666138425377035,0.9042769437445489,1.3098796976206888,1.2324832977354894,-1.4609488088940632,1.0,36.0,36.0,-2.4453806378059157,-1.591388148338564,0.8809893084281031,1.647735239448945,2.0840998885087365,40.0,0.49333333333333335,-1.572321623374603,1.0,6.0,17.29669992384584,0.1341757786427622,0.13210263814253495,0.1435291825006158,0.11608523438822711,0.11503478084923614,6.0,0.11608523438822711,190.54214032672127,1.1156674881359545,1.1643258850701934,1.4545137241561479,1.666138425377035,0.9042769437445489,1.3098796976206888,1.2324832977354894,-1.4609488088940632,1.0,1.2788063109175924,36.0,36.0,-2.4453806378059157,-1.591388148338564,0.8809893084281031,1.647735239448945,2.0840998885087365,40.0,0.49333333333333335
CONTROL02_IZDA,198.9649566935189,1.215604774219707,1.0055485693949293,1.43257165553497,1.3763031413054685,0.9551045845960253,1.2613402870663912,0.7373124305413514,-1.300207781187753,1.0,32.0,30.0,-3.041266611608922,-1.4304950438295747,0.4191282854720998,1.699082309104935,2.6787807981403637,51.0,0.5,-1.737729310920175,1.0,5.0,19.058702958631265,0.1520445669489342,0.14883027686288955,0.1674244698584815,0.12791075811161923,0.1299440429377686,6.0,0.12791075811161923,198.9649566935189,1.215604774219707,1.0055485693949293,1.43257165553497,1.3763031413054685,0.9551045845960253,1.2613402870663912,0.7373124305413514,-1.300207781187753,1.0,1.3353352798222744,32.0,30.0,-3.041266611608922,-1.4304950438295747,0.4191282854720998,1.699082309104935,2.6787807981403637,51.0,0.5
CONTROL03_IZDA,205.2151190820387,1.039063090061937,0.5383044446999612,1.2650016743097132,1.0700042038426643,0.8789557421188217,1.3087755086581514,1.2709941775985139,-0.9248411113899397,0.0,26.0,28.0,-2.43333333827009,-1.1493061908963134,0.3661947891218328,1.251056882044765,2.725367941732996,56.0,0.44666666666666666,-1.2176297086617827,0.0,6.0,19.467752851042135,0.1842389322491829,0.15157966144122154,0.14191992433918624,0.13065605940296734,0.1163944363053688,6.0,0.13065605940296734,205.2151190820387,1.039063090061937,0.5383044446999612,1.2650016743097132,1.0700042038426643,0.8789557421188217,1.3087755086581514,1.2709941775985139,-0.9248411113899397,0.0,1.3772826784029444,26.0,28.0,-2.43333333827009,-1.1493061908963134,0.3661947891218328,1.251056882044765,2.725367941732996,56.0,0.44666666666666666
CONTROL04_DCHA,159.9905884695592,1.0592087333489246,0.29272648169759347,0.9442339646786755,0.49166981656653613,0.33583554971119095,0.8379873504269264,0.6057241315979808,-0.5780561661502381,1.0,22.0,20.0,-2.7440167800076507,-0.2586014500743628,0.2163000593620098,0.3675653382584981,1.8360486054737284,78.0,0.3933333333333333,-1.5163485552945497,1.0,6.0,15.9871094920134,0.15883398145300245,0.130567114199011,0.13765157550805807,0.10729603685915033,0.10343583613123256,7.0,0.10729603685915033,159.9905884695592,1.0592087333489246,0.29272648169759347,0.9442339646786755,0.49166981656653613,0.33583554971119095,0.8379873504269264,0.6057241315979808,-0.5780561661502381,1.0,1.073762338721874,22.0,20.0,-2.7440167800076507,-0.2586014500743628,0.2163000593620098,0.3675653382584981,1.8360486054737284,78.0,0.3933333333333333
CONTROL04_IZDA,157.1643439653809,0.9695707315799854,0.43240323132979575,0.904973642611317,0.5473735586869546,0.34442505545687,0.8898261018091169,0.48661032953355604,-0.6524763166441354,1.0,22.0,22.0,-2.5604017594457624,-0.31534310503828733,0.09833122160628417,0.5777996950301335,1.9402853832494162,77.0,0.41333333333333333,-1.5879783408982409,1.0,6.0,15.610060171691677,0.16130274802688482,0.1332889191560891,0.1435999563042371,0.10476550450799783,0.10071572336861605,7.0,0.10476550450799783,157.1643439653809,0.9695707315799854,0.43240323132979575,0.904973642611317,0.5473735586869546,0.34442505545687,0.8898261018091169,0.48661032953355604,-0.6524763166441354,1.0,1.0547942548012141,22.0,22.0,-2.5604017594457624,-0.31534310503828733,0.09833122160628417,0.5777996950301335,1.9402853832494162,77.0,0.41333333333333333
CONTROL05_DCHA,77.78582294218785,0.36129904423023457,0.1877496720831611,0.3967444392251025,0.2326639085492463,0.19134962038286035,0.38503397423907737,1.3069491667566913,-0.3706900766620733,0.0,22.0,22.0,-0.8995421181539655,-0.27229861714564835,0.10858366514956996,0.4164871135086296,0.93233871402213,95.0,0.3466666666666667,-0.733895748929319,1.0,7.0,7.7098481348805095,0.06896742565568027,0.06482766324371367,0.05463704588611194,0.05174394721396315,0.0401176746607985,7.0,0.05174394721396315,77.78582294218785,0.36129904423023457,0.1877496720831611,0.3967444392251025,0.2326639085492463,0.19134962038286035,0.38503397423907737,1.3069491667566913,-0.3706900766620733,0.0,0.5220525029677037,22.0,22.0,-0.8995421181539655,-0.27229861714564835,0.10858366514956996,0.4164871135086296,0.93233871402213,95.0,0.3466666666666667
CONTROL05_IZDA,77.67541140708047,0.44808014706759974,0.09311971723677935,0.39316358672087015,0.12578055114416772,0.12994961112275022,0.33956225354922737,1.3940383178929112,-0.07730593167139155,0.0,18.0,20.0,-0.5713253261001512,-0.16114758174780303,0.1340959160138237,0.3117235594074089,0.7972014833808497,91.0,0.34507042253521125,0.18093593493758897,1.0,5.0,7.509993666618881,0.08680874228071317,0.06674198341349595,0.04683708609011402,0.05326236642992114,0.03545199290701499,7.0,0.05326236642992114,77.67541140708047,0.44808014706759974,0.09311971723677935,0.39316358672087015,0.12578055114416772,0.12994961112275022,0.33956225354922737,1.3940383178929112,-0.07730593167139155,0.0,0.5508894426034077,18.0,20.0,-0.5713253261001512,-0.16114758174780303,0.1340959160138237,0.3117235594074089,0.7972014833808497,91.0,0.34507042253521125
CONTROL06_DCHA,231.69790031096392,1.1325501426454783,1.1937395685830845,1.7580869142990831,2.1779015065068927,1.7575575663686764,1.6704977487842199,0.5623578570452923,-1.807785821463056,1.0,48.0,48.0,-2.3117418938460417,-2.0207581963057577,1.5587410887178053,2.108434239542753,2.31091764325066,15.0,0.6133333333333333,-1.8278699101020284,1.0,4.0,19.558838636579274,0.12643372429575675,0.1354315000498685,0.15140775643089602,0.13126737339986091,0.1359635831777845,4.0,0.13126737339986091,231.69790031096392,1.1325501426454783,1.1937395685830845,1.7580869142990831,2.1779015065068927,1.7575575663686764,1.6704977487842199,0.5623578570452923,-1.807785821463056,1.0,1.5550194651742544,48.0,48.0,-2.3117418938460417,-2.0207581963057577,1.5587410887178053,2.108434239542753,2.31091764325066,15.0,0.6133333333333333
CONTROL06_IZDA,151.48538576047858,1.024320883027877,1.3014616426855676,1.0872990599350734,1.2645386369321074,1.0473426569854638,1.0832260669154967,0.46836961425566276,-1.4280196706094879,1.0,34.0,34.0,-2.001857890837922,-1.2786636173141324,0.4117451136912672,1.4145215480144673,1.9520236855853217,48.0,0.52,-1.819602721460795,1.0,5.0,14.56564170273812,0.0950335883594074,0.10915351359250418,0.1373750167498526,0.09775598458213502,0.10800955586693635,5.0,0.09775598458213502,151.48538576047858,1.024320883027877,1.3014616426855676,1.0872990599350734,1.2645386369321074,1.0473426569854638,1.0832260669154967,0.46836961425566276,-1.4280196706094879,1.0,1.0166804413454937,34.0,34.0,-2.001857890837922,-1.2786636173141324,0.4117451136912672,1.4145215480144673,1.9520236855853217,48.0,0.52
CONTROL07_DCHA,127.79484924112452,0.8885583695398146,0.9550815473178069,0.9248598882441039,0.9852453204009652,0.7588922468335164,0.8628739881480256,0.44324405498086755,-1.2542679430818524,1.0,30.0,30.0,-1.9181556124200614,-0.8003159048654701,0.3854361890919193,0.8541088389380808,1.7270749859751968,62.0,0.52,-1.8068070289642308,1.0,5.0,12.486078059089746,0.09302377538068737,0.09773788628249852,0.11820123237282605,0.08379918160462917,0.09004131924057257,5.0,0.08379918160462917,127.79484924112452,0.8885583695398146,0.9550815473178069,0.9248598882441039,0.9852453204009652,0.7588922468335164,0.8628739881480256,0.44324405498086755,-1.2542679430818524,1.0,0.8576835519538558,30.0,30.0,-1.9181556124200614,-0.8003159048654701,0.3854361890919193,0.8541088389380808,1.7270749859751968,62.0,0.52
CONTROL07_IZDA,153.16224364324628,1.1117811471910277,0.9524835619262187,1.094621184586518,1.0027943539767201,0.8282771902676423,0.9457680764155428,0.4937773510876538,-1.0705884981181621,1.0,28.0,28.0,-2.3550020572874995,-0.8500914484581598,0.4114570879643856,1.0783545334793707,1.9091061444461759,59.0,0.48,-1.7197960192920159,1.0,6.0,15.168775588414537,0.08496987260618243,0.10370379135163334,0.14545767167416848,0.10180386300949354,0.12624302736732593,6.0,0.10180386300949354,153.16224364324628,1.1117811471910277,0.9524835619262187,1.094621184586518,1.0027943539767201,0.8282771902676423,0.9457680764155428,0.4937773510876538,-1.0705884981181621,1.0,1.0279345210956126,28.0,28.0,-2.3550020572874995,-0.8500914484581598,0.4114570879643856,1.0783545334793707,1.9091061444461759,59.0,0.48
CONTROL08_DCHA,134.61466836798888,0.7731889233383473,0.46385622690111483,0.8857241132524306,0.6417183728279559,0.2803159361118277,0.7656242438810612,1.4569291686642976,-0.9499935993302326,1.0,28.0,30.0,-1.9282912318134455,-0.7338734816120144,0.5302678964519928,0.8534424516678865,1.4548809622979328,73.0,0.42,-1.346994985276972,1.0,6.0,12.519200983353205,0.11085891240060287,0.09795194530300849,0.08753269817026826,0.08402148310975305,0.07198128558203518,5.0,0.08402148310975305,134.61466836798888,0.7731889233383473,0.46385622690111483,0.8857241132524306,0.6417183728279559,0.2803159361118277,0.7656242438810612,1.4569291686642976,-0.9499935993302326,1.0,0.9034541501207307,28.0,30.0,-1.9282912318134455,-0.7338734816120144,0.5302678964519928,0.8534424516678865,1.4548809622979328,73.0,0.42
CONTROL08_IZDA,108.56491834333357,0.6166858785852343,0.29543687775458916,0.6699982937289642,0.442046773848483,0.2732982052775149,0.5964208869917561,0.9690997996394172,-0.830954483280856,1.0,28.0,28.0,-1.3171499201938006,-0.39165574756030497,0.22512847120219626,0.5905926941004719,1.2287747924694636,79.0,0.4266666666666667,-1.1121781836175746,1.0,5.0,9.544662103627473,0.08752373918909447,0.07545270601220333,0.06579941767364007,0.06405813492367432,0.05293967755933011,5.0,0.06405813492367432,108.56491834333357,0.6166858785852343,0.29543687775458916,0.6699982937289642,0.442046773848483,0.2732982052775149,0.5964208869917561,0.9690997996394172,-0.830954483280856,1.0,0.7286236130425072,28.0,28.0,-1.3171499201938006,-0.39165574756030497,0.22512847120219626,0.5905926941004719,1.2287747924694636,79.0,0.4266666666666667
CONTROL09_DCHA,120.68786217021209,0.9176233244586149,0.7387847758585788,0.8907688353605671,0.7787622459158486,0.457741467493669,0.710645161459344,0.46836961425566276,-0.9579974446300001,1.0,26.0,26.0,-1.6428126006912627,-0.7279565407069185,0.5152398497736272,1.1004216029223277,1.421561790654367,63.0,0.4066666666666667,-1.663509622902217,1.0,6.0,12.508956258388173,0.09577363846164776,0.0962399698220834,0.11587015106740775,0.08395272656636357,0.09123803259861757,7.0,0.08395272656636357,120.68786217021209,0.9176233244586149,0.7387847758585788,0.8907688353605671,0.7787622459158486,0.457741467493669,0.710645161459344,0.46836961425566276,-0.9579974446300001,1.0,0.8099856521490744,26.0,26.0,-1.6428126006912627,-0.7279565407069185,0.5152398497736272,1.1004216029223277,1.421561790654367,63.0,0.4066666666666667
CONTROL09_IZDA,100.6535128193475,0.6691478769317081,0.5521235297856592,0.7177306698484149,0.6654791404410848,0.3503325118569377,0.6273513930490934,0.5805985723231856,-1.076170479899245,1.0,26.0,26.0,-1.4584810089231044,-0.706191143072987,0.49456003324309455,0.8121115732630865,1.1116341169008639,76.0,0.38666666666666666,-1.583545307705102,1.0,6.0,10.346528604811475,0.08909087756482748,0.08280630008292764,0.09230451456188184,0.06943978929403674,0.07005183324242514,6.0,0.06943978929403674,100.6535128193475,0.6691478769317081,0.5521235297856592,0.7177306698484149,0.6654791404410848,0.3503325118569377,0.6273513930490934,0.5805985723231856,-1.076170479899245,1.0,0.6755269316734731,26.0,26.0,-1.4584810089231044,-0.706191143072987,0.49456003324309455,0.8121115732630865,1.1116341169008639,76.0,0.38666666666666666
CONTROL1000_DCHA,114.89656504845588,0.8160190936954724,0.5239670725466038,0.8008457395926678,0.5982289552975277,0.4281169864210082,0.6363640467885955,0.6693301251703329,-0.834398872386104,0.0,24.0,24.0,-1.774039342536628,-0.5123819837838113,0.39219524158877206,0.7952646521872822,1.4917541206147678,75.0,0.4266666666666667,-1.7021183880370028,1.0,7.0,11.80803249245674,0.10003338153340478,0.09126701082438139,0.10427141941267432,0.07924854021783047,0.08287393363575016,7.0,0.07924854021783047,114.89656504845588,0.8160190936954724,0.5239670725466038,0.8008457395926678,0.5982289552975277,0.4281169864210082,0.6363640467885955,0.6693301251703329,-0.834398872386104,0.0,0.7711178862312476,24.0,24.0,-1.774039342536628,-0.5123819837838113,0.39219524158877206,0.7952646521872822,1.4917541206147678,75.0,0.4266666666666667
CONTROL1000_IZDA,102.03801939886144,0.5850829064786877,0.3887984740915218,0.6690607404655011,0.5962660917739833,0.41937851976182666,0.6467833283585207,0.7730787321690284,-0.9642228276647553,1.0,24.0,24.0,-1.254831214404034,-0.7357620365302632,0.27137750940831884,0.6035145697051318,1.3270190975847478,72.0,0.4066666666666667,-1.53614195707027,1.0,8.0,10.75313549423481,0.09310967797804527,0.08260244609080922,0.08810890262712329,0.07216869459217994,0.07167555809311038,7.0,0.07216869459217994,102.03801939886144,0.5850829064786877,0.3887984740915218,0.6690607404655011,0.5962660917739833,0.41937851976182666,0.6467833283585207,0.7730787321690284,-0.9642228276647553,1.0,0.6848189221400096,24.0,24.0,-1.254831214404034,-0.7357620365302632,0.27137750940831884,0.6035145697051318,1.3270190975847478,72.0,0.4066666666666667
CONTROL1002_DCHA,85.00196409211469,0.5741436660157696,0.641972525503324,0.6440831117478094,0.7314279233987871,0.5629211917124025,0.5865084454573943,0.9217718681640766,-1.4303539132492726,1.0,34.0,34.0,-1.1477258483202213,-0.849577385219846,0.3053165369522477,0.7881171317373102,1.0237161959498589,80.0,0.5333333333333333,-1.7344015844024652,1.0,5.0,8.074323631765234,0.051090928431845026,0.05861950988115335,0.07060011159780154,0.054190091488357274,0.059408214318349264,5.0,0.054190091488357274,85.00196409211469,0.5741436660157696,0.641972525503324,0.6440831117478094,0.7314279233987871,0.5629211917124025,0.5865084454573943,0.9217718681640766,-1.4303539132492726,1.0,0.5704829804839913,34.0,34.0,-1.1477258483202213,-0.849577385219846,0.3053165369522477,0.7881171317373102,1.0237161959498589,80.0,0.5333333333333333
CONTROL1002_IZDA,144.01967344673733,0.7487161736968886,0.6981697527225494,1.0031687107420577,1.167685313489358,0.7676424032262856,1.0264321380409742,1.08960869691656,-1.445456757948925,1.0,48.0,48.0,-1.2539624286168605,-0.8423554687724186,0.5015781253848552,0.9774982703356732,1.3035804038948295,63.0,0.47333333333333333,-1.310108301439713,1.0,5.0,9.984187106812524,0.059153104785107435,0.0642845582037852,0.06645969406069933,0.06700796715981559,0.0696564152642489,9.0,0.06700796715981559,144.01967344673733,0.7487161736968886,0.6981697527225494,1.0031687107420577,1.167685313489358,0.7676424032262856,1.0264321380409742,1.08960869691656,-1.445456757948925,1.0,0.9665749895754183,48.0,48.0,-1.2539624286168605,-0.8423554687724186,0.5015781253848552,0.9774982703356732,1.3035804038948295,63.0,0.47333333333333333
CONTROL101_DCHA,227.57442373811767,1.0616859140051422,1.0628520303070366,1.5234453044433192,1.5475153662026695,0.9584591848819534,1.5074774058299867,0.7555531458192447,-1.477463532411797,1.0,50.0,50.0,-1.9482490768339316,-1.5374217800682795,0.9130541511630355,1.617111837926417,1.9450472153491312,38.0,0.5,-1.4911916735553246,1.0,9.0,16.02779365160754,0.0871595771711143,0.10156051947112205,0.10788387849510953,0.10756908491011771,0.11393066160729685,9.0,0.10756908491011771,227.57442373811767,1.0616859140051422,1.0628520303070366,1.5234453044433192,1.5475153662026695,0.9584591848819534,1.5074774058299867,0.7555531458192447,-1.477463532411797,1.0,1.527345125759179,50.0,50.0,-1.9482490768339316,-1.5374217800682795,0.9130541511630355,1.617111837926417,1.9450472153491312,38.0,0.5
CONTROL101_IZDA,253.09308599360293,1.1497338523244538,0.8784185278534273,1.7614952992309332,1.8001505471755468,0.694186389150338,1.690099905085865,0.6489826845001676,-1.5441903488019117,1.0,44.0,46.0,-2.484327743376293,-1.9774794414362014,1.0837433244328574,2.0669832651913485,2.5512267711308874,31.0,0.54,-1.633054575001255,1.0,12.0,19.728519222592062,0.1144971957243656,0.1296272529637724,0.14943902596404773,0.13240616927914137,0.1446110354104294,12.0,0.13240616927914137,253.09308599360293,1.1497338523244538,0.8784185278534273,1.7614952992309332,1.8001505471755468,0.694186389150338,1.690099905085865,0.6489826845001676,-1.5441903488019117,1.0,1.6986113153933082,44.0,46.0,-2.484327743376293,-1.9774794414362014,1.0837433244328574,2.0669832651913485,2.5512267711308874,31.0,0.54
CONTROL102_DCHA,126.12088802221518,0.6952191377707861,0.6343085405908838,0.876825327731315,0.982574671611761,0.6786656229648136,0.8943145087224302,0.619386097941283,-1.2721250301097065,1.0,30.0,28.0,-1.7745961941390622,-1.10977728741305,0.32928999832344963,0.9660000259508076,1.5899599758172136,57.0,0.4533333333333333,-1.5943608227277626,1.0,5.0,12.653545176388736,0.1071392100979066,0.10430889159403478,0.11872917354834843,0.08492312198918614,0.0853143945468443,6.0,0.08492312198918614,126.12088802221518,0.6952191377707861,0.6343085405908838,0.876825327731315,0.982574671611761,0.6786656229648136,0.8943145087224302,0.619386097941283,-1.2721250301097065,1.0,0.8464489129007731,30.0,28.0,-1.7745961941390622,-1.10977728741305,0.32928999832344963,0.9660000259508076,1.5899599758172136,57.0,0.4533333333333333
CONTROL102_IZDA,132.03360833050988,0.7759904130182215,0.3681174790988964,0.7646260020073815,0.48555832605292715,0.49483180466461035,0.7287334009774151,0.7170641454698342,-0.5799786235182887,0.0,24.0,24.0,-1.58856275719166,-0.43423494428457227,0.1094846022343492,0.4668912465871157,1.800784510398317,77.0,0.4066666666666667,-1.8041722265598845,1.0,7.0,12.52513177061218,0.08374285886460404,0.09543353226300305,0.12002374429734389,0.08406128705108847,0.09545407857022348,7.0,0.08406128705108847,132.03360833050988,0.7759904130182215,0.3681174790988964,0.7646260020073815,0.48555832605292715,0.49483180466461035,0.7287334009774151,0.7170641454698342,-0.5799786235182887,0.0,0.8861315995336233,24.0,24.0,-1.58856275719166,-0.43423494428457227,0.1094846022343492,0.4668912465871157,1.800784510398317,77.0,0.4066666666666667
CONTROL103_DCHA,306.5449843498585,1.6069226659206535,1.3558012979319276,2.1306138485736317,2.2358260215591064,1.765998778884186,2.074546593368042,0.8397357640220405,-1.6486253715601704,1.0,44.0,44.0,-3.176215734274993,-2.8188352375846506,1.688933321638754,2.6346463633451083,3.1673300030149787,27.0,0.5733333333333334,-1.4576141660891495,1.0,5.0,25.29482312816458,0.1569228299811423,0.17371915843622954,0.20135995671257997,0.16976391361184281,0.18132149697675728,5.0,0.16976391361184281,306.5449843498585,1.6069226659206535,1.3558012979319276,2.1306138485736317,2.2358260215591064,1.765998778884186,2.074546593368042,0.8397357640220405,-1.6486253715601704,1.0,2.057348888254084,44.0,44.0,-3.176215734274993,-2.8188352375846506,1.688933321638754,2.6346463633451083,3.1673300030149787,27.0,0.5733333333333334
CONTROL103_IZDA,334.6670513157857,1.4803919350580108,1.04499269035288,2.402016330828842,2.913490625114071,0.9082967716758354,2.4204896484274734,0.4136474684219829,-1.5699250917304988,1.0,42.0,42.0,-3.6858926131016063,-3.1938379409394053,1.0493577008837736,2.9410977984734643,3.5890076953693133,31.0,0.6,-1.75461089450005,1.0,4.0,27.439583787478355,0.2023431069288017,0.2119134276452654,0.24041483585690143,0.18415828045287486,0.18512830217129106,4.0,0.18415828045287486,334.6670513157857,1.4803919350580108,1.04499269035288,2.402016330828842,2.913490625114071,0.9082967716758354,2.4204896484274734,0.4136474684219829,-1.5699250917304988,1.0,2.246087592723394,42.0,42.0,-3.6858926131016063,-3.1938379409394053,1.0493577008837736,2.9410977984734643,3.5890076953693133,31.0,0.6
CONTROL104_DCHA,143.3299812235325,0.683492091856663,0.2349883699486675,0.626621490550095,0.2432042260580125,0.10135454878958375,0.7720474583413627,1.7217753501681614,1.4530699591495226,0.0,24.0,22.0,-1.2842378094579114,-0.47743378240824225,0.0700107275662137,0.2607808134462452,0.5891491806999302,89.0,0.2733333333333333,-1.202269838367169,1.0,14.0,11.659922013812643,0.07147136916446153,0.07096890052622055,0.09301362954755288,0.0782545101598164,0.09557455578121793,12.0,0.0782545101598164,143.3299812235325,0.683492091856663,0.2349883699486675,0.626621490550095,0.2432042260580125,0.10135454878958375,0.7720474583413627,1.7217753501681614,1.4530699591495226,0.0,0.9619461827082719,24.0,22.0,-1.2842378094579114,-0.47743378240824225,0.0700107275662137,0.2607808134462452,0.5891491806999302,89.0,0.2733333333333333
CONTROL104_IZDA,86.06012505037245,0.5608145132918049,0.09280914886155137,0.4804341960085844,0.1445465743698514,0.09299528259379786,0.3588007565553777,1.0229111366699135,1.9717367014015927,0.0,12.0,12.0,-0.431505439836696,-0.0731869288353339,0.14140257257993455,0.23422658740095187,0.37600503061993296,113.0,0.24,-1.785866416913754,1.0,12.0,7.252854794114829,0.06827695274549561,0.053157927567881624,0.06491626269995138,0.0486768778128512,0.05507041615186108,12.0,0.0486768778128512,86.06012505037245,0.5608145132918049,0.09280914886155137,0.4804341960085844,0.1445465743698514,0.09299528259379786,0.3588007565553777,1.0229111366699135,1.9717367014015927,0.0,0.5775847318816942,12.0,12.0,-0.431505439836696,-0.0731869288353339,0.14140257257993455,0.23422658740095187,0.37600503061993296,113.0,0.24
CONTROL105_DCHA,276.84095629908427,1.5050853501199137,1.7500053929117938,2.0088265790122444,2.417274036171435,1.6026165909276542,1.9839752802956803,0.6057241315979808,-1.7588925051990145,1.0,48.0,48.0,-2.6237218755963503,-2.1903320329526426,1.7757948030254653,2.22274664387647,2.6462743254919228,14.0,0.5333333333333333,-1.4849882905706926,1.0,4.0,22.457384703430172,0.13727198346623662,0.15493289221279097,0.1796135001875895,0.15072070270758506,0.1596579490644967,4.0,0.15072070270758506,276.84095629908427,1.5050853501199137,1.7500053929117938,2.0088265790122444,2.417274036171435,1.6026165909276542,1.9839752802956803,0.6057241315979808,-1.7588925051990145,1.0,1.8579929952958676,48.0,48.0,-2.6237218755963503,-2.1903320329526426,1.7757948030254653,2.22274664387647,2.6462743254919228,14.0,0.5333333333333333
CONTROL105_IZDA,179.37095574624925,1.053775540301695,1.3122919495521774,1.282425525537691,1.5425980546742388,1.0067855067745421,1.2954073145172977,0.348492928839839,-1.482766677107028,1.0,42.0,42.0,-1.7434532974609795,-1.4131146887776134,0.7089403576227417,1.3436111683833338,1.6649697884523524,39.0,0.44,-1.1407358490246273,1.0,5.0,14.513695789255802,0.07836408105176913,0.09316396127394555,0.11738506589134531,0.0974073542903074,0.11208159126937262,5.0,0.0974073542903074,179.37095574624925,1.053775540301695,1.3122919495521774,1.282425525537691,1.5425980546742388,1.0067855067745421,1.2954073145172977,0.348492928839839,-1.482766677107028,1.0,1.203831917760062,42.0,42.0,-1.7434532974609795,-1.4131146887776134,0.7089403576227417,1.3436111683833338,1.6649697884523524,39.0,0.44
CONTROL106_DCHA,319.6321094049031,1.6190359762423654,1.8169807521148533,2.102523413182833,2.475621934408678,1.739559598576404,2.2719764260056516,0.7121868712665562,-1.7096702225108453,1.0,42.0,42.0,-3.6399227396713467,-3.1672718301209004,1.6525729043394708,3.1108284574987857,3.5707210066887622,18.0,0.5866666666666667,-1.604309321501358,1.0,5.0,29.30083425186842,0.19403528955534768,0.20315352228144268,0.22512685072597,0.19664989430784174,0.20492467035336995,5.0,0.19664989430784174,319.6321094049031,1.6190359762423654,1.8169807521148533,2.102523413182833,2.475621934408678,1.739559598576404,2.2719764260056516,0.7121868712665562,-1.7096702225108453,1.0,2.1451819423147858,42.0,42.0,-3.6399227396713467,-3.1672718301209004,1.6525729043394708,3.1108284574987857,3.5707210066887622,18.0,0.5866666666666667
CONTROL106_IZDA,390.0867456945457,2.2276085793038494,2.3352663620971366,2.8483470430578564,3.235859213653675,2.7032254092654218,2.717059724343145,0.5864648858664021,-1.610800968432206,1.0,44.0,42.0,-4.0570252745399085,-3.5848543386994702,2.1072855759565403,3.493117066013985,3.95498453212216,15.0,0.58,-1.7004117857317327,1.0,5.0,33.15207582211793,0.2122972203069266,0.2329508989939448,0.2694908826811719,0.2224971531685767,0.235326930347968,5.0,0.2224971531685767,390.0867456945457,2.2276085793038494,2.3352663620971366,2.8483470430578564,3.235859213653675,2.7032254092654218,2.717059724343145,0.5864648858664021,-1.610800968432206,1.0,2.6180318502989643,44.0,42.0,-4.0570252745399085,-3.5848543386994702,2.1072855759565403,3.493117066013985,3.95498453212216,15.0,0.58
CONTROL107_DCHA,389.6259440569578,2.090258979566411,3.4781088460365326,3.1242880483476276,4.6503635646815615,3.2342526966695706,3.097607741652578,0.6688205967138676,-1.7029602306875573,1.0,44.0,42.0,-4.307885178275317,-3.9257049632265364,1.7253852169956134,3.794608074566587,4.197002733824019,18.0,0.6333333333333333,-1.7923079753900295,1.0,4.0,34.191424702053915,0.2361900855967437,0.2489895423358789,0.28362228988332533,0.22947264900707326,0.23663227217090782,4.0,0.22947264900707326,389.6259440569578,2.090258979566411,3.4781088460365326,3.1242880483476276,4.6503635646815615,3.2342526966695706,3.097607741652578,0.6688205967138676,-1.7029602306875573,1.0,2.6149392218587773,44.0,42.0,-4.307885178275317,-3.9257049632265364,1.7253852169956134,3.794608074566587,4.197002733824019,18.0,0.6333333333333333
CONTROL107_IZDA,345.48761096246636,1.31207411992315,1.2785748480313872,2.535245383777599,3.3707931016482156,0.9176029809584141,2.631340683506235,0.44324405498086755,-1.6528882143773955,1.0,42.0,42.0,-3.9226651268407675,-3.4443233488106344,1.4388291283954704,3.114184385921394,3.9109822784290853,26.0,0.6,-1.6816572495208468,1.0,4.0,29.723011296292533,0.22377388850153063,0.21859918361844768,0.22129608122982528,0.19948329729055392,0.19091120216653654,5.0,0.19948329729055392,345.48761096246636,1.31207411992315,1.2785748480313872,2.535245383777599,3.3707931016482156,0.9176029809584141,2.631340683506235,0.44324405498086755,-1.6528882143773955,1.0,2.3187087984058143,42.0,42.0,-3.9226651268407675,-3.4443233488106344,1.4388291283954704,3.114184385921394,3.9109822784290853,26.0,0.6
CONTROL108_DCHA,189.28554634781284,1.5396864604773088,1.3101120276607656,1.4995832196967551,1.3511061104198567,0.8131307825532068,1.1065885291694504,0.6557413214133672,-1.1828797515208314,1.0,32.0,32.0,-2.6122456968683823,-1.5936908769665648,1.2040679240057417,1.571785257186991,1.9930447374649956,34.0,0.40939597315436244,-0.995489161291327,0.0,8.0,18.72000813120041,0.12481030742194725,0.1343144243339035,0.15190601821608132,0.12648654142702978,0.13331412300102352,8.0,0.12648654142702978,189.28554634781284,1.5396864604773088,1.3101120276607656,1.4995832196967551,1.3511061104198567,0.8131307825532068,1.1065885291694504,0.6557413214133672,-1.1828797515208314,1.0,1.2789563942419786,32.0,32.0,-2.6122456968683823,-1.5936908769665648,1.2040679240057417,1.571785257186991,1.9930447374649956,34.0,0.40939597315436244
CONTROL108_IZDA,170.167428260946,1.075982462085036,0.8910097113078085,1.1913511916623136,1.1805654347329064,0.9059791622073294,1.1151432824296228,0.7503669896070456,-1.2010227787039296,1.0,32.0,28.0,-1.9479832248589428,-1.3480383536835263,0.5835083420816194,1.2289001385608191,2.1018853852089756,43.0,0.43333333333333335,-1.5145965527082308,1.0,9.0,17.03366181349609,0.11629830809499818,0.12336724792884413,0.14428529810946805,0.11431987794292676,0.12347580058154385,9.0,0.11431987794292676,170.167428260946,1.075982462085036,0.8910097113078085,1.1913511916623136,1.1805654347329064,0.9059791622073294,1.1151432824296228,0.7503669896070456,-1.2010227787039296,1.0,1.1420632769191006,32.0,28.0,-1.9479832248589428,-1.3480383536835263,0.5835083420816194,1.2289001385608191,2.1018853852089756,43.0,0.43333333333333335
CONTROL109_DCHA,108.34237990427565,0.41176409129948877,0.13562743609260527,0.6833783941768253,0.5198127917542646,0.24653741025965412,0.6476648679438757,0.44324405498086755,-0.9901363407831836,1.0,28.0,28.0,-1.6185877328819076,-0.506427242819641,0.1149271209940136,0.6054750797730769,1.3550101975726794,73.0,0.46,-1.5117758498096399,1.0,5.0,10.293609144138674,0.09297870130804829,0.07881914501323385,0.07384183842495413,0.06908462512844749,0.06187680503552308,6.0,0.06908462512844749,108.34237990427565,0.41176409129948877,0.13562743609260527,0.6833783941768253,0.5198127917542646,0.24653741025965412,0.6476648679438757,0.44324405498086755,-0.9901363407831836,1.0,0.7271300664716487,28.0,28.0,-1.6185877328819076,-0.506427242819641,0.1149271209940136,0.6054750797730769,1.3550101975726794,73.0,0.46
CONTROL109_IZDA,87.17245828276748,0.4249829062460945,0.19251710760655336,0.48224967823734727,0.34768707620778244,0.20325662979310058,0.4644451724655938,1.266232301881725,-0.7472577700412284,0.0,28.0,28.0,-1.0899948486092432,-0.25157087409836076,0.10957117341461871,0.5810610279890484,0.8649667229285245,90.0,0.4066666666666667,-1.4049700869203596,1.0,16.0,7.7027549337710255,0.06535100056841822,0.061766290006142435,0.05471151730642673,0.051696341837389435,0.04301910516251431,8.0,0.051696341837389435,87.17245828276748,0.4249829062460945,0.19251710760655336,0.48224967823734727,0.34768707620778244,0.20325662979310058,0.4644451724655938,1.266232301881725,-0.7472577700412284,0.0,0.5850500555890434,28.0,28.0,-1.0899948486092432,-0.25157087409836076,0.10957117341461871,0.5810610279890484,0.8649667229285245,90.0,0.4066666666666667
CONTROL10_DCHA,212.99521985826823,1.1921239927013836,0.6558374767097004,1.2752916731594623,0.9528542007405756,0.6377406294596832,1.3622114631682676,1.2685370421879552,-0.6510737622214449,1.0,30.0,30.0,-2.2388024718887873,-1.1982244461356073,0.08964816900588234,0.8126074015146663,2.245604671463022,60.0,0.3724137931034483,-1.5447502757110976,0.0,6.0,18.143432510088005,0.14614524165703913,0.14458178902635022,0.16805263379932492,0.12599605909783337,0.13406942226523477,8.0,0.12599605909783337,212.99521985826823,1.1921239927013836,0.6558374767097004,1.2752916731594623,0.9528542007405756,0.6377406294596832,1.3622114631682676,1.2685370421879552,-0.6510737622214449,1.0,1.4791334712379738,30.0,30.0,-2.2388024718887873,-1.1982244461356073,0.08964816900588234,0.8126074015146663,2.245604671463022,60.0,0.3724137931034483
CONTROL10_IZDA,96.8659582376398,0.6051328769330773,0.19871566126449106,0.561969317117934,0.27192338375759156,0.21691685222245344,0.5061487230038809,0.8907721113829654,-0.3274216946961155,1.0,20.0,20.0,-1.1105484823834522,-0.15305152496776026,0.09658355860526488,0.33903019107640187,1.2068367873507322,84.0,0.3691275167785235,-1.5920499171210403,1.0,11.0,9.81189093668967,0.08698425085089423,0.0789820949349959,0.0869251191651779,0.06629656038303831,0.06689356373947163,8.0,0.06629656038303831,96.8659582376398,0.6051328769330773,0.19871566126449106,0.561969317117934,0.27192338375759156,0.21691685222245344,0.5061487230038809,0.8907721113829654,-0.3274216946961155,1.0,0.6544997178218905,20.0,20.0,-1.1105484823834522,-0.15305152496776026,0.09658355860526488,0.33903019107640187,1.2068367873507322,84.0,0.3691275167785235
CONTROL110_DCHA,136.35201974405555,0.8415200848721329,0.7239148657320882,0.9172561301656281,0.8760608632744529,0.7169248981290035,0.8893727270367764,0.512018066365547,-1.122938112515715,1.0,26.0,24.0,-1.8578713829392712,-1.239988440184268,0.4177182714300936,0.9862022034140551,1.8479695294517948,57.0,0.43333333333333335,-1.6155189567691224,1.0,7.0,14.939128574564043,0.12683528766895866,0.12231216880106364,0.1431312927864878,0.10026260788298015,0.10464391394339054,7.0,0.10026260788298015,136.35201974405555,0.8415200848721329,0.7239148657320882,0.9172561301656281,0.8760608632744529,0.7169248981290035,0.8893727270367764,0.512018066365547,-1.122938112515715,1.0,0.9151142264701715,26.0,24.0,-1.8578713829392712,-1.239988440184268,0.4177182714300936,0.9862022034140551,1.8479695294517948,57.0,0.43333333333333335
CONTROL110_IZDA,127.11341870250757,0.7714294117798786,0.39105368217655573,0.7872511255404483,0.5898215412589839,0.37651359682629915,0.7538047298537928,0.8146102047472453,-0.7103751040631434,1.0,22.0,22.0,-1.8952270486949123,-0.7631840918081226,0.2015451415460488,0.5383052778093641,1.591270802073586,74.0,0.4066666666666667,-1.601101127405333,1.0,6.0,13.408574344341346,0.13193405421502943,0.1142276079160325,0.12640056564768437,0.08999043184121709,0.08925434213239421,6.0,0.08999043184121709,127.11341870250757,0.7714294117798786,0.39105368217655573,0.7872511255404483,0.5898215412589839,0.37651359682629915,0.7538047298537928,0.8146102047472453,-0.7103751040631434,1.0,0.853110192634279,22.0,22.0,-1.8952270486949123,-0.7631840918081226,0.2015451415460488,0.5383052778093641,1.591270802073586,74.0,0.4066666666666667
CONTROL11_DCHA,148.10480424702848,0.9924416797085563,0.38686095534418197,0.8897230931767854,0.5054443937166013,0.4667668547555625,0.7889967913504989,0.719071715263458,-0.46729341659282886,1.0,20.0,22.0,-1.7028863796832494,-0.27946092213535784,0.18188672396202676,0.6553425051746677,1.8645854803543125,76.0,0.38,-1.795108956184372,1.0,8.0,14.973918878603213,0.12373553967390705,0.11670831786023936,0.153239064807724,0.1004960998563974,0.1173482272981506,8.0,0.1004960998563974,148.10480424702848,0.9924416797085563,0.38686095534418197,0.8897230931767854,0.5054443937166013,0.4667668547555625,0.7889967913504989,0.719071715263458,-0.46729341659282886,1.0,0.9939919748122718,20.0,22.0,-1.7028863796832494,-0.27946092213535784,0.18188672396202676,0.6553425051746677,1.8645854803543125,76.0,0.38
CONTROL11_IZDA,223.3358419139909,1.4852782009904095,0.7642039400263196,1.3843126345374457,0.9358090574909164,0.7106440854931244,1.267228739984553,0.8041651422694376,-0.7471138636118888,1.0,24.0,22.0,-3.4978313693459966,-0.5620847615116228,0.21029396127727285,0.8512545521789859,2.769644951592581,67.0,0.42,-1.7263934640363312,1.0,7.0,21.628828257683164,0.18023578710983626,0.17356299748267962,0.21611723256485518,0.14515992119250445,0.16206518178099333,7.0,0.14515992119250445,223.3358419139909,1.4852782009904095,0.7642039400263196,1.3843126345374457,0.9358090574909164,0.7106440854931244,1.267228739984553,0.8041651422694376,-0.7471138636118888,1.0,1.4988982678791334,24.0,22.0,-3.4978313693459966,-0.5620847615116228,0.21029396127727285,0.8512545521789859,2.769644951592581,67.0,0.42
CONTROL12_DCHA,132.35194821928962,0.9193611643483316,0.9467261219331342,1.006412941353819,1.0853313111849474,0.6284414152067364,0.8819187469077344,0.7235427425475475,-1.3670080582109645,1.0,32.0,32.0,-1.8747746630889972,-0.9588071206325779,0.6563759750149801,1.1084905209529883,1.6097217126529668,58.0,0.47333333333333333,-1.6484419346794912,1.0,5.0,12.869876272195807,0.10036373104989814,0.10339983807939038,0.12103880012399314,0.0863750085382269,0.08901521460821928,5.0,0.0863750085382269,132.35194821928962,0.9193611643483316,0.9467261219331342,1.006412941353819,1.0853313111849474,0.6284414152067364,0.8819187469077344,0.7235427425475475,-1.3670080582109645,1.0,0.8882681088542927,32.0,32.0,-1.8747746630889972,-0.9588071206325779,0.6563759750149801,1.1084905209529883,1.6097217126529668,58.0,0.47333333333333333
CONTROL12_IZDA,190.14795509262174,1.1324988431438683,1.254736428569818,1.362894785205866,1.5838460471294438,1.0557264373440531,1.353073005412014,0.7171674270071108,-1.34641132614551,1.0,38.0,36.0,-2.3022767972881373,-1.4277009392211022,0.8342387246475986,1.4608353373663117,2.092940627301871,40.0,0.4866666666666667,-1.5293981105582573,1.0,5.0,16.658444507213005,0.129496575447952,0.12753986593441238,0.13775859129826254,0.11180164098800674,0.11029144295869674,6.0,0.11180164098800674,190.14795509262174,1.1324988431438683,1.254736428569818,1.362894785205866,1.5838460471294438,1.0557264373440531,1.353073005412014,0.7171674270071108,-1.34641132614551,1.0,1.276160772433703,38.0,36.0,-2.3022767972881373,-1.4277009392211022,0.8342387246475986,1.4608353373663117,2.092940627301871,40.0,0.4866666666666667
CONTROL13_DCHA,274.5848531879053,1.2970150417728503,0.8139213567487942,1.6211931417801027,1.445862603537038,0.747643515710426,1.7829608717147662,0.909906626521648,-1.250416064700587,1.0,66.0,66.0,-1.7045875940738682,-1.2964997102560014,0.3852662659366446,1.2022308966659188,1.687102513527676,52.0,0.44666666666666666,-1.3700037829896141,1.0,3.0,13.680280479055066,0.09050531061685693,0.09045187510541977,0.06476968055206465,0.09181396294667829,0.08048342916993478,4.0,0.09181396294667829,274.5848531879053,1.2970150417728503,0.8139213567487942,1.6211931417801027,1.445862603537038,0.747643515710426,1.7829608717147662,0.909906626521648,-1.250416064700587,1.0,1.8428513636772168,66.0,66.0,-1.7045875940738682,-1.2964997102560014,0.3852662659366446,1.2022308966659188,1.687102513527676,52.0,0.44666666666666666
CONTROL13_IZDA,278.0325579638491,1.3676263050440363,0.9560611202583268,1.8044376355520348,1.9669332041865248,1.1227831262957886,1.9745287904770765,0.8865879079486066,-1.4517083090608234,1.0,60.0,58.0,-1.8987646163116414,-1.5254307286404958,0.42291376571461253,1.5961085105552542,2.1946247543398973,37.0,0.47333333333333333,-1.514420018053524,1.0,3.0,16.34372891362522,0.10091001071124238,0.10899623374472843,0.10184698597708697,0.10968945579614242,0.10682466386868694,3.0,0.10968945579614242,278.0325579638491,1.3676263050440363,0.9560611202583268,1.8044376355520348,1.9669332041865248,1.1227831262957886,1.9745287904770765,0.8865879079486066,-1.4517083090608234,1.0,1.8659903219050276,60.0,58.0,-1.8987646163116414,-1.5254307286404958,0.42291376571461253,1.5961085105552542,2.1946247543398973,37.0,0.47333333333333333
CONTROL14_DCHA,178.79225824360933,1.2593354377854336,1.3466868089853263,1.2926763640942336,1.361288795194264,1.2244548853968231,1.1971715194085082,0.39940490206823875,-1.293277216321886,1.0,32.0,30.0,-2.338730156960874,-1.407892652985719,0.53364641629228,1.5881486246872276,2.158176116989832,50.0,0.48,-1.7162234209359226,1.0,6.0,16.833790195641175,0.10300932605678947,0.12516804758628403,0.1611415817911599,0.11297845768886694,0.12876934941278192,6.0,0.11297845768886694,178.79225824360933,1.2593354377854336,1.3466868089853263,1.2926763640942336,1.361288795194264,1.2244548853968231,1.1971715194085082,0.39940490206823875,-1.293277216321886,1.0,1.1999480419034183,32.0,30.0,-2.338730156960874,-1.407892652985719,0.53364641629228,1.5881486246872276,2.158176116989832,50.0,0.48
CONTROL14_IZDA,191.83412799294206,1.2238343809648085,1.3025185937481378,1.4146275702970834,1.5526750748774418,1.4111766109091688,1.3230506746685693,0.3522258876235753,-1.3655558192523052,1.0,34.0,32.0,-2.2563812535057557,-1.5637431533080164,0.7909361457425469,1.555876675008541,2.274215888061474,42.0,0.5167785234899329,-1.7356104013867188,1.0,6.0,17.859102223055963,0.11197981433791956,0.13162017642983945,0.15583990653951882,0.12066960961524299,0.1297767166982126,5.0,0.12066960961524299,191.83412799294206,1.2238343809648085,1.3025185937481378,1.4146275702970834,1.5526750748774418,1.4111766109091688,1.3230506746685693,0.3522258876235753,-1.3655558192523052,1.0,1.2961765404928518,34.0,32.0,-2.2563812535057557,-1.5637431533080164,0.7909361457425469,1.555876675008541,2.274215888061474,42.0,0.5167785234899329
CONTROL15_DCHA,88.44955890326969,0.5931923396962958,0.42595968943302975,0.6409447540747212,0.5904020339843845,0.303008825166919,0.5444274647473468,0.8475314168221263,-1.1377026132260695,1.0,28.0,28.0,-1.2529803946154205,-0.7065569586928241,0.3821137592670768,0.6580544733487035,1.1020899192637956,84.0,0.4266666666666667,-1.5310855230088418,1.0,6.0,8.884799794362037,0.07707249918278594,0.07141985599436945,0.07561859417557044,0.059629528821221724,0.05754019040496053,6.0,0.059629528821221724,88.44955890326969,0.5931923396962958,0.42595968943302975,0.6409447540747212,0.5904020339843845,0.303008825166919,0.5444274647473468,0.8475314168221263,-1.1377026132260695,1.0,0.5936212006930852,28.0,28.0,-1.2529803946154205,-0.7065569586928241,0.3821137592670768,0.6580544733487035,1.1020899192637956,84.0,0.4266666666666667
CONTROL15_IZDA,135.5195785709892,0.9013469666737086,0.9453054935682329,0.9665264711053309,1.0430057148788558,0.7349458735189824,0.9245018905547308,0.551001985764301,-1.3579126181612016,1.0,34.0,34.0,-1.6086104269726993,-1.1784480409653484,0.3991629807289358,1.1103186164223673,1.4849517595493062,56.0,0.48,-1.7166469125282384,1.0,5.0,12.162658740870917,0.09344798323937153,0.09787125804030342,0.11242583901099122,0.08162858215349608,0.0829973748778705,5.0,0.08162858215349608,135.5195785709892,0.9013469666737086,0.9453054935682329,0.9665264711053309,1.0430057148788558,0.7349458735189824,0.9245018905547308,0.551001985764301,-1.3579126181612016,1.0,0.9095273729596591,34.0,34.0,-1.6086104269726993,-1.1784480409653484,0.3991629807289358,1.1103186164223673,1.4849517595493062,56.0,0.48
CONTROL16_DCHA,143.8514843009019,0.968144917015289,0.6659278568003327,0.9477852972497581,0.7684304369760244,0.6805050214196985,0.8608843655122373,0.49377735108765375,-0.8679973232637059,1.0,22.0,22.0,-2.022346872601414,-0.8884990711652664,0.3251980229230007,1.0606143400161647,1.9529943962974552,60.0,0.4,-1.7777715850528815,1.0,7.0,15.879743774390919,0.10847201375817789,0.12188799967902447,0.1679208519482013,0.10657546157309342,0.13051856372543413,8.0,0.10657546157309342,143.8514843009019,0.968144917015289,0.6659278568003327,0.9477852972497581,0.7684304369760244,0.6805050214196985,0.8608843655122373,0.49377735108765375,-0.8679973232637059,1.0,0.9654462033617577,22.0,22.0,-2.022346872601414,-0.8884990711652664,0.3251980229230007,1.0606143400161647,1.9529943962974552,60.0,0.4
CONTROL16_IZDA,154.68542218488636,1.0352898407795665,0.7480320449246303,1.0102050497599377,0.8119791513310625,0.676028356618811,0.9239597597367166,0.5813051351994415,-0.743575415972793,1.0,22.0,22.0,-2.0804896448169443,-0.8195374844637898,0.30973167320613454,1.0562717466335814,1.902560255500497,60.0,0.38666666666666666,-1.7358230939407515,1.0,8.0,16.544931938962524,0.115749368589423,0.1254188509415374,0.16315939328271586,0.11103981167088942,0.129693115480563,8.0,0.11103981167088942,154.68542218488636,1.0352898407795665,0.7480320449246303,1.0102050497599377,0.8119791513310625,0.676028356618811,0.9239597597367166,0.5813051351994415,-0.743575415972793,1.0,1.0381571958717206,22.0,22.0,-2.0804896448169443,-0.8195374844637898,0.30973167320613454,1.0562717466335814,1.902560255500497,60.0,0.38666666666666666
CONTROL17_DCHA,170.12350324709718,0.929687948079447,0.8311042877459471,1.2480440574087344,1.3971221184524871,0.7347044804171424,1.1803569833200533,0.972660018120323,-1.3126210852604965,1.0,30.0,30.0,-2.6305503419032616,-1.4997200433135953,0.36222200151448347,1.3727783493552432,2.4422766110890537,54.0,0.5133333333333333,-1.7613040315716488,1.0,6.0,16.869351265129467,0.14332706393740474,0.13781289124873322,0.15392555973475897,0.11321712258476152,0.11264514048584756,6.0,0.11321712258476152,170.12350324709718,0.929687948079447,0.8311042877459471,1.2480440574087344,1.3971221184524871,0.7347044804171424,1.1803569833200533,0.972660018120323,-1.3126210852604965,1.0,1.1417684781684374,30.0,30.0,-2.6305503419032616,-1.4997200433135953,0.36222200151448347,1.3727783493552432,2.4422766110890537,54.0,0.5133333333333333
CONTROL17_IZDA,173.20428996018143,0.8226883622574815,0.8673476999472209,1.3103844925245676,1.2728522995871445,0.7959967166779875,1.0089790350423915,1.17329012461772,-1.2868164238526847,1.0,32.0,40.0,-2.274357480218192,-1.2413784667354784,0.804241913646967,1.4921783702389377,1.9489464414229993,47.0,0.5266666666666666,-1.7531189028465828,1.0,4.0,15.62768044018004,0.1330163520739144,0.12349600409953451,0.12113262333436321,0.1048837613434902,0.09524066181768463,5.0,0.1048837613434902,173.20428996018143,0.8226883622574815,0.8673476999472209,1.3103844925245676,1.2728522995871445,0.7959967166779875,1.0089790350423915,1.17329012461772,-1.2868164238526847,1.0,1.1624448990616203,32.0,40.0,-2.274357480218192,-1.2413784667354784,0.804241913646967,1.4921783702389377,1.9489464414229993,47.0,0.5266666666666666
CONTROL18_DCHA,117.61468148474245,0.8093105692938407,0.6600494800142048,0.8925905091220673,0.801467436190403,0.4564927798477429,0.6950451145628492,0.7486683018223428,-1.1675174790623513,1.0,30.0,30.0,-1.6097264021011577,-0.8218093511389387,0.6136912901585939,1.0371063123511728,1.397158602812856,63.0,0.43333333333333335,-1.5500647590428926,1.0,7.0,11.800788287573276,0.09687765139692125,0.08998575261847154,0.09741374279391801,0.07919992139310923,0.07920768136751523,6.0,0.07919992139310923,117.61468148474245,0.8093105692938407,0.6600494800142048,0.8925905091220673,0.801467436190403,0.4564927798477429,0.6950451145628492,0.7486683018223428,-1.1675174790623513,1.0,0.7893602784210902,30.0,30.0,-1.6097264021011577,-0.8218093511389387,0.6136912901585939,1.0371063123511728,1.397158602812856,63.0,0.43333333333333335
CONTROL18_IZDA,173.91427269468193,1.1049071258766934,1.4530876712660794,1.3445502338345958,1.6949798277714099,1.0505208845763057,1.2710157821278802,1.0910739968920322,-1.5799383621143785,1.0,38.0,40.0,-2.088231841848574,-1.5886916381515206,0.9931318187621314,1.4417187575319494,1.903124990634568,34.0,0.5266666666666666,-1.7571261631622566,1.0,4.0,15.701585008411254,0.10542977625922575,0.11560179469553486,0.1346853312223306,0.10537976515712251,0.1108669157730381,5.0,0.10537976515712251,173.91427269468193,1.1049071258766934,1.4530876712660794,1.3445502338345958,1.6949798277714099,1.0505208845763057,1.2710157821278802,1.0910739968920322,-1.5799383621143785,1.0,1.1672098838569256,38.0,40.0,-2.088231841848574,-1.5886916381515206,0.9931318187621314,1.4417187575319494,1.903124990634568,34.0,0.5266666666666666
CONTROL19_DCHA,163.29437684259287,1.0834174526063014,1.3825534246238729,1.2817601117525022,1.5781284391067492,1.1453279834115864,1.1683233143602638,0.33025221356194573,-1.6041273954129982,1.0,38.0,40.0,-1.9826260833012541,-1.5752909981892311,0.9614216943386363,1.4677427865104928,1.7650367895973746,36.0,0.5266666666666666,-1.6766085932751542,1.0,4.0,14.798876364988889,0.09838145965307551,0.10690564600723415,0.12520863750037614,0.09932131788583147,0.10512255268277798,4.0,0.09932131788583147,163.29437684259287,1.0834174526063014,1.3825534246238729,1.2817601117525022,1.5781284391067492,1.1453279834115864,1.1683233143602638,0.33025221356194573,-1.6041273954129982,1.0,1.0959354150509588,38.0,40.0,-1.9826260833012541,-1.5752909981892311,0.9614216943386363,1.4677427865104928,1.7650367895973746,36.0,0.5266666666666666
CONTROL20_DCHA,224.20044733337744,1.2811753648833535,1.7036850123518756,1.7005285553055105,2.244273071730033,1.493718654010075,1.703086045061192,1.3939349704863593,-1.5922474810056761,1.0,42.0,44.0,-2.382912185051984,-1.8170185969888568,1.0557386396426893,1.9473970002782228,2.3982808585463795,29.0,0.5436241610738255,-1.6564521346392351,1.0,4.0,18.712897400912755,0.12715217654976266,0.13390732346799036,0.15151315590553063,0.1264384959521132,0.13194976485358081,4.0,0.1264384959521132,224.20044733337744,1.2811753648833535,1.7036850123518756,1.7005285553055105,2.244273071730033,1.493718654010075,1.703086045061192,1.3939349704863593,-1.5922474810056761,1.0,1.5148678873876853,42.0,44.0,-2.382912185051984,-1.8170185969888568,1.0557386396426893,1.9473970002782228,2.3982808585463795,29.0,0.5436241610738255
CONTROL20_IZDA,208.73327931004457,1.2225581974150448,1.2968890003992743,1.5401991083260107,1.7995157931983745,1.106348307582012,1.536564996553561,0.9694023669389148,-1.5701032388948315,1.0,44.0,42.0,-2.192592162471797,-1.6009797755646171,0.7284401492549054,1.725513140047323,2.0424977146975385,36.0,0.5379310344827586,-1.6717571238143756,1.0,4.0,16.23363141746364,0.11287706619390706,0.12169587949432199,0.13843499227640405,0.11273355151016418,0.11692093643522072,4.0,0.11273355151016418,208.73327931004457,1.2225581974150448,1.2968890003992743,1.5401991083260107,1.7995157931983745,1.106348307582012,1.536564996553561,0.9694023669389148,-1.5701032388948315,1.0,1.4495366618753094,44.0,42.0,-2.192592162471797,-1.6009797755646171,0.7284401492549054,1.725513140047323,2.0424977146975385,36.0,0.5379310344827586
CONTROL21_DCHA,199.10643492955575,1.2391971233151542,1.3351333133490357,1.4018904433557793,1.5902512182141315,1.224408224434784,1.4020856349775697,0.6307419692222743,-1.351053064164437,1.0,42.0,42.0,-1.977577001302507,-1.3907989543347359,0.6439507084588022,1.3090271039009704,1.9762005292685716,43.0,0.4666666666666667,-1.5446850118211268,1.0,4.0,15.349674551584474,0.10793726249009702,0.11827998762501292,0.1289237445128748,0.10301795001063406,0.1010743051612766,5.0,0.10301795001063406,199.10643492955575,1.2391971233151542,1.3351333133490357,1.4018904433557793,1.5902512182141315,1.224408224434784,1.4020856349775697,0.6307419692222743,-1.351053064164437,1.0,1.336284798184938,42.0,42.0,-1.977577001302507,-1.3907989543347359,0.6439507084588022,1.3090271039009704,1.9762005292685716,43.0,0.4666666666666667
CONTROL21_IZDA,191.71160353176023,1.0788090536670136,1.0774879691146728,1.3406891855616567,1.594856578553562,1.2711606875352461,1.4038957057578278,0.6812018881451598,-1.45371143335747,1.0,46.0,46.0,-1.7870987905525417,-1.2965890589623768,0.4924881122103151,1.376021532147955,1.8061119773937833,47.0,0.5,-1.462150801420407,1.0,3.0,13.66689513290236,0.09728814756838006,0.10333390253937162,0.11307420110738846,0.09297207573402966,0.09233750452770013,6.0,0.09297207573402966,191.71160353176023,1.0788090536670136,1.0774879691146728,1.3406891855616567,1.594856578553562,1.2711606875352461,1.4038957057578278,0.6812018881451598,-1.45371143335747,1.0,1.3041605682432669,46.0,46.0,-1.7870987905525417,-1.2965890589623768,0.4924881122103151,1.376021532147955,1.8061119773937833,47.0,0.5
CONTROL22_DCHA,139.85017166471687,0.979203742089262,1.080161186642086,1.0275577690552955,1.1134961111067985,0.9096581297893376,0.9504183842797531,0.279154911744805,-1.270835168371728,1.0,28.0,30.0,-1.833089022011571,-0.9699075170211237,0.5441584394912229,1.2986981626991492,1.9477128267367776,53.0,0.46,-1.7007952019548567,1.0,6.0,14.274377423706698,0.10432572843130714,0.11090539775838347,0.13706762453413485,0.0958011907631322,0.10491998078508963,6.0,0.0958011907631322,139.85017166471687,0.979203742089262,1.080161186642086,1.0275577690552955,1.1134961111067985,0.9096581297893376,0.9504183842797531,0.279154911744805,-1.270835168371728,1.0,0.9385917561390393,28.0,30.0,-1.833089022011571,-0.9699075170211237,0.5441584394912229,1.2986981626991492,1.9477128267367776,53.0,0.46
CONTROL22_IZDA,135.73628723561546,0.8256959001957882,0.8833601439215129,0.9885069732280197,1.1122415542507817,0.9072975763727632,0.9448333746157669,0.4136474684219829,-1.3660180512838136,1.0,32.0,32.0,-1.6683112681676662,-1.0541516259624402,0.41964132671539756,1.1421509011568276,1.781534625346609,54.0,0.4866666666666667,-1.6717950946020357,1.0,5.0,12.889272114542408,0.09945892407258618,0.10318236634314312,0.1203860217054272,0.08650518197679469,0.08924569164909857,6.0,0.08650518197679469,135.73628723561546,0.8256959001957882,0.8833601439215129,0.9885069732280197,1.1122415542507817,0.9072975763727632,0.9448333746157669,0.4136474684219829,-1.3660180512838136,1.0,0.9109817935276205,32.0,32.0,-1.6683112681676662,-1.0541516259624402,0.41964132671539756,1.1421509011568276,1.781534625346609,54.0,0.4866666666666667
CONTROL23_DCHA,181.21616136446346,1.0987844415106713,0.9809011601694727,1.2757370045911323,1.3037695751942064,0.7744503910818553,1.2063645944561912,1.2260230591882066,-1.2557855306640224,1.0,30.0,30.0,-2.491460074588261,-1.2946660684810067,0.709164440712729,1.4734874436183556,2.308114450300422,47.0,0.5,-1.487211331255889,1.0,5.0,17.63247357668638,0.1554067338159292,0.13917015511555395,0.14645100355667307,0.11833874883682134,0.11401570617347528,5.0,0.11833874883682134,181.21616136446346,1.0987844415106713,0.9809011601694727,1.2757370045911323,1.3037695751942064,0.7744503910818553,1.2063645944561912,1.2260230591882066,-1.2557855306640224,1.0,1.2162158480836474,30.0,30.0,-2.491460074588261,-1.2946660684810067,0.709164440712729,1.4734874436183556,2.308114450300422,47.0,0.5
CONTROL23_IZDA,152.74778026272546,0.9389119135573524,0.783682203075619,1.111045776851618,1.1271554840686087,0.8252988081181051,0.9985186497284827,1.0942525833106074,-1.2334598343560035,1.0,30.0,32.0,-1.9468243500548488,-1.022403949786126,0.7266391027406174,1.2863574663734518,1.8501198901138458,49.0,0.4666666666666667,-1.576197110888015,1.0,8.0,15.066412629310278,0.11030058600095466,0.11104260318383613,0.12282356628437298,0.1011168632839616,0.10407189542761547,8.0,0.1011168632839616,152.74778026272546,0.9389119135573524,0.783682203075619,1.111045776851618,1.1271554840686087,0.8252988081181051,0.9985186497284827,1.0942525833106074,-1.2334598343560035,1.0,1.0251528876692984,30.0,32.0,-1.9468243500548488,-1.022403949786126,0.7266391027406174,1.2863574663734518,1.8501198901138458,49.0,0.4666666666666667
CONTROL24_DCHA,151.50567136413403,1.095888084941777,1.2893871135084214,1.1733652986879983,1.3248898780608533,0.7663726321213418,1.0322261478457446,0.6307419692222743,-1.3491889781697548,1.0,32.0,32.0,-2.208575864994854,-1.1720741446337988,0.7576482981731876,1.31520652469809,1.7266469818828067,49.0,0.4533333333333333,-1.6321085341839752,1.0,5.0,14.846971096365246,0.11083579506792864,0.11208247378409304,0.12723081970313507,0.09964410131788756,0.10300154356945754,6.0,0.09964410131788756,151.50567136413403,1.095888084941777,1.2893871135084214,1.1733652986879983,1.3248898780608533,0.7663726321213418,1.0322261478457446,0.6307419692222743,-1.3491889781697548,1.0,1.01681658633647,32.0,32.0,-2.208575864994854,-1.1720741446337988,0.7576482981731876,1.31520652469809,1.7266469818828067,49.0,0.4533333333333333
CONTROL24_IZDA,186.73395939309074,1.3416112319984168,1.7266682109574778,1.4487759587889955,1.717655184477789,1.2998800107344184,1.3147221471170698,0.49377735108765375,-1.4087161157781878,1.0,32.0,32.0,-2.764326144916315,-1.6099878921830302,0.9794436281155658,1.7497034773109577,2.4196878144280722,36.0,0.48,-1.7882769203110513,1.0,5.0,18.680175980744657,0.13363581733795446,0.1460335423296189,0.17985956390789115,0.12537030859560172,0.13518973092351433,6.0,0.12537030859560172,186.73395939309074,1.3416112319984168,1.7266682109574778,1.4487759587889955,1.717655184477789,1.2998800107344184,1.3147221471170698,0.49377735108765375,-1.4087161157781878,1.0,1.2532480496180587,32.0,32.0,-2.764326144916315,-1.6099878921830302,0.9794436281155658,1.7497034773109577,2.4196878144280722,36.0,0.48
CONTROL25_DCHA,64.37478821901432,0.4614614539850577,0.18239454005147235,0.4164707083400935,0.23060616536219755,0.18664757618138753,0.3176004367483642,1.1205087639155749,-0.357697219270225,0.0,18.0,18.0,-0.6965090936462858,-0.14348512898704324,0.21107077858846876,0.43163884291472104,0.8409946298613173,96.0,0.36,-1.4577116949604196,1.0,8.0,7.339014969912721,0.07214365710383734,0.06053762039946633,0.0673876413792579,0.049255134026259875,0.04980090278053018,8.0,0.049255134026259875,64.37478821901432,0.4614614539850577,0.18239454005147235,0.4164707083400935,0.23060616536219755,0.18664757618138753,0.3176004367483642,1.1205087639155749,-0.357697219270225,0.0,0.43204555851687465,18.0,18.0,-0.6965090936462858,-0.14348512898704324,0.21107077858846876,0.43163884291472104,0.8409946298613173,96.0,0.36
CONTROL25_IZDA,65.43708775007197,0.33676001021593377,0.17246768743483543,0.3499976502496428,0.2648107663784188,0.2350859284381719,0.41797510782542924,1.1268132629545398,-0.13242701059271234,0.0,20.0,20.0,-0.7034946956840429,-0.32400483095867516,-0.028891925408465257,0.2032832731292231,0.7912264100656097,101.0,0.35333333333333333,-1.5647726416843748,1.0,7.0,6.887397668163137,0.06233576340923479,0.05326982291180006,0.0577452409021681,0.046224145423913676,0.0466769328713612,7.0,0.046224145423913676,65.43708775007197,0.33676001021593377,0.17246768743483543,0.3499976502496428,0.2648107663784188,0.2350859284381719,0.41797510782542924,1.1268132629545398,-0.13242701059271234,0.0,0.4391750855709528,20.0,20.0,-0.7034946956840429,-0.32400483095867516,-0.028891925408465257,0.2032832731292231,0.7912264100656097,101.0,0.35333333333333333
CONTROL995_DCHA,179.2145444535327,1.1798710411302549,1.267014981403303,1.3779325983639266,1.5390010299776877,0.7750937766427999,1.2136946168036549,1.29097566642346,-1.350980685791601,1.0,32.0,32.0,-2.5642248376234407,-1.391236096974464,0.9568357330262061,1.5418550644418578,2.1548095554831193,42.0,0.47333333333333333,-1.5547629403065863,1.0,5.0,17.582325733321767,0.14202852510930417,0.1420399073590365,0.1570143266712976,0.11800218612967629,0.11584447314785917,6.0,0.11800218612967629,179.2145444535327,1.1798710411302549,1.267014981403303,1.3779325983639266,1.5390010299776877,0.7750937766427999,1.2136946168036549,1.29097566642346,-1.350980685791601,1.0,1.2027821775404879,32.0,32.0,-2.5642248376234407,-1.391236096974464,0.9568357330262061,1.5418550644418578,2.1548095554831193,42.0,0.47333333333333333
CONTROL995_IZDA,224.78556977476148,1.284719501506515,1.295626233162191,1.6935791109873128,2.0341023894846866,1.1758393264048872,1.6111673229630876,0.4937773510876538,-1.4862596833002268,1.0,36.0,38.0,-2.704508929079836,-2.0987293258086734,1.1525177399000248,2.12393277341119,2.548944042669332,33.0,0.54,-1.4847717689784379,1.0,4.0,20.771207002632643,0.1556673795897316,0.1559957118478431,0.17009965582168465,0.1394040738431721,0.13933894748981485,5.0,0.1394040738431721,224.78556977476148,1.284719501506515,1.295626233162191,1.6935791109873128,2.0341023894846866,1.1758393264048872,1.6111673229630876,0.4937773510876538,-1.4862596833002268,1.0,1.5086279850655133,36.0,38.0,-2.704508929079836,-2.0987293258086734,1.1525177399000248,2.12393277341119,2.548944042669332,33.0,0.54
CONTROL996_DCHA,94.71387248918327,0.5615903641642167,0.4149370080428329,0.6308769252955578,0.5717635040744631,0.44270460909399345,0.6030295526959094,0.879467470986795,-1.0997742363869194,1.0,26.0,28.0,-1.4596624913952443,-0.41635844749346773,0.16650983895880384,0.7839536068283555,1.3237686428851925,73.0,0.44666666666666666,-1.705153229803253,1.0,6.0,9.452337279785718,0.0850227154622812,0.07894602973535694,0.08900577047090383,0.0634385052334612,0.06322152271924879,6.0,0.0634385052334612,94.71387248918327,0.5615903641642167,0.4149370080428329,0.6308769252955578,0.5717635040744631,0.44270460909399345,0.6030295526959094,0.879467470986795,-1.0997742363869194,1.0,0.6356635737529078,26.0,28.0,-1.4596624913952443,-0.41635844749346773,0.16650983895880384,0.7839536068283555,1.3237686428851925,73.0,0.44666666666666666
CONTROL996_IZDA,151.89344931893322,0.8581170938947418,1.0343246650874764,1.1078937371098911,1.3693039027269758,1.0612589599963165,1.117045025667558,0.5874834163200875,-1.5285207264082807,1.0,38.0,38.0,-1.7969007061144604,-1.4129112591960111,0.7249627582543835,1.2873805765914466,1.6934407638554603,44.0,0.5333333333333333,-1.5432466530970166,1.0,5.0,13.998097557447075,0.09404473957087178,0.10224418392214951,0.11709306424371708,0.09394696347279916,0.09808975392940705,5.0,0.09394696347279916,151.89344931893322,0.8581170938947418,1.0343246650874764,1.1078937371098911,1.3693039027269758,1.0612589599963165,1.117045025667558,0.5874834163200875,-1.5285207264082807,1.0,1.0194191229458605,38.0,38.0,-1.7969007061144604,-1.4129112591960111,0.7249627582543835,1.2873805765914466,1.6934407638554603,44.0,0.5333333333333333
CONTROL997_DCHA,166.73373959409093,1.1344248030283763,0.9027491485078937,1.1598274139188671,1.0558117896191082,0.752210107671868,1.0406431741952342,0.46836961425566276,-1.0480406630176171,1.0,26.0,26.0,-2.1350875672333123,-1.0664096235352252,0.6815661542268697,1.2896411501785676,2.164876584269014,51.0,0.44,-1.6411054285585043,1.0,5.0,17.184208161104703,0.1415799849615914,0.1400487053786343,0.16575197078270287,0.11533025611479666,0.12130688062728263,7.0,0.11533025611479666,166.73373959409093,1.1344248030283763,0.9027491485078937,1.1598274139188671,1.0558117896191082,0.752210107671868,1.0406431741952342,0.46836961425566276,-1.0480406630176171,1.0,1.119018386537523,26.0,26.0,-2.1350875672333123,-1.0664096235352252,0.6815661542268697,1.2896411501785676,2.164876584269014,51.0,0.44
CONTROL997_IZDA,244.4511738511315,1.2419424886407604,1.214260844608662,1.5603897415901695,1.5678024861468174,1.110147043022258,1.6327132586073017,1.0703463095416874,-1.2920153314185772,1.0,38.0,34.0,-2.7108711426357877,-2.039833488959346,0.732905490900858,1.8688553132824612,2.5466247790515615,36.0,0.44666666666666666,-1.3429898298736789,1.0,5.0,20.867703685648493,0.17140766902103316,0.15646577582037996,0.15628118223931708,0.14005170258824493,0.1323833901410685,5.0,0.14005170258824493,244.4511738511315,1.2419424886407604,1.214260844608662,1.5603897415901695,1.5678024861468174,1.110147043022258,1.6327132586073017,1.0703463095416874,-1.2920153314185772,1.0,1.640611905041151,38.0,34.0,-2.7108711426357877,-2.039833488959346,0.732905490900858,1.8688553132824612,2.5466247790515615,36.0,0.44666666666666666
CONTROL998_DCHA,111.03805809592694,0.7646661125076384,0.8587607276292357,0.853391784520054,0.968009501166402,0.6416150509307604,0.7612369003977532,0.44324405498086755,-1.4245525297222512,1.0,34.0,34.0,-1.41829288504895,-0.9659644130371411,0.5517280950249128,0.8843922480270704,1.252372170264209,63.0,0.4866666666666667,-1.7020768531958257,1.0,5.0,10.41408380324473,0.07384780304656963,0.07834333699983398,0.08799593425029094,0.06989317988754852,0.07164848096144978,5.0,0.06989317988754852,111.03805809592694,0.7646661125076384,0.8587607276292357,0.853391784520054,0.968009501166402,0.6416150509307604,0.7612369003977532,0.44324405498086755,-1.4245525297222512,1.0,0.745221866415617,34.0,34.0,-1.41829288504895,-0.9659644130371411,0.5517280950249128,0.8843922480270704,1.252372170264209,63.0,0.4866666666666667
CONTROL998_IZDA,110.25245275042522,0.6707707290981191,0.7688974264606193,0.7761771116483357,0.8824667532106645,0.6396524605657276,0.7795271485031293,0.636408913095452,-1.386952474135802,1.0,36.0,36.0,-1.2823350684485073,-0.9848134586179098,0.3405220984724008,0.9489649661113009,1.2212431380427111,63.0,0.48,-1.750690283570154,1.0,5.0,9.911484302925704,0.07173207085528648,0.07441617166477868,0.0825269883701846,0.066520028878696,0.06748210639372836,6.0,0.066520028878696,110.25245275042522,0.6707707290981191,0.7688974264606193,0.7761771116483357,0.8824667532106645,0.6396524605657276,0.7795271485031293,0.636408913095452,-1.386952474135802,1.0,0.7399493473182901,36.0,36.0,-1.2823350684485073,-0.9848134586179098,0.3405220984724008,0.9489649661113009,1.2212431380427111,63.0,0.48
CONTROL999_DCHA,120.14197822923235,0.7899342924101305,0.6732621678092281,0.8331306684635338,0.8014999392328442,0.4849671831780539,0.7766473919223298,0.41764561734613204,-1.0866978128927551,1.0,26.0,26.0,-1.6515467888111286,-0.9429899356332678,0.38218595598224564,0.8569018043268404,1.4064796077543804,65.0,0.42,-1.658049990425128,1.0,6.0,12.351652114578913,0.10918234453604016,0.10182195897040279,0.11516221854860642,0.0828969940575766,0.08340023350410217,6.0,0.0828969940575766,120.14197822923235,0.7899342924101305,0.6732621678092281,0.8331306684635338,0.8014999392328442,0.4849671831780539,0.7766473919223298,0.41764561734613204,-1.0866978128927551,1.0,0.8063220015384721,26.0,26.0,-1.6515467888111286,-0.9429899356332678,0.38218595598224564,0.8569018043268404,1.4064796077543804,65.0,0.42
CONTROL999_IZDA,149.75932681157815,1.0261497481877202,0.853813556798257,1.012499575467013,0.9135343791360679,0.6665182176953,0.9420710923406742,0.48661032953355604,-1.0136220386018202,1.0,26.0,26.0,-1.925081701195541,-1.1708533363500373,0.43341294714795053,1.2782341127719892,1.8689237991819718,52.0,0.4,-1.642977609296374,1.0,7.0,15.637952580243578,0.11334154913419572,0.12136220557327938,0.1498270235633569,0.10495270188082938,0.1163353528177667,7.0,0.10495270188082938,149.75932681157815,1.0261497481877202,0.853813556798257,1.012499575467013,0.9135343791360679,0.6665182176953,0.9420710923406742,0.48661032953355604,-1.0136220386018202,1.0,1.00509615309784,26.0,26.0,-1.925081701195541,-1.1708533363500373,0.43341294714795053,1.2782341127719892,1.8689237991819718,52.0,0.4
ID01_DCHA,184.78259531626355,1.0790579010144903,1.2072906617592447,1.3041597339752897,1.5342721110769713,1.0303104690853193,1.3261449958366012,0.512018066365547,-1.5131983861316896,1.0,40.0,38.0,-2.0291094031137105,-1.6606203944921627,0.7952293986826277,1.3333045905814382,1.9603923206491236,37.0,0.5133333333333333,-1.5798496804003495,1.0,5.0,15.60572536019535,0.10997394747483659,0.11298725891750316,0.12190776371194327,0.10473641181339162,0.10591953886623322,5.0,0.10473641181339162,184.78259531626355,1.0790579010144903,1.2072906617592447,1.3041597339752897,1.5342721110769713,1.0303104690853193,1.3261449958366012,0.512018066365547,-1.5131983861316896,1.0,1.2401516464178761,40.0,38.0,-2.0291094031137105,-1.6606203944921627,0.7952293986826277,1.3333045905814382,1.9603923206491236,37.0,0.5133333333333333
ID01_IZDA,183.7469661580559,1.1434826238033513,1.2305784805774576,1.3673931348695043,1.5525020276797588,1.2728320985893686,1.2739124267129407,0.512018066365547,-1.4735494451116118,1.0,42.0,40.0,-1.9579116880351706,-1.3050410517446387,0.8136847146854645,1.3442965000019178,1.8557441256952942,39.0,0.5,-1.541973793074956,1.0,5.0,15.334360163118031,0.09467573676632922,0.10332774495893671,0.12317965950786348,0.1029151688799868,0.1137356385390118,5.0,0.1029151688799868,183.7469661580559,1.1434826238033513,1.2305784805774576,1.3673931348695043,1.5525020276797588,1.2728320985893686,1.2739124267129407,0.512018066365547,-1.4735494451116118,1.0,1.2332011151547375,42.0,40.0,-1.9579116880351706,-1.3050410517446387,0.8136847146854645,1.3442965000019178,1.8557441256952942,39.0,0.5
ID08_DCHA,161.11889077190023,0.8779601224964463,0.5193151140346425,0.9623789374906285,0.7612868931783513,0.713556462896913,1.003604438983094,1.2234347928994793,-0.7541735014596207,1.0,22.0,24.0,-2.075530476028739,-0.6981434225212326,0.14784288652729627,0.6648210684029328,2.514017329346363,67.0,0.4066666666666667,-1.5943376373900866,1.0,6.0,16.546022572036268,0.147511281531697,0.13687134515896326,0.1524242934442046,0.11104713135594811,0.11170117517366857,7.0,0.11104713135594811,161.11889077190023,0.8779601224964463,0.5193151140346425,0.9623789374906285,0.7612868931783513,0.713556462896913,1.003604438983094,1.2234347928994793,-0.7541735014596207,1.0,1.0813348373953036,22.0,24.0,-2.075530476028739,-0.6981434225212326,0.14784288652729627,0.6648210684029328,2.514017329346363,67.0,0.4066666666666667
ID08_IZDA,206.09131627650518,1.2492292178475972,0.9279068989896458,1.4115884472740694,1.247657901698913,0.9906894292459916,1.2760158220605864,0.7226319337443639,-1.1305643350803836,1.0,30.0,28.0,-3.101980884128884,-0.7993602951115613,0.49115425882260183,1.3978800227996502,2.7588062523279246,58.0,0.4866666666666667,-1.7245585298442663,1.0,8.0,19.576909985530495,0.15895384619569092,0.1536633774095366,0.1705142427129157,0.13138865762101004,0.13264646180508483,8.0,0.13138865762101004,206.09131627650518,1.2492292178475972,0.9279068989896458,1.4115884472740694,1.247657901698913,0.9906894292459916,1.2760158220605864,0.7226319337443639,-1.1305643350803836,1.0,1.383163196486612,30.0,28.0,-3.101980884128884,-0.7993602951115613,0.49115425882260183,1.3978800227996502,2.7588062523279246,58.0,0.4866666666666667
ID1000_DCHA,66.09306821468599,0.46720550577660785,0.40888886546876774,0.46331954941230125,0.4306391548213027,0.3037418184174584,0.41583756920880305,0.46836961425566276,-0.9960086491788527,1.0,26.0,20.0,-0.8864869025707104,-0.4964613088068436,0.3471743772630716,0.5631289696519581,0.7392188347270489,105.0,0.38666666666666666,-1.488963266776499,1.0,8.0,7.077428059505174,0.05068157690598843,0.054085560788420445,0.06310282474424954,0.04749951717788708,0.050476391845572295,8.0,0.04749951717788708,66.09306821468599,0.46720550577660785,0.40888886546876774,0.46331954941230125,0.4306391548213027,0.3037418184174584,0.41583756920880305,0.46836961425566276,-0.9960086491788527,1.0,0.4435776390247382,26.0,20.0,-0.8864869025707104,-0.4964613088068436,0.3471743772630716,0.5631289696519581,0.7392188347270489,105.0,0.38666666666666666
ID1000_IZDA,54.61627791947431,0.3904201199958153,0.2615975116242403,0.3935076682484552,0.32609172999813707,0.2538256567168855,0.3155494724058556,0.8819658120922939,-0.927803476316301,1.0,22.0,6.0,-0.6542703571395734,-0.34305361984719995,0.2741438677191334,0.5663968407634131,0.7161811337374682,128.0,0.4066666666666667,-1.0804110224366372,0.0,7.0,5.816415662214842,0.03307250564959438,0.03889443204815009,0.045127023625037614,0.03903634672627411,0.04307215525042526,16.0,0.03903634672627411,54.61627791947431,0.3904201199958153,0.2615975116242403,0.3935076682484552,0.32609172999813707,0.2538256567168855,0.3155494724058556,0.8819658120922939,-0.927803476316301,1.0,0.366552200801841,22.0,6.0,-0.6542703571395734,-0.34305361984719995,0.2741438677191334,0.5663968407634131,0.7161811337374682,128.0,0.4066666666666667
ID1001_IZDA,53.805099696232055,0.39353706535517513,0.22365389827647003,0.34988050211867117,0.2310135038802515,0.15988774245943815,0.2899821718626996,0.5371436256403422,-0.42790847774044494,0.0,18.0,20.0,-0.7162868302074803,-0.10054879679423603,0.1913078316770857,0.28255849351996454,0.596919676253121,113.0,0.37333333333333335,-1.7522682389938529,1.0,8.0,5.647459405941781,0.04067619468157791,0.043287716827662456,0.05352197132070211,0.03790241212041464,0.04259882289698873,8.0,0.03790241212041464,53.805099696232055,0.39353706535517513,0.22365389827647003,0.34988050211867117,0.2310135038802515,0.15988774245943815,0.2899821718626996,0.5371436256403422,-0.42790847774044494,0.0,0.36110805165256415,18.0,20.0,-0.7162868302074803,-0.10054879679423603,0.1913078316770857,0.28255849351996454,0.596919676253121,113.0,0.37333333333333335
ID1002_DCHA,79.75515337976593,0.5206943639348942,0.49683969371621944,0.5332347201467122,0.5292987074465841,0.406358218019699,0.5337555812580115,0.4501288989777695,-1.1441573208653524,1.0,26.0,26.0,-1.1216813523133036,-0.6919161092109317,0.24727366184652522,0.576375840133409,1.182148154718173,81.0,0.46,-1.4994262028900467,1.0,6.0,8.285867056691782,0.0727380688283135,0.06722842312918115,0.0759152168431108,0.05560984601806565,0.056223457108890755,6.0,0.05560984601806565,79.75515337976593,0.5206943639348942,0.49683969371621944,0.5332347201467122,0.5292987074465841,0.406358218019699,0.5337555812580115,0.4501288989777695,-1.1441573208653524,1.0,0.5352694857702411,26.0,26.0,-1.1216813523133036,-0.6919161092109317,0.24727366184652522,0.576375840133409,1.182148154718173,81.0,0.46
ID1002_IZDA,129.01858795291446,0.7238701694676222,0.6424192593322544,0.865181446094832,0.7801879008757993,0.5041941370273789,0.7958571149310603,1.0906442353908574,-1.2641096961429497,1.0,32.0,34.0,-1.5230531976773298,-1.0743872777592813,0.48862568881680707,0.9265137892896489,1.5367923976762485,60.0,0.48,-1.5779140609115678,1.0,5.0,11.862789328407835,0.09834761685300185,0.09137087820407089,0.09641156473229838,0.07961603576112641,0.07730262255062353,5.0,0.07961603576112641,129.01858795291446,0.7238701694676222,0.6424192593322544,0.865181446094832,0.7801879008757993,0.5041941370273789,0.7958571149310603,1.0906442353908574,-1.2641096961429497,1.0,0.8658965634423789,32.0,34.0,-1.5230531976773298,-1.0743872777592813,0.48862568881680707,0.9265137892896489,1.5367923976762485,60.0,0.48
ID1003_DCHA,120.94179306908279,0.5654636824188931,0.6688325563455805,0.8338757612630329,0.9135628209114366,0.6002687381252352,0.8343001029756494,1.2198322502457397,-1.5611467171531428,1.0,30.0,46.0,-0.9343261550042,-0.8341642137832227,0.37001367747306463,0.6869344067887886,0.9750448802189274,101.0,0.54,-1.1158549008308416,1.0,4.0,7.6100576123479025,0.048479283646626285,0.051396505985566,0.05220226369269101,0.05107421216340874,0.05126279917292844,4.0,0.05107421216340874,120.94179306908279,0.5654636824188931,0.6688325563455805,0.8338757612630329,0.9135628209114366,0.6002687381252352,0.8343001029756494,1.2198322502457397,-1.5611467171531428,1.0,0.8116898863696832,30.0,46.0,-0.9343261550042,-0.8341642137832227,0.37001367747306463,0.6869344067887886,0.9750448802189274,101.0,0.54
ID1003_IZDA,189.85528108487512,0.9006341910675426,1.0281351710097824,1.3680353441779627,1.6607478852779836,1.1556503075396407,1.3441039383501683,0.7240522710040127,-1.662793887385232,1.0,54.0,54.0,-1.6376408181140591,-1.292015840736058,0.6809420188765308,1.4193411513413434,1.644929209523184,40.0,0.5666666666666667,-1.5654680720086391,1.0,4.0,12.935646701398412,0.09125676676807944,0.09191576731126289,0.09456011280846165,0.08681642081475444,0.08496850094997029,3.0,0.08681642081475444,189.85528108487512,0.9006341910675426,1.0281351710097824,1.3680353441779627,1.6607478852779836,1.1556503075396407,1.3441039383501683,0.7240522710040127,-1.662793887385232,1.0,1.274196517348155,54.0,54.0,-1.6376408181140591,-1.292015840736058,0.6809420188765308,1.4193411513413434,1.644929209523184,40.0,0.5666666666666667
ID1004_DCHA,92.925713568047,0.4660551934834791,0.13375439195486652,0.5544012560075255,0.32601424335212664,0.19013200850881076,0.5156540619659595,0.7043912184664707,-0.7329493480777107,1.0,24.0,24.0,-1.3371905989422217,-0.11742835900995738,0.10999010597835428,0.31504932242607375,1.0432904911228296,84.0,0.44,-1.160678843995464,0.0,6.0,8.548104663418721,0.07945675074926568,0.06713651278617892,0.06312659579549895,0.05736982995583034,0.051025296149753735,7.0,0.05736982995583034,92.925713568047,0.4660551934834791,0.13375439195486652,0.5544012560075255,0.32601424335212664,0.19013200850881076,0.5156540619659595,0.7043912184664707,-0.7329493480777107,1.0,0.6236625071681007,24.0,24.0,-1.3371905989422217,-0.11742835900995738,0.10999010597835428,0.31504932242607375,1.0432904911228296,84.0,0.44
ID1004_IZDA,114.42322813971128,0.6538026610596404,0.420631385192034,0.7808306288786595,0.6290024518432958,0.43949517506200025,0.6720685831452743,0.8397357640220405,-0.8810937589342616,1.0,24.0,26.0,-1.5064559451167807,-0.5239666479727172,0.2614064518522459,0.7388279759431053,1.3613111783646377,73.0,0.4,-1.4558274183041604,1.0,5.0,10.922346172494281,0.09920742367621843,0.08595916562892872,0.08631035723744522,0.07330433672814954,0.06855692573691477,6.0,0.07330433672814954,114.42322813971128,0.6538026610596404,0.420631385192034,0.7808306288786595,0.6290024518432958,0.43949517506200025,0.6720685831452743,0.8397357640220405,-0.8810937589342616,1.0,0.7679411284544382,24.0,26.0,-1.5064559451167807,-0.5239666479727172,0.2614064518522459,0.7388279759431053,1.3613111783646377,73.0,0.4
ID101_IZDA,66.66376487614909,0.42877746440551484,0.2901177350554254,0.42927332378648286,0.352782310227029,0.1738750382178537,0.42400872422214536,0.7829236999620091,-0.8324059491024469,1.0,22.0,22.0,-0.9317598132931416,-0.3575449404123275,0.1951433777613826,0.3963818559738943,0.90765423073035,97.0,0.410958904109589,-1.5003792007765593,1.0,6.0,7.021290768180824,0.07107173414782099,0.061139774112768115,0.06420614560647205,0.048422694952971204,0.04568194781000971,6.0,0.048422694952971204,66.66376487614909,0.42877746440551484,0.2901177350554254,0.42927332378648286,0.352782310227029,0.1738750382178537,0.42400872422214536,0.7829236999620091,-0.8324059491024469,1.0,0.4597501025941316,22.0,22.0,-0.9317598132931416,-0.3575449404123275,0.1951433777613826,0.3963818559738943,0.90765423073035,97.0,0.410958904109589
ID102_DCHA,45.350854505792114,0.3419370701944425,0.29727230777901326,0.3249841457653489,0.2900901859388596,0.169853499851504,0.2752176220450418,0.3994049020682387,-0.912747696673399,1.0,14.0,4.0,-0.5975235020515819,-0.3793464874453118,0.29822435626168653,0.40475209868352086,0.6247398490772024,137.0,0.38,-1.4505981570377047,1.0,7.0,5.340251397409181,0.039539863365192024,0.03871263140828054,0.046671950257816903,0.035840613405430745,0.03983543065081194,7.0,0.035840613405430745,45.350854505792114,0.3419370701944425,0.29727230777901326,0.3249841457653489,0.2900901859388596,0.169853499851504,0.2752176220450418,0.3994049020682387,-0.912747696673399,1.0,0.3043681510455847,14.0,4.0,-0.5975235020515819,-0.3793464874453118,0.29822435626168653,0.40475209868352086,0.6247398490772024,137.0,0.38
ID102_IZDA,72.15280265581745,0.5234257255882789,0.4837449460394049,0.535565858471935,0.5235052257047291,0.3190756643482938,0.45637463688639135,0.8346857219996102,-1.088613688130481,1.0,26.0,26.0,-0.9804057729281198,-0.4448409598565616,0.3869026863382358,0.6295234471271088,0.9320899507525383,95.0,0.4266666666666667,-1.6496158692032765,1.0,6.0,7.704558300115073,0.056406706745386635,0.05750164277604098,0.07044044601998234,0.05170844496721525,0.05741461014005132,6.0,0.05170844496721525,72.15280265581745,0.5234257255882789,0.4837449460394049,0.535565858471935,0.5235052257047291,0.3190756643482938,0.45637463688639135,0.8346857219996102,-1.088613688130481,1.0,0.48424699769005003,26.0,26.0,-0.9804057729281198,-0.4448409598565616,0.3869026863382358,0.6295234471271088,0.9320899507525383,95.0,0.4266666666666667
ID103_DCHA,83.10716174982872,0.5912611119491431,0.3745715197781308,0.5662604385119949,0.4321565960496213,0.23606237011374004,0.4717137357926008,0.6057241315979808,-0.8651116515619126,1.0,24.0,22.0,-1.1849443466733907,-0.5008439412865331,0.35670986324485093,0.6004870323666225,1.029307313737016,83.0,0.4,-1.4431084406095007,1.0,6.0,9.064469735611045,0.08277220060172476,0.07279987661290924,0.07658060377123618,0.06083536735309426,0.05867374297451851,7.0,0.06083536735309426,83.10716174982872,0.5912611119491431,0.3745715197781308,0.5662604385119949,0.4321565960496213,0.23606237011374004,0.4717137357926008,0.6057241315979808,-0.8651116515619126,1.0,0.5577661862404613,24.0,22.0,-1.1849443466733907,-0.5008439412865331,0.35670986324485093,0.6004870323666225,1.029307313737016,83.0,0.4
ID103_IZDA,60.6895304615538,0.36271865709870177,0.22676182941351922,0.35789271548540935,0.2497941925020528,0.11801412279691123,0.3504047659657907,0.48661032953355604,-0.9363118876362,1.0,24.0,22.0,-0.8384975567497458,-0.4355564139520032,0.17657854329790315,0.30990915028886007,0.6405475156023372,107.0,0.4266666666666667,-1.302583701055857,1.0,6.0,6.054370116389093,0.05711486762681444,0.04906378529781821,0.0482284081370135,0.040633356485832835,0.03680112957109171,6.0,0.040633356485832835,60.6895304615538,0.36271865709870177,0.22676182941351922,0.35789271548540935,0.2497941925020528,0.11801412279691123,0.3504047659657907,0.48661032953355604,-0.9363118876362,1.0,0.40731228497687116,24.0,22.0,-0.8384975567497458,-0.4355564139520032,0.17657854329790315,0.30990915028886007,0.6405475156023372,107.0,0.4266666666666667
ID104_DCHA,281.345416656275,1.417783899103923,1.0033236078681758,1.769428572544948,1.7995153422295698,1.4387155986116003,1.9650899099084607,0.6057241315979808,-1.4652638466941172,1.0,54.0,56.0,-2.103337059448144,-1.7123296015764045,0.9966859039116444,1.7058870409867435,2.37377246601874,29.0,0.46,-1.5204177555213927,1.0,4.0,18.616238303034006,0.10510556691477599,0.12215388755221661,0.12174508988023629,0.12494119666465776,0.12623313259859473,8.0,0.12494119666465776,281.345416656275,1.417783899103923,1.0033236078681758,1.769428572544948,1.7995153422295698,1.4387155986116003,1.9650899099084607,0.6057241315979808,-1.4652638466941172,1.0,1.888224272860906,54.0,56.0,-2.103337059448144,-1.7123296015764045,0.9966859039116444,1.7058870409867435,2.37377246601874,29.0,0.46
ID104_IZDA,242.02029227038994,1.1403451874691384,0.9674455619657376,1.4420459805784267,1.4268683838025633,1.1649819397298502,1.574098805012432,0.7539272080879514,-1.4045544262451948,1.0,62.0,64.0,-1.6903737985991834,-1.0660399960564717,0.3290189270390855,1.3131513053532253,1.6959134946020382,48.0,0.49333333333333335,-1.5575212968375813,1.0,3.0,13.384109365596718,0.08138113602974024,0.08564315638377855,0.06503175181749,0.0898262373529981,0.08275292196689177,4.0,0.0898262373529981,242.02029227038994,1.1403451874691384,0.9674455619657376,1.4420459805784267,1.4268683838025633,1.1649819397298502,1.574098805012432,0.7539272080879514,-1.4045544262451948,1.0,1.624297263559664,62.0,64.0,-1.6903737985991834,-1.0660399960564717,0.3290189270390855,1.3131513053532253,1.6959134946020382,48.0,0.49333333333333335
ID105_DCHA,77.83034246573685,0.48226714044022323,0.2908580407303756,0.513700636399417,0.41368355050618416,0.3293169727444121,0.4659235723345274,0.9948449020461874,-0.7974346282167932,1.0,24.0,26.0,-1.0698480292009231,-0.24822014414560264,0.19013562508253443,0.4578900195344728,1.047850086235735,87.0,0.43333333333333335,-1.5323528437860376,1.0,7.0,7.716542532887992,0.03989821993243905,0.05341233917790943,0.0681627315002941,0.051788876059650955,0.06073399236217126,8.0,0.051788876059650955,77.83034246573685,0.48226714044022323,0.2908580407303756,0.513700636399417,0.41368355050618416,0.3293169727444121,0.4659235723345274,0.9948449020461874,-0.7974346282167932,1.0,0.5223512917163546,24.0,26.0,-1.0698480292009231,-0.24822014414560264,0.19013562508253443,0.4578900195344728,1.047850086235735,87.0,0.43333333333333335
ID105_IZDA,80.5052515304331,0.5284652446258663,0.3326965314904875,0.5190202162385006,0.3659163551352616,0.23278277179303583,0.4705907878178313,0.933752208930089,-0.7316066871731519,1.0,26.0,28.0,-0.9153590194120583,-0.34121507104295545,0.2979971274919601,0.5070038769104901,0.7768666030547924,102.0,0.37583892617449666,-1.555081481687324,1.0,7.0,7.047761379866769,0.03992738442025681,0.04932737352401526,0.058491875390820375,0.04762000932342411,0.052704305518299854,8.0,0.04762000932342411,80.5052515304331,0.5284652446258663,0.3326965314904875,0.5190202162385006,0.3659163551352616,0.23278277179303583,0.4705907878178313,0.933752208930089,-0.7316066871731519,1.0,0.5439544022326561,26.0,28.0,-0.9153590194120583,-0.34121507104295545,0.2979971274919601,0.5070038769104901,0.7768666030547924,102.0,0.37583892617449666
ID106_DCHA,108.26009009421793,0.6366992657784433,0.6927014174874611,0.7980920392848823,0.8746128021654229,0.7456293463511607,0.7362429029944041,0.619386097941283,-1.5149218542726803,1.0,36.0,36.0,-1.3243319454884412,-0.9466571390458871,0.453201515788545,0.9222983129361995,1.2408991750696643,65.0,0.5066666666666667,-1.6205725004714573,1.0,5.0,9.841054172703597,0.06326554179418492,0.0664685882347217,0.07532011559023945,0.06604734344096373,0.07071290252530069,5.0,0.06604734344096373,108.26009009421793,0.6366992657784433,0.6927014174874611,0.7980920392848823,0.8746128021654229,0.7456293463511607,0.7362429029944041,0.619386097941283,-1.5149218542726803,1.0,0.7265777858672344,36.0,36.0,-1.3243319454884412,-0.9466571390458871,0.453201515788545,0.9222983129361995,1.2408991750696643,65.0,0.5066666666666667
ID106_IZDA,97.32176311793461,0.49621498313068013,0.4811647719597556,0.6563988900395161,0.7145754048928757,0.341571620393803,0.6795069021895961,0.7799635761659304,-1.5575375762306072,1.0,34.0,38.0,-0.9422679096821487,-0.6866436723944267,0.4732465107289553,0.690191121003584,0.9333255349835167,101.0,0.5266666666666666,-1.570405636370919,1.0,4.0,7.664724191442852,0.04779631854243705,0.052572917974222796,0.05714590183977624,0.051441101955992295,0.053231913794905265,5.0,0.051441101955992295,97.32176311793461,0.49621498313068013,0.4811647719597556,0.6563988900395161,0.7145754048928757,0.341571620393803,0.6795069021895961,0.7799635761659304,-1.5575375762306072,1.0,0.65316619542238,34.0,38.0,-0.9422679096821487,-0.6866436723944267,0.4732465107289553,0.690191121003584,0.9333255349835167,101.0,0.5266666666666666
ID107_IZDA,59.99715856960109,0.37242506026572303,0.37205741369117257,0.393972967264114,0.395214977834917,0.2929166299007266,0.40704145395590335,0.6112833538206568,-0.9354624301344954,0.0,14.0,20.0,-0.7345087336979444,-0.5183282184893968,0.1777832657150255,0.41220048743035137,0.7484546453792388,122.0,0.4066666666666667,-1.5240079751703781,0.0,6.0,6.121007216233409,0.04908462061650778,0.045370597693730266,0.048755248529323635,0.04108058534384838,0.041579280567782054,6.0,0.04108058534384838,59.99715856960109,0.37242506026572303,0.37205741369117257,0.393972967264114,0.395214977834917,0.2929166299007266,0.40704145395590335,0.6112833538206568,-0.9354624301344954,0.0,0.40266549375571203,14.0,20.0,-0.7345087336979444,-0.5183282184893968,0.1777832657150255,0.41220048743035137,0.7484546453792388,122.0,0.4066666666666667
ID108_DCHA,107.3128527087515,0.6816345084480527,0.8009352411542295,0.8272396857760108,1.0026387392099758,0.8251854752770548,0.8100328232737877,0.48356208039682985,-1.428300825888174,1.0,34.0,34.0,-1.3478004009947062,-0.9611274608463042,0.4006790020302702,0.9961119476119797,1.3402722620601357,60.0,0.5208333333333334,-1.558412269609778,1.0,6.0,9.998107589891063,0.06954233347315304,0.07546961635741539,0.09199552578380751,0.0699168362929445,0.07682429036420532,5.0,0.0699168362929445,107.3128527087515,0.6816345084480527,0.8009352411542295,0.8272396857760108,1.0026387392099758,0.8251854752770548,0.8100328232737877,0.48356208039682985,-1.428300825888174,1.0,0.7504395294318287,34.0,34.0,-1.3478004009947062,-0.9611274608463042,0.4006790020302702,0.9961119476119797,1.3402722620601357,60.0,0.5208333333333334
ID108_IZDA,114.34881159822218,0.8298032418570416,1.0190315566074222,0.8818615684539318,1.0125947122279733,0.7362830296228552,0.789584905893419,0.279154911744805,-1.4866951139950817,1.0,36.0,34.0,-1.5460974189469794,-1.2351178214799703,0.5450944827481521,0.9562006596531899,1.403060466064951,58.0,0.5533333333333333,-1.745240507216957,1.0,6.0,10.823147588789642,0.06823562727810134,0.07817853704109554,0.09604580000016198,0.07263857442140699,0.08005212498607803,6.0,0.07263857442140699,114.34881159822218,0.8298032418570416,1.0190315566074222,0.8818615684539318,1.0125947122279733,0.7362830296228552,0.789584905893419,0.279154911744805,-1.4866951139950817,1.0,0.7674416885786723,36.0,34.0,-1.5460974189469794,-1.2351178214799703,0.5450944827481521,0.9562006596531899,1.403060466064951,58.0,0.5533333333333333
ID109_DCHA,42.30368034287866,0.24337856026859706,0.1269545126430443,0.2712850275302888,0.2056666412765666,0.12700082559372625,0.24701477605651617,1.0175566446081703,-0.5893400991609097,0.0,16.0,8.0,-0.4953934999606851,-0.14368564181398347,0.08439528479631625,0.27257638235614473,0.5260208836753117,135.0,0.36,-0.7213186890014955,0.0,11.0,4.437934594633445,0.019142401774419997,0.03085164931107264,0.04094149177399133,0.029784795937137214,0.03596313025865394,10.0,0.029784795937137214,42.30368034287866,0.24337856026859706,0.1269545126430443,0.2712850275302888,0.2056666412765666,0.12700082559372625,0.24701477605651617,1.0175566446081703,-0.5893400991609097,0.0,0.28391731773744067,16.0,8.0,-0.4953934999606851,-0.14368564181398347,0.08439528479631625,0.27257638235614473,0.5260208836753117,135.0,0.36
ID109_IZDA,31.43067936021467,0.18336183032862027,0.11644548480083648,0.20115543470048414,0.16415159014341502,0.11110128243698189,0.1875410583451088,2.257731433582858,-0.6898823718825686,0.0,0.0,0.0,-0.3023339479257031,-0.14537557105951066,0.10515847644095129,0.18564108245181343,0.2919074589047118,150.0,0.3933333333333333,0.25664345455452775,0.0,12.0,2.5750693832754283,0.014877967939986114,0.015726899153098235,0.016886416310054317,0.017282344854197506,0.01856695901584264,11.0,0.017282344854197506,31.43067936021467,0.18336183032862027,0.11644548480083648,0.20115543470048414,0.16415159014341502,0.11110128243698189,0.1875410583451088,2.257731433582858,-0.6898823718825686,0.0,0.21094415677996423,0.0,0.0,-0.3023339479257031,-0.14537557105951066,0.10515847644095129,0.18564108245181343,0.2919074589047118,150.0,0.3933333333333333
ID110_DCHA,30.574228718610243,0.22373879926492815,0.09758991389147569,0.20652001132351597,0.11968184567749007,0.10319533245839775,0.14946615165246646,0.7373124305413514,-0.3899407594330442,0.0,2.0,0.0,-0.3178613529501436,-0.0784566237765752,0.1764310903950562,0.2907124190902459,0.37979043703437027,149.0,0.3333333333333333,-1.4241825945770534,1.0,20.0,3.5013623608961115,0.02452703593420793,0.02604152094994585,0.02976753868601496,0.02349907624762491,0.024948900402529343,19.0,0.02349907624762491,30.574228718610243,0.22373879926492815,0.09758991389147569,0.20652001132351597,0.11968184567749007,0.10319533245839775,0.14946615165246646,0.7373124305413514,-0.3899407594330442,0.0,0.20519616589671305,2.0,0.0,-0.3178613529501436,-0.0784566237765752,0.1764310903950562,0.2907124190902459,0.37979043703437027,149.0,0.3333333333333333
ID110_IZDA,40.187327497390285,0.2504960887107732,0.16963901221338698,0.25762181132106515,0.1907076389295354,0.14738407057140393,0.23421776016534512,1.1821157537461568,-0.7326962988865633,0.0,2.0,2.0,-0.5635507462693707,-0.21564717393398292,0.11392000522490268,0.29120561401732736,0.44120234177327233,146.0,0.3933333333333333,1.8849985911856963,0.0,11.0,4.0316273152804705,0.02765962861918669,0.028352140157421823,0.034205428336427555,0.027057901444835372,0.030341943867100894,9.0,0.027057901444835372,40.187327497390285,0.2504960887107732,0.16963901221338698,0.25762181132106515,0.1907076389295354,0.14738407057140393,0.23421776016534512,1.1821157537461568,-0.7326962988865633,0.0,0.26971360736503547,2.0,2.0,-0.5635507462693707,-0.21564717393398292,0.11392000522490268,0.29120561401732736,0.44120234177327233,146.0,0.3933333333333333
ID111_DCHA,98.31696332262868,0.6888594131094673,0.5303985982968753,0.7042304979470332,0.6331048620440068,0.5013469588263203,0.6002383253294211,0.6307419692222743,-1.0137939059699703,1.0,26.0,28.0,-1.3252778478570006,-0.5496495355858328,0.352245057603657,0.8984967543425457,1.136037425154084,74.0,0.42,-1.4500920732780822,1.0,7.0,9.882123529640367,0.05287374241624362,0.06537289417030558,0.0890950615827383,0.06632297670899576,0.0814001859749151,7.0,0.06632297670899576,98.31696332262868,0.6888594131094673,0.5303985982968753,0.7042304979470332,0.6331048620440068,0.5013469588263203,0.6002383253294211,0.6307419692222743,-1.0137939059699703,1.0,0.6598453914270381,26.0,28.0,-1.3252778478570006,-0.5496495355858328,0.352245057603657,0.8984967543425457,1.136037425154084,74.0,0.42
ID111_IZDA,34.986440007404624,0.19417960559873262,0.07563954854184682,0.195220692974334,0.09699784845175112,0.0606044657378687,0.1837638380561385,1.6224641436677643,0.4685233807936875,0.0,8.0,12.0,-0.32097819337349714,-0.11091032616283432,0.045816068692646324,0.09320529596265943,0.32580121010784313,133.0,0.29333333333333333,-0.9694106303446905,0.0,12.0,3.7896283961770356,0.0317744367280958,0.02927545067407389,0.02377138677854393,0.025433747625349234,0.020429713081928796,14.0,0.025433747625349234,34.986440007404624,0.19417960559873262,0.07563954854184682,0.195220692974334,0.09699784845175112,0.0606044657378687,0.1837638380561385,1.6224641436677643,0.4685233807936875,0.0,0.2348083221973465,8.0,12.0,-0.32097819337349714,-0.11091032616283432,0.045816068692646324,0.09320529596265943,0.32580121010784313,133.0,0.29333333333333333
ID112_DCHA,100.11743544799648,0.5788037312451906,0.6053984650719357,0.7048656936696083,0.766853470753474,0.6515740466913779,0.6888043003693084,0.7171674270071108,-1.37530770599938,1.0,36.0,38.0,-1.0117668343123933,-0.710960601588229,0.40279561480950243,0.7491896289594362,1.032673816473962,87.0,0.44666666666666666,-1.3096278356634838,1.0,6.0,8.291961133328465,0.0528260763599811,0.057034339461665064,0.06596136353188446,0.055650745861264866,0.05994283353565175,5.0,0.055650745861264866,100.11743544799648,0.5788037312451906,0.6053984650719357,0.7048656936696083,0.766853470753474,0.6515740466913779,0.6888043003693084,0.7171674270071108,-1.37530770599938,1.0,0.6719290969664193,36.0,38.0,-1.0117668343123933,-0.710960601588229,0.40279561480950243,0.7491896289594362,1.032673816473962,87.0,0.44666666666666666
ID112_IZDA,155.49388770248095,0.7161733216566722,0.47332724440888096,0.9510043583194954,0.8114091283235437,0.579358121550084,0.9902700178056024,1.442114201460108,-1.3431913499319919,1.0,44.0,44.0,-1.3531845434764918,-1.0318209436020491,0.460838568099027,0.9802755391832854,1.4293628435338745,59.0,0.4666666666666667,-1.4715571136499976,1.0,7.0,11.440815363928326,0.06492921387144024,0.0743861254762859,0.07296411340081467,0.0767839957310626,0.07720528575590344,7.0,0.0767839957310626,155.49388770248095,0.7161733216566722,0.47332724440888096,0.9510043583194954,0.8114091283235437,0.579358121550084,0.9902700178056024,1.442114201460108,-1.3431913499319919,1.0,1.0435831389428252,44.0,44.0,-1.3531845434764918,-1.0318209436020491,0.460838568099027,0.9802755391832854,1.4293628435338745,59.0,0.4666666666666667
ID114_DCHA,97.32657945406015,0.6402726388433542,0.513953240706621,0.6768020460641723,0.653503549113759,0.5012955282884906,0.6295375972037307,0.44324405498086755,-1.029062715931798,0.0,32.0,30.0,-0.9271601878435646,-0.5914057306697986,0.3673397300964196,0.7132949182481474,0.8922640272538179,96.0,0.37333333333333335,-1.1134029270935328,0.0,6.0,8.318145518341414,0.049762120380107376,0.05537166119845152,0.061169729415755644,0.05582647998886855,0.05951170238410814,6.0,0.05582647998886855,97.32657945406015,0.6402726388433542,0.513953240706621,0.6768020460641723,0.653503549113759,0.5012955282884906,0.6295375972037307,0.44324405498086755,-1.029062715931798,0.0,0.653198519825907,32.0,30.0,-0.9271601878435646,-0.5914057306697986,0.3673397300964196,0.7132949182481474,0.8922640272538179,96.0,0.37333333333333335
ID114_IZDA,62.2902842326612,0.35090529011868327,0.33426001238798847,0.4167684126105498,0.43602239874363075,0.4158074389811334,0.43370573637901205,0.3522258876235754,-1.2013786144624556,1.0,6.0,16.0,-0.7124868904501339,-0.5072585052468706,0.1387522207865601,0.44388786506293026,0.6648441323267271,135.0,0.4429530201342282,-1.4491406466305674,1.0,6.0,5.655033913821096,0.03644467909552197,0.0402795543927145,0.046770414893883665,0.03820968860689929,0.0410710924286145,6.0,0.03820968860689929,62.2902842326612,0.35090529011868327,0.33426001238798847,0.4167684126105498,0.43602239874363075,0.4158074389811334,0.43370573637901205,0.3522258876235754,-1.2013786144624556,1.0,0.4208802988693324,6.0,16.0,-0.7124868904501339,-0.5072585052468706,0.1387522207865601,0.44388786506293026,0.6648441323267271,135.0,0.4429530201342282
ID115_DCHA,52.326140387181404,0.34683235291177394,0.06775008370659498,0.2951072932255791,0.11935487621733498,0.11354546118904384,0.2532106701441382,1.0169371014761952,0.08917894921423741,0.0,16.0,14.0,-0.4889906648583409,-0.13852372074750427,0.03927827942102902,0.12190390231677253,0.518551820212586,108.0,0.31333333333333335,-1.7385304530853765,1.0,9.0,5.800910654714107,0.05649406087382062,0.04754502416221371,0.0603249983834795,0.03893228627324904,0.04489688318506086,9.0,0.03893228627324904,52.326140387181404,0.34683235291177394,0.06775008370659498,0.2951072932255791,0.11935487621733498,0.11354546118904384,0.2532106701441382,1.0169371014761952,0.08917894921423741,0.0,0.35118215024953964,16.0,14.0,-0.4889906648583409,-0.13852372074750427,0.03927827942102902,0.12190390231677253,0.518551820212586,108.0,0.31333333333333335
ID115_IZDA,63.115844498554964,0.3895684079464915,0.061494490668819235,0.35529591617312606,0.12396888998542899,0.12082033310041981,0.29692841259875663,0.7669090171002361,0.06013383606288869,0.0,16.0,18.0,-0.41938617139321654,-0.06865307716693171,0.09904632772028917,0.24085898261857874,0.6795248311099659,101.0,0.3333333333333333,-1.2307296105965242,1.0,8.0,6.572978034240665,0.06946346367869195,0.05413180378971922,0.049944687218922916,0.04411394653852795,0.03781755523289022,7.0,0.04411394653852795,63.115844498554964,0.3895684079464915,0.061494490668819235,0.35529591617312606,0.12396888998542899,0.12082033310041981,0.29692841259875663,0.7669090171002361,0.06013383606288869,0.0,0.4235962718023823,16.0,18.0,-0.41938617139321654,-0.06865307716693171,0.09904632772028917,0.24085898261857874,0.6795248311099659,101.0,0.3333333333333333
ID116_DCHA,178.827600838877,0.8246154115010591,0.7211481096392665,1.1243761351948558,1.0109514888103337,0.6797948260292709,1.1033197483229231,1.004478127387938,-1.3132258358141962,0.0,56.0,60.0,-1.335357748169891,-0.9548845134874193,0.37125655592565054,1.0407646220954356,1.2886515775660055,59.0,0.4594594594594595,-1.7052148910703546,1.0,3.0,10.466384183387385,0.056589236940538065,0.06356578651543354,0.05121034157303565,0.07119989240399581,0.06875154227853592,7.0,0.07119989240399581,178.827600838877,0.8246154115010591,0.7211481096392665,1.1243761351948558,1.0109514888103337,0.6797948260292709,1.1033197483229231,1.004478127387938,-1.3132258358141962,0.0,1.216514291420932,56.0,60.0,-1.335357748169891,-0.9548845134874193,0.37125655592565054,1.0407646220954356,1.2886515775660055,59.0,0.4594594594594595
ID116_IZDA,222.4484006503571,0.9044182566172078,0.6837084482206278,1.3529364050440096,1.2075295559526171,0.7952136394737607,1.4077882230794172,1.0759798379158372,-1.2862641926938299,1.0,58.0,64.0,-1.418785302794024,-0.9786992957329241,0.17694880026280382,1.045874788511812,1.5762936737363933,57.0,0.5100671140939598,-1.530706277200026,1.0,3.0,11.49754131659154,0.06552156509606034,0.07347028616487938,0.047483727132582136,0.07768608997696987,0.06743401406482788,6.0,0.07768608997696987,222.4484006503571,0.9044182566172078,0.6837084482206278,1.3529364050440096,1.2075295559526171,0.7952136394737607,1.4077882230794172,1.0759798379158372,-1.2862641926938299,1.0,1.5030297341240344,58.0,64.0,-1.418785302794024,-0.9786992957329241,0.17694880026280382,1.045874788511812,1.5762936737363933,57.0,0.5100671140939598
ID117_DCHA,116.58434913138075,0.7706822798408463,0.9356734823158367,0.8871790405498045,1.0622781599300128,0.7102570254190725,0.8234518473853997,0.5371436256403422,-1.5138728712263467,1.0,38.0,40.0,-1.3013528619648773,-0.9293813993546778,0.5104104391413615,0.9485631974484712,1.1616085457319223,66.0,0.5,-1.525712010895761,1.0,5.0,9.987029149991766,0.062077917435578445,0.06893847809473756,0.08304356042844858,0.06702704127511253,0.07332792367953685,5.0,0.06702704127511253,116.58434913138075,0.7706822798408463,0.9356734823158367,0.8871790405498045,1.0622781599300128,0.7102570254190725,0.8234518473853997,0.5371436256403422,-1.5138728712263467,1.0,0.7824452961837635,38.0,40.0,-1.3013528619648773,-0.9293813993546778,0.5104104391413615,0.9485631974484712,1.1616085457319223,66.0,0.5
ID117_IZDA,155.39574930843577,0.7711572815764791,0.6952408137662887,1.0380222225217721,1.0336218027200998,0.7162614534024445,1.0430823899498367,1.446941834885733,-1.2250564872799072,1.0,44.0,48.0,-1.2862591154031655,-0.9162975452732643,0.5035076635703216,1.0500957728595695,1.2647584457745653,63.0,0.41333333333333333,-1.3198128851804687,1.0,4.0,10.995476269789338,0.06668354261232548,0.07098702841987743,0.06231629831006754,0.07379514275026401,0.07040800742173939,4.0,0.07379514275026401,155.39574930843577,0.7711572815764791,0.6952408137662887,1.0380222225217721,1.0336218027200998,0.7162614534024445,1.0430823899498367,1.446941834885733,-1.2250564872799072,1.0,1.0429244920029246,44.0,48.0,-1.2862591154031655,-0.9162975452732643,0.5035076635703216,1.0500957728595695,1.2647584457745653,63.0,0.41333333333333333
ID118_DCHA,102.6530129494749,0.6887511783846323,0.35356903570563464,0.666016603801037,0.44676196496478393,0.2545471217481901,0.5575503698426979,0.8385995375396054,-0.31559073437303464,0.0,18.0,18.0,-1.4197315010255656,-0.2923081853260815,0.21394944051731368,0.6485198596312969,1.3034760255140567,74.0,0.35333333333333333,-1.5255128726493783,1.0,9.0,11.395339140674302,0.08123272799664705,0.07941395167054473,0.09685220763295997,0.07647878617902217,0.08727207374936502,9.0,0.07647878617902217,102.6530129494749,0.6887511783846323,0.35356903570563464,0.666016603801037,0.44676196496478393,0.2545471217481901,0.5575503698426979,0.8385995375396054,-0.31559073437303464,0.0,0.6889463956340597,18.0,18.0,-1.4197315010255656,-0.2923081853260815,0.21394944051731368,0.6485198596312969,1.3034760255140567,74.0,0.35333333333333333
ID118_IZDA,73.7295204719662,0.4260906688397887,0.1536060600718616,0.36619270205122273,0.1852725165017368,0.13599669444503976,0.41778836397686614,0.6741082437749628,0.09122933958918056,0.0,14.0,16.0,-0.8100382510079844,-0.16617795766642823,0.07424617247738043,0.23864428473519614,0.7671096663987391,98.0,0.31333333333333335,-1.647702459950189,1.0,10.0,8.165701520494352,0.07388795796789203,0.06719415726806258,0.08994982305307919,0.05480336590935807,0.06594814853082398,10.0,0.05480336590935807,73.7295204719662,0.4260906688397887,0.1536060600718616,0.36619270205122273,0.1852725165017368,0.13599669444503976,0.41778836397686614,0.6741082437749628,0.09122933958918056,0.0,0.494828996456149,14.0,16.0,-0.8100382510079844,-0.16617795766642823,0.07424617247738043,0.23864428473519614,0.7671096663987391,98.0,0.31333333333333335
ID119_DCHA,24.12020389099316,0.1554379310096584,0.11289196686813954,0.14667709086030928,0.11826913413818724,0.09574799159715666,0.1473665128532622,0.8908233422677866,-0.17680123940207704,0.0,4.0,0.0,-0.3659241181495415,-0.23924915671720515,0.040781362273978876,0.2296574038639239,0.4423757535278745,148.0,0.34,-1.5962477930150873,1.0,19.0,3.6559722782098087,0.030559885664680955,0.02817627262858927,0.03402454036291166,0.02453672669939469,0.027579901698416415,18.0,0.02453672669939469,24.12020389099316,0.1554379310096584,0.11289196686813954,0.14667709086030928,0.11826913413818724,0.09574799159715666,0.1473665128532622,0.8908233422677866,-0.17680123940207704,0.0,0.16188056302679973,4.0,0.0,-0.3659241181495415,-0.23924915671720515,0.040781362273978876,0.2296574038639239,0.4423757535278745,148.0,0.34
ID119_IZDA,20.557524292381288,0.11122177540743097,0.0768724419842422,0.11697577963682385,0.09004400228316105,0.0654681213952763,0.1269193025206215,1.65866806040965,0.12719385529639737,0.0,0.0,0.0,-0.20111049464556,-0.1342170877168656,0.08035199930673052,0.1328991947460511,0.18284889519216108,150.0,0.30666666666666664,-1.2918034210779614,0.0,18.0,1.8937871298408755,0.014205339331842953,0.013939280727471031,0.01489813786779413,0.012709980737187083,0.012988696794136669,18.0,0.012709980737187083,20.557524292381288,0.11122177540743097,0.0768724419842422,0.11697577963682385,0.09004400228316105,0.0654681213952763,0.1269193025206215,1.65866806040965,0.12719385529639737,0.0,0.13796996169383416,0.0,0.0,-0.20111049464556,-0.1342170877168656,0.08035199930673052,0.1328991947460511,0.18284889519216108,150.0,0.30666666666666664
ID11_DCHA,184.77992388726935,1.104274855032392,0.4522787031888281,1.1038578449892082,0.7749585619978562,0.5925873801462451,1.0908740700489123,0.5874834163200875,-0.7214651166861188,1.0,22.0,24.0,-2.2153361155538636,-0.3838357451259461,0.17478480278549624,0.6434333780765633,2.660062160614666,71.0,0.4066666666666667,-1.677682523810972,1.0,7.0,17.757643629125095,0.13766788095881455,0.13780643284411975,0.17694279850251945,0.11917881630285299,0.13711101030505335,7.0,0.11917881630285299,184.77992388726935,1.104274855032392,0.4522787031888281,1.1038578449892082,0.7749585619978562,0.5925873801462451,1.0908740700489123,0.5874834163200875,-0.7214651166861188,1.0,1.2401337173642237,22.0,24.0,-2.2153361155538636,-0.3838357451259461,0.17478480278549624,0.6434333780765633,2.660062160614666,71.0,0.4066666666666667
ID11_IZDA,239.14871446620964,1.5782440189055034,1.1344195254435698,1.5225208657642577,1.2475327164857957,0.9555589328050621,1.4703608261776713,0.7373124305413514,-0.9121303157421816,1.0,26.0,24.0,-3.3463255528623805,-0.9108605096953557,0.2476119901838674,1.3225556525148499,3.2092221656289905,59.0,0.43333333333333335,-1.8085112056493742,1.0,7.0,23.555844061985727,0.18627889895085223,0.19047316258415067,0.25168621829671795,0.15809291316768945,0.1837125791233028,8.0,0.15809291316768945,239.14871446620964,1.5782440189055034,1.1344195254435698,1.5225208657642577,1.2475327164857957,0.9555589328050621,1.4703608261776713,0.7373124305413514,-0.9121303157421816,1.0,1.6050249293034204,26.0,24.0,-3.3463255528623805,-0.9108605096953557,0.2476119901838674,1.3225556525148499,3.2092221656289905,59.0,0.43333333333333335
ID120_DCHA,137.66349112167725,0.5929199720746968,0.3737944996331048,0.7592509632138037,0.5619082285955866,0.39016249484055704,0.8480313869250604,1.3048119241084022,-0.18746288944012424,0.0,40.0,26.0,-1.1498051918049121,-0.7217637364717227,0.09768059122450423,0.4820387006375577,1.0075709471525343,85.0,0.35333333333333333,-0.969845950516401,0.0,8.0,9.847641566657487,0.05477287214432667,0.06232279632571489,0.06649429316136772,0.06609155413864085,0.07018740924965942,7.0,0.06609155413864085,137.66349112167725,0.5929199720746968,0.3737944996331048,0.7592509632138037,0.5619082285955866,0.39016249484055704,0.8480313869250604,1.3048119241084022,-0.18746288944012424,0.0,0.9239160477964916,40.0,26.0,-1.1498051918049121,-0.7217637364717227,0.09768059122450423,0.4820387006375577,1.0075709471525343,85.0,0.35333333333333333
ID120_IZDA,141.35832916704453,0.8990225817853222,0.5529082370238481,0.9168944212428894,0.6997974619502809,0.5680002667183236,0.8305439967818241,1.4882989089642902,-0.915948698976139,1.0,26.0,24.0,-1.8081971547562417,-0.7535082824417968,0.23634616600047298,0.5469223398343644,2.0219787470571258,68.0,0.43333333333333335,-1.6978892132264483,1.0,7.0,13.704246549972549,0.11181543223246793,0.10345902565500627,0.12100386545142389,0.09197480906021845,0.09861697737026803,7.0,0.09197480906021845,141.35832916704453,0.8990225817853222,0.5529082370238481,0.9168944212428894,0.6997974619502809,0.5680002667183236,0.8305439967818241,1.4882989089642902,-0.915948698976139,1.0,0.9487136185707686,26.0,24.0,-1.8081971547562417,-0.7535082824417968,0.23634616600047298,0.5469223398343644,2.0219787470571258,68.0,0.43333333333333335
ID121_DCHA,97.01616863562788,0.7005953207967897,0.4267124128902965,0.6301061918425425,0.4358587963772072,0.3349651380595346,0.5395456119395231,0.6875708404482261,-0.7335863024877178,1.0,24.0,22.0,-1.196137334918692,-0.42257962189733916,0.2591272012911562,0.6517704945516944,1.2045531386729582,78.0,0.38,-1.6693855458746238,1.0,7.0,10.162746981464439,0.08608914713195391,0.08407560726171592,0.10023135162980763,0.06820635558029825,0.07275802565836897,7.0,0.06820635558029825,97.01616863562788,0.7005953207967897,0.4267124128902965,0.6301061918425425,0.4358587963772072,0.3349651380595346,0.5395456119395231,0.6875708404482261,-0.7335863024877178,1.0,0.6511152257424689,24.0,22.0,-1.196137334918692,-0.42257962189733916,0.2591272012911562,0.6517704945516944,1.2045531386729582,78.0,0.38
ID121_IZDA,90.38691113014653,0.6135407191276171,0.2923689211308832,0.5658522047315411,0.3623435927298018,0.2546894819814353,0.49396652888921366,0.6558675284970695,-0.6179495514058573,1.0,22.0,20.0,-1.2249537682102025,-0.3826513072460735,0.18896008986273674,0.4560470978387035,1.0011790199191832,87.0,0.38666666666666666,-1.4669690799127997,1.0,6.0,9.400038379475442,0.08516741476236973,0.07451218667876366,0.07853382067332752,0.06308750590251974,0.0615883504030097,7.0,0.06308750590251974,90.38691113014653,0.6135407191276171,0.2923689211308832,0.5658522047315411,0.3623435927298018,0.2546894819814353,0.49396652888921366,0.6558675284970695,-0.6179495514058573,1.0,0.6066235646318558,22.0,20.0,-1.2249537682102025,-0.3826513072460735,0.18896008986273674,0.4560470978387035,1.0011790199191832,87.0,0.38666666666666666
ID122_DCHA,115.52583807245514,0.7359867912525961,0.35623912768932814,0.7092848351570044,0.48136587252130086,0.41928993261865805,0.657394084467405,0.950859084361524,-0.38364250519053167,0.0,24.0,22.0,-1.3774997772536954,-0.5410331205469766,0.1619069267445718,0.6142457985856477,1.347657530040552,77.0,0.32666666666666666,-1.0813418151640264,0.0,8.0,12.00123201708424,0.07746454187412555,0.08731611121992759,0.11759747757964151,0.08054518132271302,0.09824039476151074,10.0,0.08054518132271302,115.52583807245514,0.7359867912525961,0.35623912768932814,0.7092848351570044,0.48136587252130086,0.41928993261865805,0.657394084467405,0.950859084361524,-0.38364250519053167,0.0,0.7753411951171486,24.0,22.0,-1.3774997772536954,-0.5410331205469766,0.1619069267445718,0.6142457985856477,1.347657530040552,77.0,0.32666666666666666
ID122_IZDA,133.24060183467475,0.7267916256899347,0.4190846628038255,0.8024905919522543,0.5840202871000434,0.4773028354512314,0.797527356610153,1.1543526389421477,-0.7916828738753638,1.0,24.0,24.0,-1.885538849157876,-0.6931929056841557,0.05663792953073059,0.5005837666389584,1.7246707222851572,72.0,0.43333333333333335,-1.634219254302506,1.0,6.0,13.181355311378455,0.11820431770841265,0.10437431244251887,0.1213232304441851,0.08846547188844602,0.09309754560507859,7.0,0.08846547188844602,133.24060183467475,0.7267916256899347,0.4190846628038255,0.8024905919522543,0.5840202871000434,0.4773028354512314,0.797527356610153,1.1543526389421477,-0.7916828738753638,1.0,0.894232227078354,24.0,24.0,-1.885538849157876,-0.6931929056841557,0.05663792953073059,0.5005837666389584,1.7246707222851572,72.0,0.43333333333333335
ID123_DCHA,47.96358635626246,0.2875986557301349,0.06053896262601171,0.27046669008797214,0.10990626404265123,0.05658380968466883,0.23102540702270688,1.4064679871338654,1.0183768835694744,0.0,12.0,12.0,-0.37304841705673647,-0.09262012989883474,0.06001856312124359,0.162544344319759,0.3854832388476812,116.0,0.26666666666666666,-1.4602252387999106,1.0,12.0,5.0348079932479095,0.04816083802614147,0.039631614854516946,0.0478973118013394,0.033790657672804765,0.03763534708263231,11.0,0.033790657672804765,47.96358635626246,0.2875986557301349,0.06053896262601171,0.27046669008797214,0.10990626404265123,0.05658380968466883,0.23102540702270688,1.4064679871338654,1.0183768835694744,0.0,0.3219032641359897,12.0,12.0,-0.37304841705673647,-0.09262012989883474,0.06001856312124359,0.162544344319759,0.3854832388476812,116.0,0.26666666666666666
ID123_IZDA,46.64209080742481,0.2700579391132268,0.09320639324114514,0.2460544347639752,0.12453355850266808,0.10079179400870832,0.252641987257189,0.926242895448166,0.31060201973458446,0.0,12.0,14.0,-0.5403498209817569,-0.13350407689035124,0.09810299852158573,0.18185429612493192,0.609396803674223,109.0,0.32,-1.1880137023458728,1.0,10.0,6.002951784363855,0.06119237709913402,0.049356724476311294,0.044336055106255975,0.04028826700915339,0.03397803682940167,10.0,0.04028826700915339,46.64209080742481,0.2700579391132268,0.09320639324114514,0.2460544347639752,0.12453355850266808,0.10079179400870832,0.252641987257189,0.926242895448166,0.31060201973458446,0.0,0.3130341664927839,12.0,14.0,-0.5403498209817569,-0.13350407689035124,0.09810299852158573,0.18185429612493192,0.609396803674223,109.0,0.32
ID124_DCHA,20.702191986831288,0.1228699169767054,0.0778357826501478,0.11094178326364156,0.08067328573169395,0.06318047815288275,0.12861985498180845,1.3251898820345847,0.4181515410154182,0.0,0.0,0.0,-0.30801151273492733,-0.1453478469774429,0.03965024581927433,0.11712135021819135,0.22453983779191192,150.0,0.2866666666666667,-1.443779313578896,0.0,15.0,2.6481422661560754,0.02172345321360061,0.020874590470018443,0.02366486830426171,0.017772766886953527,0.018685915066125165,14.0,0.017772766886953527,20.702191986831288,0.1228699169767054,0.0778357826501478,0.11094178326364156,0.08067328573169395,0.06318047815288275,0.12861985498180845,1.3251898820345847,0.4181515410154182,0.0,0.13894088581765965,0.0,0.0,-0.30801151273492733,-0.1453478469774429,0.03965024581927433,0.11712135021819135,0.22453983779191192,150.0,0.2866666666666667
ID124_IZDA,41.500488250604036,0.2807618185642074,0.08182642710271149,0.21964744399295275,0.09059313151805812,0.07224169227872373,0.21627626377560796,1.331212635936403,0.7822145177967608,0.0,12.0,12.0,-0.29919397043062573,-0.12059038293441214,0.03647115231217558,0.10076349922789939,0.27395247867581846,121.0,0.2827586206896552,-1.1824181566969443,0.0,11.0,4.023662812854271,0.04205142065038241,0.034075220314090444,0.03462100842083865,0.027942102867043548,0.026428463694498253,10.0,0.027942102867043548,41.500488250604036,0.2807618185642074,0.08182642710271149,0.21964744399295275,0.09059313151805812,0.07224169227872373,0.21627626377560796,1.331212635936403,0.7822145177967608,0.0,0.28819783507363916,12.0,12.0,-0.29919397043062573,-0.12059038293441214,0.03647115231217558,0.10076349922789939,0.27395247867581846,121.0,0.2827586206896552
ID125_DCHA,54.73753116402794,0.28613666797399956,0.2374743117242936,0.35428575569744014,0.36966435442689627,0.271434010843063,0.3731287348588794,0.9352677787613527,-1.3764662906835532,1.0,0.0,0.0,-0.5163043533399743,-0.4239189973755936,0.12332044801149751,0.4376548131753769,0.5619723075297188,150.0,0.47333333333333333,-0.06913158668608954,0.0,6.0,4.306340192795448,0.02184696231054552,0.026639183379325554,0.028786748555796753,0.028901612032184214,0.031015498468228396,5.0,0.028901612032184214,54.73753116402794,0.28613666797399956,0.2374743117242936,0.35428575569744014,0.36966435442689627,0.271434010843063,0.3731287348588794,0.9352677787613527,-1.3764662906835532,1.0,0.3673659809666305,0.0,0.0,-0.5163043533399743,-0.4239189973755936,0.12332044801149751,0.4376548131753769,0.5619723075297188,150.0,0.47333333333333333
ID125_IZDA,59.99022318909489,0.32769073173059426,0.2424581934446032,0.3633242179190646,0.31664228409018674,0.2310166601293186,0.356466112365431,0.6989267117292174,-0.888859515239997,0.0,2.0,2.0,-0.49254227722111243,-0.30390001282077733,0.16672667977920413,0.3234002487011447,0.48121584983754456,148.0,0.38,-0.7008028471913161,0.0,5.0,4.251367756126614,0.017919230741317176,0.02442761501202972,0.024803107017910754,0.028532669504205462,0.03046029744703245,5.0,0.028532669504205462,59.99022318909489,0.32769073173059426,0.2424581934446032,0.3633242179190646,0.31664228409018674,0.2310166601293186,0.356466112365431,0.6989267117292174,-0.888859515239997,0.0,0.4026189475778181,2.0,2.0,-0.49254227722111243,-0.30390001282077733,0.16672667977920413,0.3234002487011447,0.48121584983754456,148.0,0.38
ID126_IZDA,45.33744934452362,0.2814586518585002,0.18803598227401266,0.25508285370666667,0.18992619050052895,0.11603035482832516,0.300757735277491,1.0998748177830848,-0.4347217774666601,0.0,18.0,16.0,-0.7535610770151365,-0.32523344393535647,0.007898822879245582,0.16492806713668073,0.6284113687158797,112.0,0.36363636363636365,-1.5812864494080234,1.0,9.0,5.3331038486144156,0.052549318599000965,0.046845002993809906,0.05579695648810321,0.03755706935643954,0.04022989181078771,9.0,0.03755706935643954,45.33744934452362,0.2814586518585002,0.18803598227401266,0.25508285370666667,0.18992619050052895,0.11603035482832516,0.300757735277491,1.0998748177830848,-0.4347217774666601,0.0,0.3192778122853776,18.0,16.0,-0.7535610770151365,-0.32523344393535647,0.007898822879245582,0.16492806713668073,0.6284113687158797,112.0,0.36363636363636365
ID127_DCHA,85.43197911130567,0.461346262471287,0.10044210678960655,0.4339550556262348,0.1753664870825556,0.15985636518963686,0.4485722141152028,1.2855978643683066,0.6926950954194031,0.0,12.0,14.0,-0.4050145580656784,-0.19195152857546616,0.059672963286973274,0.2248359910891013,0.6259133865610906,100.0,0.2733333333333333,-1.6767885492627277,1.0,12.0,8.437627950725437,0.08228317035586548,0.06952232336655348,0.08400244130022412,0.05662837550822441,0.0628311935753484,13.0,0.05662837550822441,85.43197911130567,0.461346262471287,0.10044210678960655,0.4339550556262348,0.1753664870825556,0.15985636518963686,0.4485722141152028,1.2855978643683066,0.6926950954194031,0.0,0.573368987324199,12.0,14.0,-0.4050145580656784,-0.19195152857546616,0.059672963286973274,0.2248359910891013,0.6259133865610906,100.0,0.2733333333333333
ID127_IZDA,81.17122992099317,0.45289525460957963,0.2748832013394848,0.44347350349639597,0.34735103301732295,0.24984451264506397,0.5147289953229921,1.2586237825897515,-0.19090246246584863,0.0,14.0,18.0,-1.0261778931940708,-0.3284770674983004,0.10434325419890295,0.3328096969597593,1.1006974674639396,86.0,0.34,-1.5012328214181376,1.0,11.0,9.015013731170509,0.07737921685951163,0.07054290994236428,0.08756987562595604,0.060503447860204757,0.06904490523770704,11.0,0.060503447860204757,81.17122992099317,0.45289525460957963,0.2748832013394848,0.44347350349639597,0.34735103301732295,0.24984451264506397,0.5147289953229921,1.2586237825897515,-0.19090246246584863,0.0,0.5447733551744508,14.0,18.0,-1.0261778931940708,-0.3284770674983004,0.10434325419890295,0.3328096969597593,1.1006974674639396,86.0,0.34
ID22_DCHA,165.77906941892363,1.1248585266848874,0.6528487933868524,1.116442239998713,0.8641066250302131,0.696863016189236,0.9578194426731325,0.5813051351994415,-0.9227914384359011,1.0,26.0,26.0,-2.6114191796832076,-0.4929338468059464,0.48436714880859777,1.0267347884608278,2.2249595662749906,65.0,0.4266666666666667,-1.7400759790967455,1.0,15.0,16.536956054999557,0.13001096134559462,0.13388498454722142,0.1596687175530709,0.11098628224831918,0.11838393035900956,15.0,0.11098628224831918,165.77906941892363,1.1248585266848874,0.6528487933868524,1.116442239998713,0.8641066250302131,0.696863016189236,0.9578194426731325,0.5813051351994415,-0.9227914384359011,1.0,1.1126112041538498,26.0,26.0,-2.6114191796832076,-0.4929338468059464,0.48436714880859777,1.0267347884608278,2.2249595662749906,65.0,0.4266666666666667
ID22_IZDA,286.33277032779665,1.6689992351504788,1.2101188472600368,2.015513200424759,1.9314421129833343,0.7377494483445344,1.8335414588112415,0.6558675284970695,-1.182282954466295,1.0,28.0,28.0,-4.109569421729383,-1.7942305085813455,0.7196709185745181,2.0300788723624317,4.036020134640046,42.0,0.48,-1.480453380055506,1.0,5.0,28.981218120966442,0.2669870757582092,0.23446540969869586,0.23195028233007592,0.19450481960380162,0.1761305850776921,6.0,0.19450481960380162,286.33277032779665,1.6689992351504788,1.2101188472600368,2.015513200424759,1.9314421129833343,0.7377494483445344,1.8335414588112415,0.6558675284970695,-1.182282954466295,1.0,1.9216964451529976,28.0,28.0,-4.109569421729383,-1.7942305085813455,0.7196709185745181,2.0300788723624317,4.036020134640046,42.0,0.48
ID23_DCHA,79.58775976666954,0.5653424020444663,0.15745596317077976,0.4848166861776828,0.20802476106503687,0.12805666125008894,0.3764800985047961,1.561902433047568,0.5501033943302298,0.0,14.0,18.0,-0.5587981118422732,-0.0971286193346408,0.2513954834755794,0.43393319806728914,0.888005082647797,96.0,0.3,-1.0250733413749948,1.0,9.0,8.627642616706687,0.08123353227493268,0.06558909665170065,0.06020333517743295,0.05790364172286367,0.051710072933476944,10.0,0.05790364172286367,79.58775976666954,0.5653424020444663,0.15745596317077976,0.4848166861776828,0.20802476106503687,0.12805666125008894,0.3764800985047961,1.561902433047568,0.5501033943302298,0.0,0.5341460387024801,14.0,18.0,-0.5587981118422732,-0.0971286193346408,0.2513954834755794,0.43393319806728914,0.888005082647797,96.0,0.3
ID23_IZDA,231.31447564287953,1.3723266207055016,1.2665351705887231,1.5324467747272335,1.5550638643804795,1.207199135317712,1.5741480399937386,0.9468615611119887,-1.214087030570157,1.0,30.0,28.0,-2.7304744636017437,-2.185357997129832,0.47957934386079454,1.3017026793251592,3.195429519774079,40.0,0.4666666666666667,-1.6205028946843252,1.0,6.0,23.05003184635354,0.18607470054118244,0.18016798337431078,0.20238718163628533,0.1546982003110976,0.15756827873000226,6.0,0.1546982003110976,231.31447564287953,1.3723266207055016,1.2665351705887231,1.5324467747272335,1.5550638643804795,1.207199135317712,1.5741480399937386,0.9468615611119887,-1.214087030570157,1.0,1.552446145254225,30.0,28.0,-2.7304744636017437,-2.185357997129832,0.47957934386079454,1.3017026793251592,3.195429519774079,40.0,0.4666666666666667
ID25_DCHA,87.03244864262311,0.35828762307659356,0.13314093183363349,0.3568620368828341,0.1891109154790798,0.14510844524844652,0.42863736645374423,1.9431470129425108,0.5180768282012846,0.0,16.0,22.0,-0.46568896051184105,-0.19438337862193675,0.07516958682542875,0.18146940929167601,0.38029088666271155,124.0,0.26666666666666666,0.695422459407677,0.0,15.0,4.613783493735548,0.013249999043929959,0.021617557993339715,0.017567605732900542,0.030964989890842606,0.030283256291706813,36.0,0.030964989890842606,87.03244864262311,0.35828762307659356,0.13314093183363349,0.3568620368828341,0.1891109154790798,0.14510844524844652,0.42863736645374423,1.9431470129425108,0.5180768282012846,0.0,0.5841103935746518,16.0,22.0,-0.46568896051184105,-0.19438337862193675,0.07516958682542875,0.18146940929167601,0.38029088666271155,124.0,0.26666666666666666
ID25_IZDA,38.38570898219096,0.16148753533949392,0.07520862659779468,0.20670215280110837,0.13175828613968277,0.0779526249923899,0.22141104652453086,2.609337345536844,0.058964155897940795,0.0,0.0,0.0,-0.24742266858445786,-0.1424836820609232,0.043382188414450996,0.12910044849024385,0.24781557344838487,150.0,0.31333333333333335,1.7896268881546522,0.0,15.0,2.24184013019486,0.009745185118736205,0.0116159915407955,0.009174589519427704,0.015045906914059463,0.014374772167784228,20.0,0.015045906914059463,38.38570898219096,0.16148753533949392,0.07520862659779468,0.20670215280110837,0.13175828613968277,0.0779526249923899,0.22141104652453086,2.609337345536844,0.058964155897940795,0.0,0.2576222079341675,0.0,0.0,-0.24742266858445786,-0.1424836820609232,0.043382188414450996,0.12910044849024385,0.24781557344838487,150.0,0.31333333333333335
ID26_DCHA,121.40850977385541,0.7436533672013771,0.7740830117573927,0.8559985539732506,0.9130426127363823,0.6008427161877349,0.8280008508794602,1.6919371770465288,-1.2940787207735078,1.0,36.0,34.0,-1.361087425890103,-0.9393857867438147,0.4720666832261813,0.8502330970441907,1.2274054156754655,65.0,0.4533333333333333,-1.2896893876845208,1.0,13.0,10.523305986598377,0.0651983619967423,0.07403298739095808,0.08418600408787016,0.0706262146751569,0.07542694752770315,18.0,0.0706262146751569,121.40850977385541,0.7436533672013771,0.7740830117573927,0.8559985539732506,0.9130426127363823,0.6008427161877349,0.8280008508794602,1.6919371770465288,-1.2940787207735078,1.0,0.8148222132473518,36.0,34.0,-1.361087425890103,-0.9393857867438147,0.4720666832261813,0.8502330970441907,1.2274054156754655,65.0,0.4533333333333333
ID26_IZDA,108.13949294501903,0.7482873587081257,0.6427264028872008,0.7644089139291297,0.6686570463040798,0.3449500387611383,0.653948921971517,1.1387494791934683,-1.086837171372945,1.0,28.0,30.0,-1.5716466024103042,-0.5183059660665553,0.5029324047548451,0.7576173863425257,1.2553340245059912,68.0,0.43333333333333335,-1.469179312226847,1.0,5.0,10.657775018835576,0.09160431360953648,0.08635972323138766,0.09008795420946421,0.07152869140158105,0.06751521445043113,5.0,0.07152869140158105,108.13949294501903,0.7482873587081257,0.6427264028872008,0.7644089139291297,0.6686570463040798,0.3449500387611383,0.653948921971517,1.1387494791934683,-1.086837171372945,1.0,0.7257684090269734,28.0,30.0,-1.5716466024103042,-0.5183059660665553,0.5029324047548451,0.7576173863425257,1.2553340245059912,68.0,0.43333333333333335
ID27_DCHA,100.46781029665689,0.6476759955443354,0.4168758399275719,0.6620865238590159,0.545147524748386,0.33757891297054454,0.6074471192327375,0.5874834163200875,-0.9680354347745572,1.0,22.0,24.0,-1.5246899469257145,-0.47462608696845493,0.43746184141558797,0.960830271584311,1.3980086193845338,70.0,0.4066666666666667,-1.3525896507542539,1.0,6.0,11.23026009096181,0.10435990528548074,0.08902913031152816,0.09041351845253245,0.07537087309370342,0.07108308257462463,6.0,0.07537087309370342,100.46781029665689,0.6476759955443354,0.4168758399275719,0.6620865238590159,0.545147524748386,0.33757891297054454,0.6074471192327375,0.5874834163200875,-0.9680354347745572,1.0,0.6742806060178315,22.0,24.0,-1.5246899469257145,-0.47462608696845493,0.43746184141558797,0.960830271584311,1.3980086193845338,70.0,0.4066666666666667
ID27_IZDA,126.09626294713397,0.891075238498631,0.5420096598820092,0.8965612208072514,0.7175178605610502,0.35673937607227446,0.7177838622170684,0.9499482755583404,-0.8578590609874537,1.0,24.0,24.0,-1.831031631189977,-0.5571963666491564,0.6166826241306795,0.9500884455258579,1.5698283525799808,66.0,0.41333333333333333,-1.4922157187813392,1.0,6.0,13.421301064669805,0.12240222262543722,0.10584409826641572,0.11156692338422608,0.09007584607160943,0.08774599971181177,6.0,0.09007584607160943,126.09626294713397,0.891075238498631,0.5420096598820092,0.8965612208072514,0.7175178605610502,0.35673937607227446,0.7177838622170684,0.9499482755583404,-0.8578590609874537,1.0,0.8462836439404964,24.0,24.0,-1.831031631189977,-0.5571963666491564,0.6166826241306795,0.9500884455258579,1.5698283525799808,66.0,0.41333333333333333
ID29_DCHA,216.8202519785379,1.344899025504051,1.669930695405945,1.6004174517843262,1.9036362246198129,1.3841284231047413,1.561046000203079,0.518902910362449,-1.378370642975327,1.0,32.0,32.0,-3.212128335237025,-2.285086737165318,0.8110396450786189,1.6633691228993959,2.661069587844716,44.0,0.5133333333333333,-1.621080387035671,1.0,6.0,20.868352846626884,0.1180891973781879,0.14929009683795819,0.19863436401779758,0.1400560593733348,0.16438328206235317,6.0,0.1400560593733348,216.8202519785379,1.344899025504051,1.669930695405945,1.6004174517843262,1.9036362246198129,1.3841284231047413,1.561046000203079,0.518902910362449,-1.378370642975327,1.0,1.4551694763660261,32.0,32.0,-3.212128335237025,-2.285086737165318,0.8110396450786189,1.6633691228993959,2.661069587844716,44.0,0.5133333333333333
ID29_IZDA,212.037576511027,1.2439966827616984,0.8778481156525334,1.4123685749698667,1.194024758184378,0.8526868092727039,1.3080326257750974,0.6591634132175792,-1.186368590068819,1.0,30.0,32.0,-2.4036928418251646,-1.2863595619727253,0.9419060869973496,1.5120793404457908,2.2698358090389235,45.0,0.4533333333333333,-1.592914500422257,1.0,7.0,18.567008695391863,0.14325163045876005,0.14245995221961855,0.1437138665678212,0.1246107966133682,0.11790738314630303,6.0,0.1246107966133682,212.037576511027,1.2439966827616984,0.8778481156525334,1.4123685749698667,1.194024758184378,0.8526868092727039,1.3080326257750974,0.6591634132175792,-1.186368590068819,1.0,1.4230709832954833,30.0,32.0,-2.4036928418251646,-1.2863595619727253,0.9419060869973496,1.5120793404457908,2.2698358090389235,45.0,0.4533333333333333
ID30_DCHA,241.70346532947974,1.44794051735854,0.9860345170123221,1.7058186960568429,1.5803819139319324,0.7595725488835097,1.5142457046986586,0.8214950487441474,-1.1168437662816366,1.0,28.0,28.0,-3.660333880587343,-1.5143341046772167,1.0019391425899047,1.5929801001086485,3.0240473353157706,40.0,0.4866666666666667,-1.4584753738374996,1.0,5.0,24.262230718557696,0.21819451969063858,0.1930897153013403,0.19486897562232205,0.16283376321179663,0.1512734707284144,6.0,0.16283376321179663,241.70346532947974,1.44794051735854,0.9860345170123221,1.7058186960568429,1.5803819139319324,0.7595725488835097,1.5142457046986586,0.8214950487441474,-1.1168437662816366,1.0,1.6221709082515419,28.0,28.0,-3.660333880587343,-1.5143341046772167,1.0019391425899047,1.5929801001086485,3.0240473353157706,40.0,0.4866666666666667
ID30_IZDA,189.50002418395698,1.2564534519709736,1.1049219902821508,1.2678042574060826,1.2000939368704577,0.8399511987289223,1.233510447475054,0.41764561734613204,-1.0849872356862047,1.0,28.0,26.0,-2.7877096294436092,-1.3715442520891328,0.4884346296567047,0.9988622804949934,2.499323348538662,57.0,0.4666666666666667,-1.6991746511956987,1.0,6.0,18.631106946558898,0.1571451803658317,0.15205682641898133,0.17911867167372073,0.1250409862185161,0.1304209576117549,6.0,0.1250409862185161,189.50002418395698,1.2564534519709736,1.1049219902821508,1.2678042574060826,1.2000939368704577,0.8399511987289223,1.233510447475054,0.41764561734613204,-1.0849872356862047,1.0,1.2718122428453489,28.0,26.0,-2.7877096294436092,-1.3715442520891328,0.4884346296567047,0.9988622804949934,2.499323348538662,57.0,0.4666666666666667
ID32_DCHA,104.47437664020097,0.7656755739831973,0.2947633844282146,0.6461992116220971,0.36265286076204806,0.26594373163167223,0.5392492074781067,0.6489826845001676,-0.45227068342456667,1.0,20.0,18.0,-1.3143016501961928,-0.2188204841918592,0.1785486007199025,0.45943826311413444,1.010551805256026,89.0,0.38,-1.532464703824958,1.0,7.0,10.481563795277525,0.10388961909546132,0.08535568852347261,0.09234314093771008,0.07034606574011762,0.06953455512975412,7.0,0.07034606574011762,104.47437664020097,0.7656755739831973,0.2947633844282146,0.6461992116220971,0.36265286076204806,0.26594373163167223,0.5392492074781067,0.6489826845001676,-0.45227068342456667,1.0,0.701170313021483,20.0,18.0,-1.3143016501961928,-0.2188204841918592,0.1785486007199025,0.45943826311413444,1.010551805256026,89.0,0.38
ID32_IZDA,93.72405624396927,0.5722025906786856,0.18817236390996012,0.5621543356489892,0.31165175915020854,0.20891947943960046,0.47674308959540507,0.6546496283733452,-0.491322715082787,1.0,20.0,22.0,-1.1609953818976226,-0.13183567846465047,0.2539801343999396,0.528881897344541,1.2126324468155125,84.0,0.37333333333333335,-1.2890221894958094,1.0,6.0,9.942649309988514,0.0983233562168662,0.0835998663628026,0.0782316075181307,0.06672918999992292,0.05704136034407987,6.0,0.06672918999992292,93.72405624396927,0.5722025906786856,0.18817236390996012,0.5621543356489892,0.31165175915020854,0.20891947943960046,0.47674308959540507,0.6546496283733452,-0.491322715082787,1.0,0.6290205117044918,20.0,22.0,-1.1609953818976226,-0.13183567846465047,0.2539801343999396,0.528881897344541,1.2126324468155125,84.0,0.37333333333333335
ID36_DCHA,204.37807097611648,1.3162599784420437,1.1484747926255436,1.3631252675098753,1.3072252087475307,1.094518376700047,1.3419054789732467,0.48242147980666245,-1.0829084050383488,1.0,28.0,26.0,-2.8890810516439474,-1.3776203380294119,0.31026282977032393,1.2542398866524338,2.927126453434773,53.0,0.4533333333333333,-1.6672123636642477,1.0,7.0,20.627363651843687,0.1246651378738255,0.153990854855144,0.208849044600399,0.13843868222713884,0.1652517078940454,7.0,0.13843868222713884,204.37807097611648,1.3162599784420437,1.1484747926255436,1.3631252675098753,1.3072252087475307,1.094518376700047,1.3419054789732467,0.48242147980666245,-1.0829084050383488,1.0,1.3716649058799764,28.0,26.0,-2.8890810516439474,-1.3776203380294119,0.31026282977032393,1.2542398866524338,2.927126453434773,53.0,0.4533333333333333
ID36_IZDA,171.4900785919587,1.1828579320548636,1.2312290091612028,1.2257186724983264,1.2813354207100351,0.9327927944771445,1.1513853513784273,0.348492928839839,-1.2371959132649128,1.0,28.0,30.0,-2.604176186787339,-1.0658108840612208,0.6796985775948351,1.4542289568682358,2.2360845408375156,50.0,0.4666666666666667,-1.606609358372833,1.0,6.0,17.15543166645699,0.131945672013282,0.1341299454656555,0.15734632441256977,0.11513712527823484,0.12132916493876823,6.0,0.11513712527823484,171.4900785919587,1.1828579320548636,1.2312290091612028,1.2257186724983264,1.2813354207100351,0.9327927944771445,1.1513853513784273,0.348492928839839,-1.2371959132649128,1.0,1.1509401247782463,28.0,30.0,-2.604176186787339,-1.0658108840612208,0.6796985775948351,1.4542289568682358,2.2360845408375156,50.0,0.4666666666666667
ID40_DCHA,117.4483317110263,0.8974313786235357,0.8223853011264711,0.8630196869972241,0.8000599684076061,0.6141920021960866,0.7203325966588737,0.279154911744805,-1.113004750490519,1.0,28.0,28.0,-1.6626675576680658,-0.8549688322059196,0.5792207844495645,0.9003526533220749,1.4935324372834766,69.0,0.44666666666666666,-1.5950854412435391,1.0,6.0,11.986089216665603,0.07868143400942562,0.08982567901883548,0.11667156688882474,0.08044355178970203,0.09261952643472536,6.0,0.08044355178970203,117.4483317110263,0.8974313786235357,0.8223853011264711,0.8630196869972241,0.8000599684076061,0.6141920021960866,0.7203325966588737,0.279154911744805,-1.113004750490519,1.0,0.7882438369867537,28.0,28.0,-1.6626675576680658,-0.8549688322059196,0.5792207844495645,0.9003526533220749,1.4935324372834766,69.0,0.44666666666666666
ID40_IZDA,118.97517636968422,0.8466228354519779,0.8651561224964498,0.8548112053496693,0.8701361262328994,0.6892570433124705,0.7837933667445316,0.46836961425566276,-1.214408912631114,1.0,28.0,28.0,-1.687603160170293,-0.9023514874651548,0.5235094680555534,1.0059675426445114,1.39990967029627,62.0,0.4533333333333333,-1.627263422898975,1.0,6.0,12.35625921520717,0.08790903083201429,0.09452418304198439,0.11711262916340634,0.08292791419602127,0.09186207449219665,6.0,0.08292791419602127,118.97517636968422,0.8466228354519779,0.8651561224964498,0.8548112053496693,0.8701361262328994,0.6892570433124705,0.7837933667445316,0.46836961425566276,-1.214408912631114,1.0,0.7984911165750619,28.0,28.0,-1.687603160170293,-0.9023514874651548,0.5235094680555534,1.0059675426445114,1.39990967029627,62.0,0.4533333333333333
ID43_IZDA,158.16332555007972,1.190288922934186,0.5205218286616681,1.0224837817896646,0.595809087616471,0.41054026179674746,0.8748007464730618,1.2761813644469557,-0.5082762931119666,1.0,20.0,24.0,-2.517965998661113,-0.2084566158477911,0.37290308754707313,0.9032954761021528,1.864954548819038,66.0,0.3888888888888889,-1.7347676785825126,1.0,8.0,15.918163521421619,0.13450642177145844,0.12899476778502147,0.1617351594673452,0.1113158288211302,0.12574736944404322,9.0,0.1113158288211302,158.16332555007972,1.190288922934186,0.5205218286616681,1.0224837817896646,0.595809087616471,0.41054026179674746,0.8748007464730618,1.2761813644469557,-0.5082762931119666,1.0,1.106037241608949,20.0,24.0,-2.517965998661113,-0.2084566158477911,0.37290308754707313,0.9032954761021528,1.864954548819038,66.0,0.3888888888888889
ID44_DCHA,124.86326496066773,0.7286142347315633,0.43061970674417904,0.7710917067594439,0.6318872492308174,0.5059547186533927,0.7462752808917111,0.6558675284970695,-0.8357380544297266,1.0,26.0,24.0,-1.5140441588496358,-0.8208134157557886,0.2544249287851768,0.714745694257289,1.8570053278930438,68.0,0.41333333333333333,-1.6139518899255298,1.0,6.0,12.756502055778247,0.10525689343668028,0.10418940499046467,0.11239873281556999,0.08561410775690098,0.08395924746992289,7.0,0.08561410775690098,124.86326496066773,0.7286142347315633,0.43061970674417904,0.7710917067594439,0.6318872492308174,0.5059547186533927,0.7462752808917111,0.6558675284970695,-0.8357380544297266,1.0,0.838008489668911,26.0,24.0,-1.5140441588496358,-0.8208134157557886,0.2544249287851768,0.714745694257289,1.8570053278930438,68.0,0.41333333333333333
ID44_IZDA,100.98613453854779,0.5984655407644732,0.3914919993760685,0.573681535940884,0.41937505976343104,0.2599567600823628,0.5538757743462898,1.5165800704813102,-0.7517442702102026,0.0,26.0,30.0,-1.0694307290125655,-0.4750991149995577,0.40435098327384217,0.7056887304898422,1.1179813059161352,84.0,0.3933333333333333,-1.209387500365019,1.0,6.0,9.051192383882558,0.08153894840018197,0.07000469878954715,0.06390682709333873,0.060746257609950054,0.053193686830021424,6.0,0.060746257609950054,100.98613453854779,0.5984655407644732,0.3914919993760685,0.573681535940884,0.41937505976343104,0.2599567600823628,0.5538757743462898,1.5165800704813102,-0.7517442702102026,0.0,0.6777592922050187,26.0,30.0,-1.0694307290125655,-0.4750991149995577,0.40435098327384217,0.7056887304898422,1.1179813059161352,84.0,0.3933333333333333
ID50_DCHA,104.06499753690898,0.6136203719040837,0.4614372021993371,0.7465768953851785,0.6900857092034604,0.49237252363725237,0.6469124515513512,0.8612267557089018,-1.229886467748366,1.0,32.0,32.0,-1.3565167543704726,-0.7579308437529656,0.5024056295180274,0.78560044881725,1.2627738050040411,73.0,0.4666666666666667,-1.4282867930072802,1.0,6.0,9.816083927043824,0.047477290104616494,0.06090502318660011,0.0728150689886854,0.06587975789962298,0.07493639771785891,6.0,0.06587975789962298,104.06499753690898,0.6136203719040837,0.4614372021993371,0.7465768953851785,0.6900857092034604,0.49237252363725237,0.6469124515513512,0.8612267557089018,-1.229886467748366,1.0,0.6984228022611341,32.0,32.0,-1.3565167543704726,-0.7579308437529656,0.5024056295180274,0.78560044881725,1.2627738050040411,73.0,0.4666666666666667
ID50_IZDA,110.90482706553658,0.6753712833174106,0.5499390566391672,0.7704940753688908,0.7645796466822973,0.663952220912161,0.7124244938688264,1.5648758216191339,-0.048005076402988234,0.0,36.0,30.0,-1.1005544074323244,-0.7179099887004916,0.37832098020745136,0.7706740909202623,1.081363048480172,77.0,0.3918918918918919,-1.6227093105553794,1.0,7.0,9.273210412631745,0.06114990709927167,0.0677064352621078,0.07230818472983455,0.06308306403150847,0.06195971494126233,6.0,0.06308306403150847,110.90482706553658,0.6753712833174106,0.5499390566391672,0.7704940753688908,0.7645796466822973,0.663952220912161,0.7124244938688264,1.5648758216191339,-0.048005076402988234,0.0,0.754454605888004,36.0,30.0,-1.1005544074323244,-0.7179099887004916,0.37832098020745136,0.7706740909202623,1.081363048480172,77.0,0.3918918918918919
ID981_DCHA,221.484781452738,1.0565286829877722,0.8697519587568403,1.3497735283585013,1.2505752163451052,0.9236428209475172,1.4359340405610186,0.3742793427934435,-1.2522230132804137,1.0,56.0,56.0,-1.5144315180143852,-1.087964847650113,0.5325391664563399,1.0534176590601982,1.6904251626486582,53.0,0.4266666666666667,-1.1774587566952126,1.0,4.0,13.308309217037735,0.06773387831469482,0.07993562686073387,0.07502646060180812,0.08931751152374319,0.09147728513673639,8.0,0.08931751152374319,221.484781452738,1.0565286829877722,0.8697519587568403,1.3497735283585013,1.2505752163451052,0.9236428209475172,1.4359340405610186,0.3742793427934435,-1.2522230132804137,1.0,1.4864750433069664,56.0,56.0,-1.5144315180143852,-1.087964847650113,0.5325391664563399,1.0534176590601982,1.6904251626486582,53.0,0.4266666666666667
ID981_IZDA,148.0562742651798,0.667770390561158,0.8460904311403844,1.056397570217111,1.5092045698758778,0.8497908623002439,1.150648283004003,0.6989267117292175,-1.686252980087718,1.0,56.0,54.0,-1.215719629527422,-1.0133941225966066,0.6351579285075194,1.1084912124273,1.2628329116829617,53.0,0.5733333333333334,-1.4854502438598043,1.0,4.0,10.150263386393675,0.061200624891337804,0.06756642363885963,0.07184127282602491,0.0681225730630448,0.07031575126001116,4.0,0.0681225730630448,148.0562742651798,0.667770390561158,0.8460904311403844,1.056397570217111,1.5092045698758778,0.8497908623002439,1.150648283004003,0.6989267117292175,-1.686252980087718,1.0,0.9936662702361061,56.0,54.0,-1.215719629527422,-1.0133941225966066,0.6351579285075194,1.1084912124273,1.2628329116829617,53.0,0.5733333333333334
ID982_DCHA,167.40209332933202,0.7450370028713782,0.698138751280128,1.0418642721559683,1.0950543677428644,0.6745301335559881,1.176301889326973,0.7288016488131562,-1.4245722755090704,1.0,58.0,60.0,-1.213549542458784,-0.9597976229439192,0.34238987163923756,0.7978945771290092,1.2272649782371887,64.0,0.52,-1.6019705907536455,1.0,4.0,9.60471453582614,0.05254049678499648,0.06184997484173937,0.058249293982589954,0.06446117138138349,0.06415344870654453,4.0,0.06446117138138349,167.40209332933202,0.7450370028713782,0.698138751280128,1.0418642721559683,1.0950543677428644,0.6745301335559881,1.176301889326973,0.7288016488131562,-1.4245722755090704,1.0,1.1235039820760537,58.0,60.0,-1.213549542458784,-0.9597976229439192,0.34238987163923756,0.7978945771290092,1.2272649782371887,64.0,0.52
ID982_IZDA,224.70986718632884,0.8970449995635447,0.5377258246554255,1.2326607534018843,1.0331371515779648,0.7583585819918804,1.4899778600759288,1.156620416557539,-0.7676829630642468,0.0,66.0,62.0,-1.278810339371007,-0.9504466681622769,0.08441973862206684,0.7325729421818551,1.3680641731966434,64.0,0.38666666666666666,-1.5158225333688458,1.0,3.0,10.940300142067564,0.06285030651181184,0.06984227037823955,0.05607411363587208,0.07342483316823868,0.06794495480643499,6.0,0.07342483316823868,224.70986718632884,0.8970449995635447,0.5377258246554255,1.2326607534018843,1.0331371515779648,0.7583585819918804,1.4899778600759288,1.156620416557539,-0.7676829630642468,0.0,1.508119914002207,66.0,62.0,-1.278810339371007,-0.9504466681622769,0.08441973862206684,0.7325729421818551,1.3680641731966434,64.0,0.38666666666666666
ID983_DCHA,81.2534432784797,0.4568349917877359,0.34169741498721373,0.5480505636977576,0.5436732862634003,0.5076539865471066,0.5416817317115896,0.684524565457284,-1.180710805645935,1.0,26.0,30.0,-0.9292561269605268,-0.6309265545035956,0.13660942325717768,0.6001166289599554,0.937167043995022,94.0,0.46,-0.43908247055233485,0.0,8.0,7.392489068776346,0.04801693736266659,0.05272522050700228,0.057712394057000974,0.0496140205958144,0.05142239334796417,6.0,0.0496140205958144,81.2534432784797,0.4568349917877359,0.34169741498721373,0.5480505636977576,0.5436732862634003,0.5076539865471066,0.5416817317115896,0.684524565457284,-1.180710805645935,1.0,0.5453251226743604,26.0,30.0,-0.9292561269605268,-0.6309265545035956,0.13660942325717768,0.6001166289599554,0.937167043995022,94.0,0.46
ID983_IZDA,104.97412753316044,0.5931291854783931,0.5203453829937751,0.7202479230059767,0.7116699565301352,0.4154463669630196,0.672605837769005,0.9742312658571674,-1.2728838119902608,1.0,32.0,32.0,-1.3907690369869452,-0.7025858467602726,0.2765230479327597,0.7468294144174388,1.2258146520460214,65.0,0.5066666666666667,-1.3205723798599638,1.0,7.0,9.282345490392604,0.04550329703730691,0.05990209795324468,0.07504420070932225,0.06229762074088996,0.07206997353712738,7.0,0.06229762074088996,104.97412753316044,0.5931291854783931,0.5203453829937751,0.7202479230059767,0.7116699565301352,0.4154463669630196,0.672605837769005,0.9742312658571674,-1.2728838119902608,1.0,0.7045243458601372,32.0,32.0,-1.3907690369869452,-0.7025858467602726,0.2765230479327597,0.7468294144174388,1.2258146520460214,65.0,0.5066666666666667
ID984_DCHA,45.15302377009077,0.2992715177814443,0.17175237915262007,0.30257839279221127,0.19173567524535312,0.1273872039366931,0.23859554665501248,1.801470042612884,-0.2922167126127868,0.0,12.0,2.0,-0.3700987262957685,-0.19088524373428023,0.21552695167470232,0.33069291116714056,0.4431600385815747,137.0,0.3401360544217687,-0.6401579022827657,0.0,20.0,4.069561862502984,0.02531387754064466,0.027074136026138233,0.023168274917540175,0.027873711387006738,0.025646412532619886,30.0,0.027873711387006738,45.15302377009077,0.2992715177814443,0.17175237915262007,0.30257839279221127,0.19173567524535312,0.1273872039366931,0.23859554665501248,1.801470042612884,-0.2922167126127868,0.0,0.3092672860965121,12.0,2.0,-0.3700987262957685,-0.19088524373428023,0.21552695167470232,0.33069291116714056,0.4431600385815747,137.0,0.3401360544217687
ID984_IZDA,111.19642670459884,0.7024320680873598,0.3042138148879388,0.6779495359115673,0.42852247377179126,0.2166802591744522,0.6015840262510082,1.9774249874775298,-0.28163348431085833,0.0,26.0,30.0,-0.8938912476247091,-0.43780611914540873,0.29520532459862897,0.4885649357585512,0.8405664995135034,100.0,0.33793103448275863,0.39463729897477107,0.0,7.0,7.36880600933376,0.052137849448364075,0.04975498758496124,0.04252587311800774,0.051172263953706665,0.04731559580396423,7.0,0.051172263953706665,111.19642670459884,0.7024320680873598,0.3042138148879388,0.6779495359115673,0.42852247377179126,0.2166802591744522,0.6015840262510082,1.9774249874775298,-0.28163348431085833,0.0,0.7721974076708252,26.0,30.0,-0.8938912476247091,-0.43780611914540873,0.29520532459862897,0.4885649357585512,0.8405664995135034,100.0,0.33793103448275863
ID985_DCHA,90.75406583730867,0.5456410769522008,0.32972627350336803,0.5691877274089753,0.4230420938408189,0.3085045331409233,0.5422958839735655,0.975142074660351,-1.0824508864187448,1.0,30.0,30.0,-1.041789457121048,-0.6399543268979158,0.2290617925610322,0.6450309668500169,1.0573858878322118,82.0,0.44,-1.1012220284136314,0.0,6.0,8.568065616227113,0.0727747612255471,0.06548747682214928,0.06129272435922064,0.05750379608206116,0.05160145217547726,7.0,0.05750379608206116,90.75406583730867,0.5456410769522008,0.32972627350336803,0.5691877274089753,0.4230420938408189,0.3085045331409233,0.5422958839735655,0.975142074660351,-1.0824508864187448,1.0,0.6090876901832797,30.0,30.0,-1.041789457121048,-0.6399543268979158,0.2290617925610322,0.6450309668500169,1.0573858878322118,82.0,0.44
ID985_IZDA,107.22574440536056,0.6322718947904453,0.44638088887798133,0.6818166169798765,0.5605689938430238,0.31015326858371517,0.6661995797146173,0.5371436256403422,-1.0837057303815785,1.0,28.0,30.0,-1.3393590785800156,-0.6671753729841187,0.4078115053316081,0.7175613881870418,1.2354496747597363,80.0,0.43333333333333335,-1.3071019406296485,0.0,16.0,9.853903837453998,0.07333691192847909,0.07716318202670938,0.07728106959175367,0.06613358280170469,0.06143030565115175,16.0,0.06613358280170469,107.22574440536056,0.6322718947904453,0.44638088887798133,0.6818166169798765,0.5605689938430238,0.31015326858371517,0.6661995797146173,0.5371436256403422,-1.0837057303815785,1.0,0.7196358684923527,28.0,30.0,-1.3393590785800156,-0.6671753729841187,0.4078115053316081,0.7175613881870418,1.2354496747597363,80.0,0.43333333333333335
ID986_DCHA,65.16090781269105,0.47441823394837196,0.20311531362872787,0.430805854531782,0.24638720027266833,0.11978376964439598,0.32297051823432016,0.7868484201628323,-0.5279586334909334,1.0,20.0,20.0,-0.7703151862745861,-0.24237261004479432,0.2793803982627629,0.45066843638344123,0.7944277096498816,97.0,0.36666666666666664,-1.3578213724845247,1.0,7.0,7.380697881998396,0.07029068992477154,0.058949172287199494,0.057906222060298815,0.049534885114083195,0.045400747930279525,7.0,0.049534885114083195,65.16090781269105,0.47441823394837196,0.20311531362872787,0.430805854531782,0.24638720027266833,0.11978376964439598,0.32297051823432016,0.7868484201628323,-0.5279586334909334,1.0,0.43732152894423526,20.0,20.0,-0.7703151862745861,-0.24237261004479432,0.2793803982627629,0.45066843638344123,0.7944277096498816,97.0,0.36666666666666664
ID986_IZDA,69.66559817326971,0.40753322677448495,0.16401587004177925,0.38168572421089403,0.19007111035189458,0.1588986363288515,0.38484396590719705,0.729959082538483,-0.5005342480787367,1.0,20.0,20.0,-0.8227293317976379,-0.26192601837871576,0.1265495134729902,0.2951199847801381,0.7970336286146384,96.0,0.3624161073825503,-1.2233467785721144,1.0,6.0,7.161431561077137,0.07823551597558721,0.05998395930589792,0.05322452381832453,0.04838805108835904,0.039649567307625096,6.0,0.04838805108835904,69.66559817326971,0.40753322677448495,0.16401587004177925,0.38168572421089403,0.19007111035189458,0.1588986363288515,0.38484396590719705,0.729959082538483,-0.5005342480787367,1.0,0.4707135011707413,20.0,20.0,-0.8227293317976379,-0.26192601837871576,0.1265495134729902,0.2951199847801381,0.7970336286146384,96.0,0.3624161073825503
ID987_DCHA,76.69093935825826,0.5286426650820686,0.057456677022691215,0.4034427773806639,0.1092257453386782,0.11985201319115461,0.35443999278593535,1.0001060134674755,0.5685939608952024,0.0,14.0,14.0,-0.20917806810237474,-0.06678328178603536,0.06007811618019727,0.15942007267528457,0.48137828777974095,105.0,0.29333333333333333,-1.8627944248128552,1.0,12.0,7.978991254644986,0.057523864497953804,0.06208887950593086,0.08230865269282078,0.053550276876811985,0.06476335772381421,12.0,0.053550276876811985,76.69093935825826,0.5286426650820686,0.057456677022691215,0.4034427773806639,0.1092257453386782,0.11985201319115461,0.35443999278593535,1.0001060134674755,0.5685939608952024,0.0,0.5147042909950219,14.0,14.0,-0.20917806810237474,-0.06678328178603536,0.06007811618019727,0.15942007267528457,0.48137828777974095,105.0,0.29333333333333333
ID987_IZDA,77.82752675932846,0.5284180512991359,0.11772412491707672,0.4550610608428088,0.17313415919316175,0.11939230068996268,0.3735672432498483,1.230975371441545,0.6603145091795488,0.0,14.0,12.0,-0.5303456469394899,-0.1586022131827989,0.021730930774784527,0.16422740625629575,0.583452198158406,104.0,0.25675675675675674,-1.850644821931919,1.0,11.0,7.633252778425113,0.05895092321170829,0.06164646582873963,0.07720358686189616,0.05192688964915043,0.05889052847148657,12.0,0.05192688964915043,77.82752675932846,0.5284180512991359,0.11772412491707672,0.4550610608428088,0.17313415919316175,0.11939230068996268,0.3735672432498483,1.230975371441545,0.6603145091795488,0.0,0.5294389575464521,14.0,12.0,-0.5303456469394899,-0.1586022131827989,0.021730930774784527,0.16422740625629575,0.583452198158406,104.0,0.25675675675675674
ID988_DCHA,49.624672220408335,0.2988417562908215,0.08038650310964345,0.29981833667497804,0.139680972039578,0.15864995463885775,0.23911304331869335,1.0229111366699135,0.6161137381405264,0.0,10.0,14.0,-0.3283188592160633,-0.14092548097305785,0.05024971180528982,0.2906711373999692,0.7916366789025111,109.0,0.3,-1.3295943351130595,1.0,14.0,5.968741731398538,0.05408982259908668,0.046149173327541274,0.052211368499474387,0.04005866933824522,0.04244294981306354,14.0,0.04005866933824522,49.624672220408335,0.2988417562908215,0.08038650310964345,0.29981833667497804,0.139680972039578,0.15864995463885775,0.23911304331869335,1.0229111366699135,0.6161137381405264,0.0,0.33305149141213647,10.0,14.0,-0.3283188592160633,-0.14092548097305785,0.05024971180528982,0.2906711373999692,0.7916366789025111,109.0,0.3
ID989_DCHA,25.139805756843018,0.13481024465956554,0.057123092395809906,0.13564099244018815,0.09257246849766929,0.06261954697532442,0.15081205125774236,1.2336019382395436,0.9021076998702862,0.0,0.0,4.0,-0.2563222424878505,-0.0639681687168493,0.033483350936507186,0.09266145801247708,0.24651608648248638,147.0,0.2866666666666667,-1.3559061435435744,0.0,12.0,2.8582994787006,0.027177142702672196,0.02215363234715807,0.01878578222837458,0.019183217977856378,0.0159078450618192,10.0,0.019183217977856378,25.139805756843018,0.13481024465956554,0.057123092395809906,0.13564099244018815,0.09257246849766929,0.06261954697532442,0.15081205125774236,1.2336019382395436,0.9021076998702862,0.0,0.16872352856941622,0.0,4.0,-0.2563222424878505,-0.0639681687168493,0.033483350936507186,0.09266145801247708,0.24651608648248638,147.0,0.2866666666666667
ID990_DCHA,99.05273460641583,0.5756958908752737,0.40830804977061635,0.6765295520690077,0.5926447668989161,0.4964499613669643,0.6109538413858755,1.24835559039617,-1.112611686925278,1.0,28.0,28.0,-1.2761347284834628,-0.7494493183183172,0.21198473370280727,0.8149050799363152,1.3669614089177542,70.0,0.4266666666666667,-1.5311049239315997,1.0,7.0,9.918043805409354,0.08087469636351345,0.07635613443306291,0.08702558009907414,0.06656405238529768,0.06906559865376491,6.0,0.06656405238529768,99.05273460641583,0.5756958908752737,0.40830804977061635,0.6765295520690077,0.5926447668989161,0.4964499613669643,0.6109538413858755,1.24835559039617,-1.112611686925278,1.0,0.6647834537343345,28.0,28.0,-1.2761347284834628,-0.7494493183183172,0.21198473370280727,0.8149050799363152,1.3669614089177542,70.0,0.4266666666666667
ID990_IZDA,103.20729501901364,0.48035406183423485,0.3169653833201165,0.631562606148804,0.457418642817702,0.19368417779962213,0.5895974277979931,2.1497160953791887,-0.6652218290006098,0.0,28.0,28.0,-1.191359459991654,-0.39045120470482925,0.31089741490458034,0.6018437848479049,0.953653595078247,83.0,0.39864864864864863,-1.4815959361703366,1.0,8.0,8.418630141935957,0.06422157849711486,0.0632063859085215,0.05911652443067559,0.05726959280228542,0.05223192125103611,15.0,0.05726959280228542,103.20729501901364,0.48035406183423485,0.3169653833201165,0.631562606148804,0.457418642817702,0.19368417779962213,0.5895974277979931,2.1497160953791887,-0.6652218290006098,0.0,0.7020904423062152,28.0,28.0,-1.191359459991654,-0.39045120470482925,0.31089741490458034,0.6018437848479049,0.953653595078247,83.0,0.39864864864864863
ID991_DCHA,61.537254656753895,0.43341329786128224,0.1479469494181756,0.3699867879140515,0.1905707221460068,0.1599535342352926,0.3180270365353595,0.7470423640910494,-0.5203817331623131,1.0,22.0,22.0,-0.71827482682631,-0.06029108731570208,0.12453039076994267,0.24111806829307017,0.8483066510279306,96.0,0.4066666666666667,-1.7872557643031766,1.0,8.0,6.092316483585744,0.04889151375261835,0.047199748137384465,0.05692118729212353,0.04088803009117949,0.04490411686309025,8.0,0.04088803009117949,61.537254656753895,0.43341329786128224,0.1479469494181756,0.3699867879140515,0.1905707221460068,0.1599535342352926,0.3180270365353595,0.7470423640910494,-0.5203817331623131,1.0,0.41300170910573086,22.0,22.0,-0.71827482682631,-0.06029108731570208,0.12453039076994267,0.24111806829307017,0.8483066510279306,96.0,0.4066666666666667
ID991_IZDA,81.3461404244394,0.4389432416470261,0.2609836067062729,0.5193502936819753,0.3703677410183681,0.2188400948865567,0.4667848530721096,0.8888506560891958,-0.9293807961708533,1.0,26.0,24.0,-1.1064849200115696,-0.35107233977537416,0.19824523161541852,0.5337411407423128,0.906762775974607,87.0,0.42,-1.5259524155138844,1.0,8.0,7.831818579464164,0.07008437910028087,0.06372986753096624,0.06936530368603012,0.05256254080177291,0.05176050281970023,8.0,0.05256254080177291,81.3461404244394,0.4389432416470261,0.2609836067062729,0.5193502936819753,0.3703677410183681,0.2188400948865567,0.4667848530721096,0.8888506560891958,-0.9293807961708533,1.0,0.5459472511707342,26.0,24.0,-1.1064849200115696,-0.35107233977537416,0.19824523161541852,0.5337411407423128,0.906762775974607,87.0,0.42
ID992_DCHA,154.18505535488663,0.975116411816709,0.8842749814514133,1.1541044118676624,1.1565238800057718,0.7432751178170464,0.9861408608068557,0.5623578570452923,-1.3572750668954614,1.0,32.0,34.0,-2.122758001197541,-1.475372825860467,0.7880027352473332,1.287768202151972,1.7551027302654594,52.0,0.5,-1.6562930873655095,1.0,4.0,14.816878271426706,0.11694633162374037,0.11286924278707303,0.11851270896600767,0.09944213604984367,0.09684260200306115,5.0,0.09944213604984367,154.18505535488663,0.975116411816709,0.8842749814514133,1.1541044118676624,1.1565238800057718,0.7432751178170464,0.9861408608068557,0.5623578570452923,-1.3572750668954614,1.0,1.034799029227427,32.0,34.0,-2.122758001197541,-1.475372825860467,0.7880027352473332,1.287768202151972,1.7551027302654594,52.0,0.5
ID992_IZDA,190.86861703321708,1.122208087343153,0.9636978349391251,1.3563317080839223,1.3541810739794382,0.8531833222581977,1.2716985750940144,0.7923590900968547,-1.3921917687051268,1.0,36.0,34.0,-2.5428925043882753,-1.6117508790230624,0.6623478724898029,1.802347120130068,2.2059846114357087,46.0,0.5135135135135135,-1.5087009854971627,1.0,4.0,17.440277607294156,0.14504582478767167,0.13979869813384607,0.14137451593974404,0.11864134426730719,0.10989464463439028,5.0,0.11864134426730719,190.86861703321708,1.122208087343153,0.9636978349391251,1.3563317080839223,1.3541810739794382,0.8531833222581977,1.2716985750940144,0.7923590900968547,-1.3921917687051268,1.0,1.2984259662123612,36.0,34.0,-2.5428925043882753,-1.6117508790230624,0.6623478724898029,1.802347120130068,2.2059846114357087,46.0,0.5135135135135135
ID993_DCHA,115.36879323266172,0.8351845379677303,0.8809706692926231,0.8717179547121928,0.9213770805617263,0.6232242234778029,0.7598241785565959,0.33025221356194573,-1.3488782966746196,1.0,34.0,34.0,-1.4240026447334189,-0.9361626874260851,0.66335398867922,0.9243281375961362,1.2404934826463623,67.0,0.47333333333333333,-1.5911952256791035,1.0,6.0,10.796401719573932,0.071718218889485,0.07699268800639467,0.08737684509252186,0.07245907194344921,0.0764833737519166,6.0,0.07245907194344921,115.36879323266172,0.8351845379677303,0.8809706692926231,0.8717179547121928,0.9213770805617263,0.6232242234778029,0.7598241785565959,0.33025221356194573,-1.3488782966746196,1.0,0.77428720290377,34.0,34.0,-1.4240026447334189,-0.9361626874260851,0.66335398867922,0.9243281375961362,1.2404934826463623,67.0,0.47333333333333333
ID993_IZDA,103.00271879478555,0.656803737863975,0.4650899028725404,0.7069499409767874,0.6034489951849233,0.38643551368171525,0.6282697995129808,0.9980234884647626,-1.0457975744635162,1.0,34.0,32.0,-0.9594564944122047,-0.6292334502805432,0.38616325303594956,0.664321729717833,0.9424733862325807,98.0,0.4,-1.4301128001984433,1.0,5.0,8.138578635341304,0.05817923129721977,0.059627759636884416,0.05891336925110152,0.054621333123096,0.05217257327393147,4.0,0.054621333123096,103.00271879478555,0.656803737863975,0.4650899028725404,0.7069499409767874,0.6034489951849233,0.38643551368171525,0.6282697995129808,0.9980234884647626,-1.0457975744635162,1.0,0.6912934147301044,34.0,32.0,-0.9594564944122047,-0.6292334502805432,0.38616325303594956,0.664321729717833,0.9424733862325807,98.0,0.4
ID994_DCHA,128.70179805517526,0.8500289110254482,0.7489614612279856,0.9563750307252381,0.9545273899103467,0.5088793195791839,0.8226529890813553,0.48661032953355604,-1.3237329536481461,1.0,32.0,30.0,-1.9127387205201107,-1.2274595440962615,0.5370633454531637,1.0312221588151915,1.6105321795055685,57.0,0.5066666666666667,-1.6092506715046622,1.0,5.0,12.786245044429371,0.1082070261010709,0.10078613275369601,0.10711680349922884,0.08581372513039846,0.083109333237847,5.0,0.08581372513039846,128.70179805517526,0.8500289110254482,0.7489614612279856,0.9563750307252381,0.9545273899103467,0.5088793195791839,0.8226529890813553,0.48661032953355604,-1.3237329536481461,1.0,0.8637704567461427,32.0,30.0,-1.9127387205201107,-1.2274595440962615,0.5370633454531637,1.0312221588151915,1.6105321795055685,57.0,0.5066666666666667
ID994_IZDA,179.74336306495107,1.1431110693814976,1.2070166823987647,1.3639620078780141,1.5713425185672902,1.071041140829941,1.250697085551953,0.5180807736894201,-1.3550687332093903,1.0,32.0,34.0,-2.311370305314976,-1.64713076538722,0.8427790659217131,1.5274801686036115,2.0715464723888326,43.0,0.48,-1.5041991867269893,1.0,4.0,17.156034649608582,0.12995741514124343,0.13185879948271859,0.14931306430221192,0.11514117214502403,0.11767312133741391,5.0,0.11514117214502403,179.74336306495107,1.1431110693814976,1.2070166823987647,1.3639620078780141,1.5713425185672902,1.071041140829941,1.250697085551953,0.5180807736894201,-1.3550687332093903,1.0,1.2063312957379266,32.0,34.0,-2.311370305314976,-1.64713076538722,0.8427790659217131,1.5274801686036115,2.0715464723888326,43.0,0.48
ID996_DCHA,74.38678521496419,0.5789731620808162,0.605032955183869,0.5544763208342157,0.5496227598217759,0.4377033482816004,0.4732739035857131,0.39940490206823875,-1.137378261846316,1.0,28.0,28.0,-1.0139471209550688,-0.5572001165129972,0.3354338739166356,0.6244341231449905,0.9047852949057557,96.0,0.44,-1.6552630952701037,1.0,6.0,7.513410553477803,0.04983403687267298,0.05485193733635754,0.0674494393022636,0.05042557418441478,0.05635485731885209,6.0,0.05042557418441478,74.38678521496419,0.5789731620808162,0.605032955183869,0.5544763208342157,0.5496227598217759,0.4377033482816004,0.4732739035857131,0.39940490206823875,-1.137378261846316,1.0,0.4992401692279476,28.0,28.0,-1.0139471209550688,-0.5572001165129972,0.3354338739166356,0.6244341231449905,0.9047852949057557,96.0,0.44
ID996_IZDA,118.97271979097778,0.8309779000240248,0.671303183452181,0.8189920731531289,0.729706652744438,0.7001921517271851,0.7370856524494881,0.41764561734613204,-1.02371472239152,1.0,26.0,28.0,-1.8461637856860789,-0.5079946916893368,0.2860056245273086,0.875074013429764,1.5481085879996948,69.0,0.46,-1.7774118069730946,1.0,7.0,11.806631247179116,0.06827738020949074,0.08479618872210128,0.10927378111126257,0.07923913588710815,0.09247027505282596,7.0,0.07923913588710815,118.97271979097778,0.8309779000240248,0.671303183452181,0.8189920731531289,0.729706652744438,0.7001921517271851,0.7370856524494881,0.41764561734613204,-1.02371472239152,1.0,0.7984746294696495,26.0,28.0,-1.8461637856860789,-0.5079946916893368,0.2860056245273086,0.875074013429764,1.5481085879996948,69.0,0.46
ID997_DCHA,109.11140038372241,0.8461821113359623,0.8310578268092433,0.8297527632333466,0.8105310836068403,0.4986660506735437,0.6801003301391599,0.5874834163200875,-1.1306225999234596,1.0,28.0,26.0,-1.703213644127146,-0.8669940395178852,0.5744013583426424,0.9475120371934915,1.312864593017267,68.0,0.44,-1.6420547271702006,1.0,7.0,11.421706840403253,0.07800136103467312,0.0839844421640408,0.10586443969979384,0.07665575060673324,0.08692105930927292,7.0,0.07665575060673324,109.11140038372241,0.8461821113359623,0.8310578268092433,0.8297527632333466,0.8105310836068403,0.4986660506735437,0.6801003301391599,0.5874834163200875,-1.1306225999234596,1.0,0.7322912777431034,28.0,26.0,-1.703213644127146,-0.8669940395178852,0.5744013583426424,0.9475120371934915,1.312864593017267,68.0,0.44
ID997_IZDA,121.92472917510672,0.7940672221560522,0.6754250871637335,0.8691632994681655,0.7533184198129763,0.37497836003974894,0.7545467580068659,1.0421571111128454,-1.2076280978579246,1.0,30.0,28.0,-1.8733921108655442,-0.9655235090235601,0.5226585915478954,0.8956535804030672,1.3230356728845616,63.0,0.4421768707482993,-1.6315489339636364,1.0,7.0,11.734382509726252,0.09660576743752367,0.09145620986422595,0.10025212727632639,0.08037248294333049,0.0809545286184725,8.0,0.08037248294333049,121.92472917510672,0.7940672221560522,0.6754250871637335,0.8691632994681655,0.7533184198129763,0.37497836003974894,0.7545467580068659,1.0421571111128454,-1.2076280978579246,1.0,0.835100884761005,30.0,28.0,-1.8733921108655442,-0.9655235090235601,0.5226585915478954,0.8956535804030672,1.3230356728845616,63.0,0.4421768707482993
ID998_DCHA,102.46059583158424,0.7546533346958929,0.8215565032957316,0.7649959999265695,0.8045539460731216,0.49430224657447336,0.6746216001861068,0.6112833538206568,-1.3620168409287174,1.0,34.0,34.0,-1.3248316102741613,-0.9062080282733603,0.5404097015083306,0.8547104641538409,1.1391790898900416,70.0,0.49333333333333335,-1.5430664989904328,1.0,5.0,9.665115646886372,0.06557475082504093,0.07046839025672719,0.08168519546688305,0.06486654796568035,0.06904905644968501,6.0,0.06486654796568035,102.46059583158424,0.7546533346958929,0.8215565032957316,0.7649959999265695,0.8045539460731216,0.49430224657447336,0.6746216001861068,0.6112833538206568,-1.3620168409287174,1.0,0.6876550055811023,34.0,34.0,-1.3248316102741613,-0.9062080282733603,0.5404097015083306,0.8547104641538409,1.1391790898900416,70.0,0.49333333333333335
ID998_IZDA,87.36359641095383,0.6055298473763709,0.5654959652995449,0.6352277113358292,0.6431365556312969,0.4327434654883056,0.5680674550433389,0.6870613119917609,-1.3859385482332525,1.0,34.0,30.0,-1.0570018575023805,-0.6484528485404971,0.4999899825170384,0.727241019996763,0.8594337111901762,98.0,0.41333333333333333,-1.4701033282233562,1.0,5.0,7.909470922425738,0.05380275587771065,0.05912981148667549,0.06467849287598468,0.05308369746594455,0.05345412071096398,5.0,0.05308369746594455,87.36359641095383,0.6055298473763709,0.5654959652995449,0.6352277113358292,0.6431365556312969,0.4327434654883056,0.5680674550433389,0.6870613119917609,-1.3859385482332525,1.0,0.5863328618184821,34.0,30.0,-1.0570018575023805,-0.6484528485404971,0.4999899825170384,0.727241019996763,0.8594337111901762,98.0,0.41333333333333333
ID9992_DCHA,77.29472458624714,0.5019492000832818,0.4701499398219439,0.5453091466950154,0.5319285542732706,0.4486866973668508,0.5252502381110791,0.5683540332100547,-1.122078976541576,1.0,26.0,24.0,-1.0826960203193194,-0.7323987470863369,0.17272013403088837,0.5774830595173126,1.1014211586550897,78.0,0.4482758620689655,-1.5435609877336662,1.0,6.0,8.384041786085852,0.06282957885597804,0.06485152916890737,0.079158803842869,0.05822251240337398,0.06461264023270057,6.0,0.05822251240337398,77.29472458624714,0.5019492000832818,0.4701499398219439,0.5453091466950154,0.5319285542732706,0.4486866973668508,0.5252502381110791,0.5683540332100547,-1.122078976541576,1.0,0.5367689207378273,26.0,24.0,-1.0826960203193194,-0.7323987470863369,0.17272013403088837,0.5774830595173126,1.1014211586550897,78.0,0.4482758620689655
ID9992_IZDA,115.10492115125645,0.6332405943375533,0.37642411611575477,0.7677517687692836,0.6698835707657012,0.6026116663008554,0.7199974622349123,1.3116342324462853,-0.9679108060253707,1.0,34.0,34.0,-1.0806935582954582,-0.6420971450114518,0.2855143711664502,0.7674620426322267,1.221378993159924,80.0,0.3933333333333333,-1.0227998067599664,1.0,7.0,9.416043783608801,0.04873918902201568,0.057749057180955785,0.07156022304932327,0.06319492472220672,0.07437012462430785,7.0,0.06319492472220672,115.10492115125645,0.6332405943375533,0.37642411611575477,0.7677517687692836,0.6698835707657012,0.6026116663008554,0.7199974622349123,1.3116342324462853,-0.9679108060253707,1.0,0.7725162493372916,34.0,34.0,-1.0806935582954582,-0.6420971450114518,0.2855143711664502,0.7674620426322267,1.221378993159924,80.0,0.3933333333333333
ID9993_DCHA,79.54856399515563,0.4637680228218382,0.18845385905433923,0.4349235482204583,0.23959447464043862,0.18115051272181687,0.44654968797537564,1.2255984537385873,-0.41245884948153133,0.0,20.0,20.0,-0.9034348544433203,-0.2920949356175782,0.05802478287083267,0.20690560605559347,0.9325593436325231,91.0,0.35333333333333333,-1.760330616086656,1.0,10.0,8.248062152903419,0.071515093421965,0.06443309194786784,0.07888110443881222,0.05535612183156657,0.0617261498070501,10.0,0.05535612183156657,79.54856399515563,0.4637680228218382,0.18845385905433923,0.4349235482204583,0.23959447464043862,0.18115051272181687,0.44654968797537564,1.2255984537385873,-0.41245884948153133,0.0,0.5338829798332593,20.0,20.0,-0.9034348544433203,-0.2920949356175782,0.05802478287083267,0.20690560605559347,0.9325593436325231,91.0,0.35333333333333333
ID9993_IZDA,166.85375872838597,1.0494247690182286,0.33620899627025175,0.9147166974352717,0.4932459679328929,0.38185023265955165,0.9243350587567623,1.3788200644303612,-0.10026179701474369,0.0,20.0,18.0,-1.308694987360665,-0.6263469538311833,0.04711762723849955,0.33234768962731914,1.841455815113698,77.0,0.34,-1.5664248103475442,1.0,9.0,16.997492865473056,0.13505010837086925,0.13349724359877008,0.16019731833264067,0.11407713332532253,0.12491096200630525,9.0,0.11407713332532253,166.85375872838597,1.0494247690182286,0.33620899627025175,0.9147166974352717,0.4932459679328929,0.38185023265955165,0.9243350587567623,1.3788200644303612,-0.10026179701474369,0.0,1.1198238840831274,20.0,18.0,-1.308694987360665,-0.6263469538311833,0.04711762723849955,0.33234768962731914,1.841455815113698,77.0,0.34
ID9994_DCHA,190.66557577716145,1.3316505351861647,0.5559045968942329,1.2422303119236124,0.7532233510449913,0.781481582294468,0.9952028744175753,0.7378586773759029,-0.36261254718700986,1.0,18.0,20.0,-2.422046572643996,-0.2470598765050852,0.543044047712482,1.619063088938967,2.510698682020152,58.0,0.3691275167785235,-1.7254783040650676,1.0,9.0,10.848246392265654,0.0893217474169548,0.0893363052013274,0.1137864080012546,0.07329896210990307,0.08376249269281794,8.0,0.07329896210990307,190.66557577716145,1.3316505351861647,0.5559045968942329,1.2422303119236124,0.7532233510449913,0.781481582294468,0.9952028744175753,0.7378586773759029,-0.36261254718700986,1.0,1.288280917413253,18.0,20.0,-2.422046572643996,-0.2470598765050852,0.543044047712482,1.619063088938967,2.510698682020152,58.0,0.3691275167785235
ID9994_IZDA,264.2390455778848,2.0056195027471015,1.1768612175126574,1.8258740579134918,1.2543684979563308,0.9958072042311401,1.393665103021709,0.9331403846485504,-0.7274999222778673,1.0,22.0,20.0,-4.36102937041083,-1.011642579632551,0.8635429499639549,1.880976613809854,3.3043069118316035,49.0,0.4066666666666667,-1.6852810036952575,1.0,9.0,14.508270750226362,0.09259884546637293,0.1096388376988115,0.14766175579002044,0.0973709446323917,0.11756348422225955,9.0,0.0973709446323917,264.2390455778848,2.0056195027471015,1.1768612175126574,1.8258740579134918,1.2543684979563308,0.9958072042311401,1.393665103021709,0.9331403846485504,-0.7274999222778673,1.0,1.7734164132743946,22.0,20.0,-4.36102937041083,-1.011642579632551,0.8635429499639549,1.880976613809854,3.3043069118316035,49.0,0.4066666666666667
ID9995_DCHA,191.03574706848843,1.2498883524354474,1.5024769637228832,1.3810327696379725,1.5655121312957125,1.1948478176348667,1.3378240308660518,0.6011453826633897,-1.3252938573618624,1.0,32.0,34.0,-2.464136016161355,-1.5068933118715366,0.7902053052867175,1.6840326341340526,2.2455782940076925,41.0,0.49333333333333335,-1.1953021317065602,0.0,6.0,17.764980061073235,0.10156622961175336,0.11891546752392126,0.15358165702641788,0.11922805410116265,0.13956155267109369,6.0,0.11922805410116265,191.03574706848843,1.2498883524354474,1.5024769637228832,1.3810327696379725,1.5655121312957125,1.1948478176348667,1.3378240308660518,0.6011453826633897,-1.3252938573618624,1.0,1.2821191078422043,32.0,34.0,-2.464136016161355,-1.5068933118715366,0.7902053052867175,1.6840326341340526,2.2455782940076925,41.0,0.49333333333333335
ID9995_IZDA,177.18651143171508,1.0460745078685396,1.098528028659127,1.3595378091317016,1.4913686494495624,0.9183033018259479,1.186040098153154,0.9130852129402233,-1.5052171332323934,1.0,36.0,36.0,-2.3171975071789457,-1.966798362749987,1.165882223204694,1.4644280810147627,2.086602269004204,34.0,0.5533333333333333,-1.346007782300887,0.0,5.0,16.95665313397287,0.10663073979240921,0.11739353040613949,0.1448206195196433,0.11380304116760316,0.12693771672673557,5.0,0.11380304116760316,177.18651143171508,1.0460745078685396,1.098528028659127,1.3595378091317016,1.4913686494495624,0.9183033018259479,1.186040098153154,0.9130852129402233,-1.5052171332323934,1.0,1.1891712176625173,36.0,36.0,-2.3171975071789457,-1.966798362749987,1.165882223204694,1.4644280810147627,2.086602269004204,34.0,0.5533333333333333
ID9996_DCHA,91.40259145103877,0.4583990252156302,0.13138249541388747,0.45223756033204443,0.25484008866883545,0.1435715177203241,0.47361043161662936,1.6016073063545073,0.7252069878553677,0.0,10.0,10.0,-0.38729742603400413,-0.23294774007012314,0.024023824185810918,0.15534328317905743,0.37353916257342656,138.0,0.30666666666666664,0.8519724835531433,0.0,9.0,3.9389588234579227,0.01498980802207672,0.02022395850464213,0.013091232118050593,0.026435965258106865,0.02221447107829563,11.0,0.026435965258106865,91.40259145103877,0.4583990252156302,0.13138249541388747,0.45223756033204443,0.25484008866883545,0.1435715177203241,0.47361043161662936,1.6016073063545073,0.7252069878553677,0.0,0.6134402110807972,10.0,10.0,-0.38729742603400413,-0.23294774007012314,0.024023824185810918,0.15534328317905743,0.37353916257342656,138.0,0.30666666666666664
ID9996_IZDA,107.3597429804399,0.49573053593729954,0.17665124314784902,0.5100806706231371,0.323557811892155,0.19904544407310115,0.5891787093596865,3.4203127979753987,2.053804170576992,0.0,22.0,24.0,-0.5410563979739748,-0.3250321492344863,0.1153002475270617,0.23785841710701153,0.4529579696485492,104.0,0.2462686567164179,0.12412636702349733,0.0,7.0,5.095029443792939,0.024501511659271506,0.028581057045438018,0.01867826344260145,0.038308492058593525,0.03688658979814402,21.0,0.038308492058593525,107.3597429804399,0.49573053593729954,0.17665124314784902,0.5100806706231371,0.323557811892155,0.19904544407310115,0.5891787093596865,3.4203127979753987,2.053804170576992,0.0,0.8072161126348865,22.0,24.0,-0.5410563979739748,-0.3250321492344863,0.1153002475270617,0.23785841710701153,0.4529579696485492,104.0,0.2462686567164179
ID9997_DCHA,33.357811399695365,0.11470226393264206,0.06864936377670043,0.13741506839468437,0.10357039812558469,0.06743532242880938,0.1950000643059376,2.3243457191666583,-0.14364218829368625,0.0,0.0,0.0,-0.18093097221937599,-0.13372803560779983,0.015480498727772024,0.07370357181217298,0.21888333947356953,150.0,0.35333333333333333,3.8638096402659166,0.0,9.0,1.729772815721524,0.007511914801329959,0.009829701781662684,0.007460670533281015,0.011609213528332376,0.010342255434847836,11.0,0.011609213528332376,33.357811399695365,0.11470226393264206,0.06864936377670043,0.13741506839468437,0.10357039812558469,0.06743532242880938,0.1950000643059376,2.3243457191666583,-0.14364218829368625,0.0,0.22387792885701588,0.0,0.0,-0.18093097221937599,-0.13372803560779983,0.015480498727772024,0.07370357181217298,0.21888333947356953,150.0,0.35333333333333333
ID9997_IZDA,34.0368612471584,0.13193977570227608,0.0815939075243973,0.17684509936287174,0.11670287841878119,0.07752057522722246,0.1858844566883921,2.235613437689041,0.2920686651293929,0.0,0.0,0.0,-0.20040518910873215,-0.12731832039125185,0.037052179338724005,0.11476283732423416,0.1793954128873854,150.0,0.30666666666666664,4.060366483352376,0.0,8.0,1.817249751599912,0.009424524317256428,0.010059029371582696,0.00822263478989637,0.01219630705771753,0.011484496157321347,7.0,0.01219630705771753,34.0368612471584,0.13193977570227608,0.0815939075243973,0.17684509936287174,0.11670287841878119,0.07752057522722246,0.1858844566883921,2.235613437689041,0.2920686651293929,0.0,0.22843531038361342,0.0,0.0,-0.20040518910873215,-0.12731832039125185,0.037052179338724005,0.11476283732423416,0.1793954128873854,150.0,0.30666666666666664
ID9998_DCHA,94.63041355325578,0.6123305482084636,0.48744671726924926,0.627975506556804,0.5643754245485513,0.3412415661080765,0.6014952965163889,1.2336442624123773,-0.9699867045553958,0.0,30.0,28.0,-1.0782719675483596,-0.6682312592628782,0.3442642475076127,0.6249970654889728,0.9599821215541211,87.0,0.42,-1.233737829507503,0.0,9.0,8.60845049513946,0.04141122949286371,0.054154442499477144,0.06702801156922392,0.05777483553784872,0.06713869948215484,9.0,0.05777483553784872,94.63041355325578,0.6123305482084636,0.48744671726924926,0.627975506556804,0.5643754245485513,0.3412415661080765,0.6014952965163889,1.2336442624123773,-0.9699867045553958,0.0,0.6351034466661462,30.0,28.0,-1.0782719675483596,-0.6682312592628782,0.3442642475076127,0.6249970654889728,0.9599821215541211,87.0,0.42
ID9998_IZDA,66.5323430811816,0.4613280073913491,0.3653712001431412,0.46082750292245883,0.40962281441669113,0.2908656110983325,0.40932783660801547,0.8233298507186189,-0.7238940624550931,0.0,24.0,16.0,-0.8976761707420624,-0.5152866926662842,0.3005857968636026,0.5042377205766674,0.8308792505481644,105.0,0.38,-1.4492593090206762,1.0,7.0,7.371759931495945,0.04410902970649908,0.04988317392052016,0.0600118198012506,0.0494748988691003,0.055867727328432,7.0,0.0494748988691003,66.5323430811816,0.4613280073913491,0.3653712001431412,0.46082750292245883,0.40962281441669113,0.2908656110983325,0.40932783660801547,0.8233298507186189,-0.7238940624550931,0.0,0.44652579249115165,24.0,16.0,-0.8976761707420624,-0.5152866926662842,0.3005857968636026,0.5042377205766674,0.8308792505481644,105.0,0.38
ID9999_DCHA,122.68829830716858,0.5392377677294636,0.23687129737635942,0.5841133606348146,0.2790407263365862,0.2535671685379911,0.6250628034517075,1.4336507569799375,1.2584606367760456,0.0,24.0,24.0,-0.5109273970366606,-0.3230991706867268,0.1360109326048336,0.27107742419055947,0.588027471203822,125.0,0.28,1.282131713643202,0.0,4.0,5.5743077500608,0.023067105879715,0.027682070388712378,0.01692427933806273,0.03741146140980403,0.02658984315184597,11.0,0.03741146140980403,122.68829830716858,0.5392377677294636,0.23687129737635942,0.5841133606348146,0.2790407263365862,0.2535671685379911,0.6250628034517075,1.4336507569799375,1.2584606367760456,0.0,0.8234113980346884,24.0,24.0,-0.5109273970366606,-0.3230991706867268,0.1360109326048336,0.27107742419055947,0.588027471203822,125.0,0.28
ID9999_IZDA,38.015492226119825,0.22572638066370757,0.13104622743640337,0.2243269784488654,0.14190544546342498,0.08815836357667198,0.21187801956248276,1.9431863173573647,1.0304834892777377,0.0,0.0,2.0,-0.2615807257237208,-0.18148707782956688,0.10609060381528425,0.17164560293200531,0.23593455226680712,149.0,0.29333333333333333,0.6819214770459077,0.0,7.0,2.581477976399695,0.011793860902629738,0.013940915639962517,0.013632878187305963,0.017325355546306678,0.018033580151381744,13.0,0.017325355546306678,38.015492226119825,0.22572638066370757,0.13104622743640337,0.2243269784488654,0.14190544546342498,0.08815836357667198,0.21187801956248276,1.9431863173573647,1.0304834892777377,0.0,0.255137531718925,0.0,2.0,-0.2615807257237208,-0.18148707782956688,0.10609060381528425,0.17164560293200531,0.23593455226680712,149.0,0.29333333333333333
ID999_DCHA,102.31082054810196,0.6542723832790202,0.5152925303232683,0.7094590085633119,0.651271974305993,0.5589107221270101,0.7127362572457315,0.9044842381723308,-1.040206221982329,1.0,28.0,24.0,-1.1981854397289844,-0.9568383720479828,0.18544085257053636,0.7147316416543779,1.3372557688819053,64.0,0.38571428571428573,-1.582021203297644,1.0,9.0,10.051394888479617,0.0820218110953391,0.08258924147177833,0.08989534394795942,0.0723121934422994,0.07293051550569575,8.0,0.0723121934422994,102.31082054810196,0.6542723832790202,0.5152925303232683,0.7094590085633119,0.651271974305993,0.5589107221270101,0.7127362572457315,0.9044842381723308,-1.040206221982329,1.0,0.736049068691381,28.0,24.0,-1.1981854397289844,-0.9568383720479828,0.18544085257053636,0.7147316416543779,1.3372557688819053,64.0,0.38571428571428573
ID999_IZDA,105.85233931474707,0.7160049782180219,0.5916042925553645,0.7565496963036524,0.694411302137178,0.5763547925794207,0.6965453711786804,0.9779436268087291,-1.0671949178859876,1.0,26.0,26.0,-1.355457884607564,-0.7258999355491612,0.2776181355710537,0.857828633607276,1.2485635650254332,74.0,0.4097222222222222,-1.489342859839912,1.0,8.0,10.109336084946918,0.06688054571521282,0.07741313576425854,0.0915088801867203,0.07069465793669173,0.07698914584157242,7.0,0.07069465793669173,105.85233931474707,0.7160049782180219,0.5916042925553645,0.7565496963036524,0.694411302137178,0.5763547925794207,0.6965453711786804,0.9779436268087291,-1.0671949178859876,1.0,0.7402261490541753,26.0,26.0,-1.355457884607564,-0.7258999355491612,0.2776181355710537,0.857828633607276,1.2485635650254332,74.0,0.4097222222222222
