ID,max_intensity__abs_energy,max_intensity__absolute_maximum,max_intensity__absolute_sum_of_changes,"max_intensity__agg_autocorrelation__f_agg_""var""__maxlag_40",max_intensity__autocorrelation__lag_1,max_intensity__autocorrelation__lag_2,"max_intensity__change_quantiles__f_agg_""mean""__isabs_False__qh_1.0__ql_0.2","max_intensity__change_quantiles__f_agg_""mean""__isabs_False__qh_1.0__ql_0.4","max_intensity__change_quantiles__f_agg_""mean""__isabs_True__qh_1.0__ql_0.0","max_intensity__change_quantiles__f_agg_""mean""__isabs_True__qh_1.0__ql_0.2","max_intensity__change_quantiles__f_agg_""mean""__isabs_True__qh_1.0__ql_0.4",max_intensity__cid_ce__normalize_False,max_intensity__cid_ce__normalize_True,"max_intensity__cwt_coefficients__coeff_0__w_10__widths_(2, 5, 10, 20)","max_intensity__cwt_coefficients__coeff_0__w_20__widths_(2, 5, 10, 20)","max_intensity__cwt_coefficients__coeff_0__w_2__widths_(2, 5, 10, 20)","max_intensity__cwt_coefficients__coeff_0__w_5__widths_(2, 5, 10, 20)","max_intensity__cwt_coefficients__coeff_1__w_10__widths_(2, 5, 10, 20)","max_intensity__cwt_coefficients__coeff_1__w_20__widths_(2, 5, 10, 20)","max_intensity__cwt_coefficients__coeff_1__w_2__widths_(2, 5, 10, 20)","max_intensity__cwt_coefficients__coeff_1__w_5__widths_(2, 5, 10, 20)","max_intensity__cwt_coefficients__coeff_2__w_10__widths_(2, 5, 10, 20)","max_intensity__cwt_coefficients__coeff_2__w_20__widths_(2, 5, 10, 20)","max_intensity__cwt_coefficients__coeff_2__w_2__widths_(2, 5, 10, 20)","max_intensity__cwt_coefficients__coeff_2__w_5__widths_(2, 5, 10, 20)",max_intensity__energy_ratio_by_chunks__num_segments_10__segment_focus_0,"max_intensity__fft_coefficient__attr_""abs""__coeff_0","max_intensity__fft_coefficient__attr_""abs""__coeff_1","max_intensity__fft_coefficient__attr_""angle""__coeff_1","max_intensity__fft_coefficient__attr_""imag""__coeff_1","max_intensity__fft_coefficient__attr_""real""__coeff_0","max_intensity__fft_coefficient__attr_""real""__coeff_1",max_intensity__friedrich_coefficients__coeff_0__m_3__r_30,max_intensity__friedrich_coefficients__coeff_1__m_3__r_30,max_intensity__friedrich_coefficients__coeff_3__m_3__r_30,max_intensity__index_mass_quantile__q_0.3,max_intensity__index_mass_quantile__q_0.8,max_intensity__lempel_ziv_complexity__bins_3,max_intensity__lempel_ziv_complexity__bins_5,"max_intensity__linear_trend__attr_""intercept""","max_intensity__linear_trend__attr_""pvalue""","max_intensity__linear_trend__attr_""rvalue""","max_intensity__linear_trend__attr_""stderr""",max_intensity__max_langevin_fixed_point__m_3__r_30,max_intensity__maximum,max_intensity__mean,max_intensity__mean_abs_change,max_intensity__mean_second_derivative_central,max_intensity__median,max_intensity__minimum,max_intensity__quantile__q_0.1,max_intensity__quantile__q_0.2,max_intensity__quantile__q_0.3,max_intensity__quantile__q_0.4,max_intensity__quantile__q_0.6,max_intensity__quantile__q_0.7,max_intensity__quantile__q_0.8,max_intensity__quantile__q_0.9,max_intensity__ratio_beyond_r_sigma__r_0.5,max_intensity__ratio_beyond_r_sigma__r_1,max_intensity__root_mean_square,max_intensity__skewness,max_intensity__sum_values,max_intensity__symmetry_looking__r_0.05,max_intensity__symmetry_looking__r_0.1,max_intensity__symmetry_looking__r_0.15000000000000002,max_intensity__symmetry_looking__r_0.2
CONTROL01_DCHA,0.36520693266766646,0.48927950307837265,0.47720556823184457,0.554561412441884,-0.9964592016098197,0.4929184032196392,0.2303910341352986,0.2303910341352986,0.23860278411592228,0.2303910341352986,0.2303910341352986,0.33763507349093247,2.9964571095977526,0.25959892786875527,0.1895257908678596,0.20368827268728412,0.32501091964836604,0.2700878913868366,0.1945529214541391,0.45413560948927645,0.364690450025714,0.26978254266891,0.19452795750974122,0.44857305726113533,0.3639708813612443,0.1835212679620167,0.9906329410032734,0.2390263313969869,-116.58862190150158,-0.21374765655082928,0.9906329410032734,-0.10698376708702562,-3.3985928879344907,-0.9420584142146623,0.3252103553821846,0.6666666666666666,1.0,0.6666666666666666,0.6666666666666666,0.33842273031504816,0.962095798905573,-0.05950460814239912,0.1377573816387219,0.3996215304336119,0.48927950307837265,0.3302109803344245,0.23860278411592228,-0.23860278411592228,0.25888846894307405,0.2424649689818267,0.24574966897407619,0.24903436896632564,0.2523190689585751,0.2556037689508246,0.30496667577013375,0.35104488259719346,0.39712308942425323,0.44320129625131294,1.0,0.3333333333333333,0.34890635451730523,1.7044937649894374,0.9906329410032734,0.0,0.0,0.0,0.0
CONTROL01_DCHA_aug0_005,0.3714361857522919,0.4905800700847558,0.47031106428323655,0.545431195886404,-0.9923554253163072,0.4847108506326146,0.223239336838641,0.223239336838641,0.23515553214161827,0.223239336838641,0.223239336838641,0.33298684660901057,2.992345660497437,0.2625419831507456,0.19162810636817265,0.2083740651888666,0.32891999951032774,0.27306111790907084,0.1966756462147542,0.45962651087009304,0.36873501332762315,0.27261802173993355,0.1966394206553205,0.4515546067217757,0.3676908362935006,0.1924181606264766,1.001429145971031,0.23605955059752137,-114.98403858937895,-0.21397039252392458,1.001429145971031,-0.09970347311634326,-3.421063701088753,-0.9276868225004207,0.32472981396931694,0.6666666666666666,1.0,0.6666666666666666,0.6666666666666666,0.34572591062665425,0.9442670954375438,-0.08743325845290727,0.135767109783393,0.40110069553546124,0.4905800700847558,0.333809715323677,0.23515553214161827,-0.23515553214161825,0.2673407332461148,0.24350834264016027,0.24827482076135118,0.25304129888254207,0.257807777003733,0.2625742551249239,0.311988600613843,0.35663646798157117,0.4012843353492994,0.4459322027170276,1.0,0.3333333333333333,0.35186938189821326,1.672657372374008,1.001429145971031,0.0,0.0,0.0,0.0
CONTROL01_DCHA_aug0_007,0.3666257842985105,0.4898580796252694,0.47671980811884296,0.5529479299389626,-0.9957364577357892,0.491472915471578,0.22935486384702847,0.22935486384702847,0.23835990405942148,0.22935486384702847,0.22935486384702847,0.3373322831050815,2.9957334237903637,0.2602032653687746,0.18996148151090664,0.20467548344767791,0.32582385614656295,0.27070314761408054,0.1949899891323892,0.45532862397641166,0.36553085508302186,0.2703683009017209,0.19496261356400327,0.4492287053700073,0.3647417730025376,0.18509861645614886,0.9928544307569653,0.2388696634378193,-116.25616234797793,-0.2142243257451133,0.9928544307569653,-0.10567239171112125,-3.3992429262244,-0.9395612928236532,0.3254314966315583,0.6666666666666666,1.0,0.6666666666666666,0.6666666666666666,0.3399565171313815,0.9584018038664213,-0.0652958058699893,0.13761715477272035,0.4000881064917025,0.4898580796252694,0.33095147691898846,0.23835990405942148,-0.23835990405942145,0.2605032157782409,0.2424931353534549,0.2460951514384121,0.24969716752336932,0.25329918360832654,0.25690119969328373,0.3063741885476466,0.3522451613170523,0.398116134086458,0.44398710685586373,1.0,0.3333333333333333,0.34958345894245363,1.6988788773336623,0.9928544307569653,0.0,0.0,0.0,0.0
CONTROL01_IZDA,0.26598539346311967,0.4088161259121005,0.373579338968309,0.5375999652910513,-0.9888080583492195,0.4776161166984388,0.17531635371581367,0.17531635371581367,0.1867896694841545,0.17531635371581367,0.17531635371581367,0.2646583367314158,2.9887871035079288,0.2236843642799921,0.16315330546858936,0.17832551696363594,0.28014185943346276,0.23249410608842608,0.167494371930983,0.3903685383257326,0.313895040492543,0.23206747811406048,0.1674594927374401,0.3825966360708002,0.3128896715366024,0.2049817206345116,0.8528690387679925,0.18784379561263093,-113.92720255240806,-0.1717007818588005,0.8528690387679925,-0.07618486108956601,-4.949761410237518,-1.070084930016718,0.2672371920883962,0.6666666666666666,1.0,0.6666666666666666,0.6666666666666666,0.2957629953576717,0.9325244728045341,-0.10579197347048948,0.10784306595851784,0.336452870265834,0.4088161259121005,0.2842896795893308,0.1867896694841545,-0.18678966948415454,0.23349977219628681,0.21055314065960512,0.21514246696694145,0.2197317932742778,0.22432111958161413,0.2289104458889505,0.26856304293944955,0.3036263136826123,0.338689584425775,0.37375285516893775,1.0,0.3333333333333333,0.29776131014797724,1.645226115921734,0.8528690387679925,0.0,0.0,0.0,0.0
CONTROL02_DCHA,0.19521080289642517,0.3613225506817016,0.36480243626125547,0.5019704740010026,-0.9723324977649644,0.44466499552992855,-0.1646370578410105,-0.1646370578410105,0.18240121813062773,0.1646370578410105,0.1646370578410105,0.2591747278047459,2.972203725620063,0.18784315580472782,0.13718338695280552,0.13157677353133168,0.23321831101559112,0.19569026287505956,0.14120727478297226,0.3226878330403991,0.26384726653994794,0.19635081191543177,0.1412612783158114,0.33472108656531513,0.265403881527641,0.13304404154870886,0.7191652157838494,0.18497810829371802,-129.57482580763278,-0.14257987449464307,0.7191652157838494,-0.11784684949973975,-5.646770328264168,-1.299757947729374,0.2463941317617945,0.6666666666666666,1.0,0.6666666666666666,0.6666666666666666,0.2219575783049992,0.893613046581858,0.16633551104630606,0.10530939238823357,0.2989828043408208,0.3613225506817016,0.23972173859461646,0.18240121813062773,-0.1824012181306277,0.19668549284069112,0.16115717226145662,0.16826283637730352,0.17536850049315042,0.18247416460899732,0.18957982872484422,0.2296129044088932,0.2625403159770953,0.29546772754529743,0.3283951391134995,0.6666666666666666,0.3333333333333333,0.25508874462065495,1.5189062401228033,0.7191652157838494,0.0,0.0,0.0,0.0
CONTROL02_IZDA,0.267253436047079,0.42169597136731246,0.42052212602391204,0.5612415717198217,-0.9994403853736129,0.4988807707472257,0.20738853475432056,0.20738853475432056,0.21026106301195602,0.20738853475432056,0.20738853475432056,0.29738179513046403,2.9994403331691193,0.22119174566943617,0.16153813734796643,0.1708383451113217,0.27666876253699174,0.23022952134010924,0.16586361230516236,0.38654801745524264,0.3108364722349353,0.2301227081976309,0.16585487974074264,0.38460219731975254,0.31058476202372887,0.17185065257511217,0.8445657880780254,0.21031992029926808,-118.64447455135432,-0.18457910443927542,0.8445657880780254,-0.10082173911952486,-4.506600011745382,-1.1119332153003543,0.28242478665821186,0.6666666666666666,1.0,0.6666666666666666,0.6666666666666666,0.28439445761697724,0.9849386061261591,-0.023656175227350532,0.12139428133004966,0.34405209713514934,0.42169597136731246,0.2815219293593418,0.21026106301195602,-0.21026106301195602,0.2143074366129919,0.20856238009772102,0.2097113914007752,0.21086040270382936,0.21200941400688356,0.21315842530993773,0.255785143563856,0.2972628505147201,0.33874055746558424,0.38021826441644835,1.0,0.3333333333333333,0.29847023081433044,1.727690060401326,0.8445657880780253,0.0,0.0,0.0,0.0
CONTROL03_IZDA,0.5495795958451766,0.6068958356229119,0.6122469955227767,0.5507734783540834,-0.9947607629974458,0.48952152599489196,0.2932969217691149,0.2932969217691149,0.30612349776138836,0.2932969217691149,0.2932969217691149,0.43330385858737125,2.994756180056178,0.31668003989649285,0.2313312255760963,0.2504598874805212,0.3969623247312207,0.32961689018046325,0.23734060445608607,0.5566368117261837,0.4452169003958738,0.3291399420824486,0.2373016113144729,0.5479482253671745,0.44409294969373875,0.17894455964843717,1.2084405113459589,0.30692858947436524,-115.84915406670056,-0.2762188664095915,1.2084405113459589,-0.13382188489228397,-2.227436098964005,-0.783379563175031,0.4086041752087371,0.6666666666666666,1.0,0.6666666666666666,0.6666666666666666,0.4156400797742598,0.9538794896300062,-0.07238257388732545,0.17674048383780738,0.4926271009898037,0.6068958356229119,0.4028135037819864,0.30612349776138836,-0.3061234977613884,0.313598913853797,0.2879457618692501,0.29307639226615945,0.29820702266306887,0.30333765305997823,0.30846828345688765,0.37225829820761996,0.43091768256144297,0.489577066915266,0.5482364512690889,1.0,0.3333333333333333,0.4280107459107293,1.691304250963266,1.208440511345959,0.0,0.0,0.0,0.0
CONTROL03_IZDA_aug1_003,0.5495792454068137,0.606895552312822,0.6122461455925071,0.5507796874725805,-0.9947635518204992,0.48952710364099844,0.29329994679984983,0.29329994679984983,0.30612307279625356,0.29329994679984983,0.29329994679984983,0.43330305389770796,2.99475897376116,0.31667995776461305,0.23133115709678045,0.2504575118371784,0.3969619095534634,0.32961682340383186,0.23734059899672755,0.5566355952530906,0.4452167430335905,0.32914000359172685,0.23730161634319616,0.5479493458846444,0.4440930946432558,0.1789408981852145,1.2084405113459589,0.30692773315420563,-115.85026088861986,-0.27621551059492283,1.2084405113459589,-0.1338268474035212,-2.227417604295091,-0.7833781284135506,0.408603610902094,0.6666666666666666,1.0,0.6666666666666666,0.6666666666666666,0.41563662977839,0.9538917876513318,-0.07236330685852264,0.1767402384840724,0.49262755877612524,0.606895552312822,0.40281350378198627,0.30612307279625356,-0.30612307279625356,0.31359560551297216,0.2879493535201647,0.2930786039187262,0.2982078543172877,0.3033371047158492,0.3084663551144107,0.37225559487294213,0.4309155842329121,0.48957557359288206,0.548235562952852,1.0,0.3333333333333333,0.4280106094505967,1.6913258926352943,1.2084405113459589,0.0,0.0,0.0,0.0
CONTROL04_DCHA,0.5985592656108658,0.6300565154294124,0.625753279845898,0.5494858447014329,-0.9941820828180788,0.48836416563615803,0.2990580632375396,0.2990580632375396,0.312876639922949,0.2990580632375396,0.2990580632375396,0.44290573460068283,2.994176430491108,0.33139036011580575,0.24201430200046767,0.2623085031710961,0.415319452168323,0.3448463311873166,0.2483312183986221,0.5817168867655491,0.46574860745126934,0.3443324961723178,0.24828920954778688,0.5723563296720506,0.4645377309884136,0.1830394777058592,1.264416266442339,0.3137907758273119,-115.62550004990582,-0.2829263568776983,1.264416266442339,-0.1357104549333603,-2.068409848154832,-0.7444213197388484,0.4218337155048579,0.6666666666666666,1.0,0.6666666666666666,0.6666666666666666,0.4352906654995225,0.9513944449989536,-0.0762752724145968,0.18063941228266026,0.5125862452049612,0.6300565154294124,0.4214720888141131,0.312876639922949,-0.31287663992294906,0.33099845219187285,0.30336129882105395,0.30888872949521773,0.3144161601693815,0.3199435908435453,0.32547102151770907,0.39081006483938074,0.45062167748688864,0.5104332901343966,0.5702449027819045,1.0,0.3333333333333333,0.44667634278481994,1.6868147056491452,1.2644162664423393,0.0,0.0,0.0,0.0
CONTROL04_IZDA,0.5599169451881404,0.6137548140924998,0.6239394079586364,0.5264765598036233,-0.9837246966353317,0.4674493932706633,0.2888021836720945,0.2888021836720945,0.3119697039793182,0.2888021836720945,0.2888021836720945,0.4424066685711893,2.9836803079103484,0.3192422297971384,0.2332479309419098,0.2593654206791599,0.40113835280434873,0.33225304280971985,0.2391029428090187,0.5646056538525615,0.4489916113472205,0.33139157325206864,0.23903251291403274,0.5489122216353685,0.4469615176782852,0.18858906293978883,1.2173250343188629,0.31453981972478506,-112.67053427620705,-0.29023734998594847,1.2173250343188629,-0.12123357152882347,-2.2386381382711362,-0.7834990102493479,0.41546933296491617,0.6666666666666666,1.0,0.6666666666666666,0.6666666666666666,0.4289425317468447,0.9185614919578562,-0.1275746971960679,0.18011579257146723,0.4958868308153998,0.6137548140924998,0.40577501143962097,0.3119697039793182,-0.3119697039793182,0.3249526304204053,0.2786175898059578,0.2878845979288473,0.2971516060517368,0.3064186141746263,0.3156856222975158,0.38271306715482417,0.44047350388924306,0.498233940623662,0.5559943773580809,1.0,0.3333333333333333,0.43201733961657157,1.6060609056684576,1.2173250343188629,0.0,0.0,0.0,0.0
CONTROL05_DCHA,0.24148336549904736,0.4040869226021733,0.41321724311779173,0.5467714834524463,-0.992959986409736,0.48591997281947236,-0.19656457568400268,-0.19656457568400268,0.20660862155889587,0.19656457568400268,0.19656457568400268,0.29253377705832195,2.9929517066699245,0.20892602263503626,0.15262768867843143,0.15287566724260895,0.26031741365322514,0.21763043596743295,0.15690802427351877,0.36225780188572293,0.29363536191087974,0.21800391744676823,0.15693855844751847,0.36906153189367147,0.29451548864307736,0.1454824846337732,0.7990435246887283,0.2073397479382039,-124.81304890857261,-0.17022991602645526,0.7990435246887283,-0.1183703795917877,-4.682642697405411,-1.1799270968446076,0.2749847203947181,0.6666666666666666,1.0,0.6666666666666666,0.6666666666666666,0.25630379568801626,0.9465216787936377,0.08390478883987339,0.11928554327392604,0.33124049768060493,0.4040869226021733,0.2663478415629094,0.20660862155889587,-0.20660862155889587,0.20752234691817065,0.1874342551683843,0.19145187351834156,0.19546949186829884,0.1994871102182561,0.2035047285682134,0.24683526205497117,0.2861481771917717,0.3254610923285723,0.3647740074653728,1.0,0.3333333333333333,0.2837154475285918,1.6773405539982922,0.7990435246887282,0.0,0.0,0.0,0.0
CONTROL05_IZDA,0.41804004402250516,0.5235294403816965,0.510854294674578,0.5522846202167635,-0.9954390287486953,0.49087805749739044,0.24544491299837118,0.24544491299837118,0.255427147337289,0.24544491299837118,0.24544491299837118,0.36150428102378596,2.9954355563911186,0.27773548609886395,0.20277001545138165,0.21872127417658152,0.3478263656673319,0.2889511193780975,0.20812577135056085,0.48623965623849075,0.390184356704185,0.2885799363215475,0.20809542508532,0.4794777967085741,0.3893096463137533,0.18498468143363864,1.0597340264705115,0.25601164544617167,-116.12758416454288,-0.22985126693431512,1.0597340264705115,-0.1127402221602678,-2.979760818319495,-0.8813794225722329,0.34816935183250564,0.6666666666666666,1.0,0.6666666666666666,0.6666666666666666,0.36322690982908834,0.9569731573838096,-0.06753496317689825,0.14747093227352198,0.4273495503299578,0.5235294403816965,0.3532446754901705,0.255427147337289,-0.255427147337289,0.2780845273833253,0.2581200587054897,0.2621129524410568,0.2661058461766239,0.2700987399121911,0.2740916336477582,0.3271735099829995,0.37626249258267375,0.425351475182348,0.47444045778202226,1.0,0.3333333333333333,0.37329168399635565,1.6965691848648996,1.0597340264705115,0.0,0.0,0.0,0.0
CONTROL06_DCHA,0.18576777060046684,0.3561088338286646,0.3688629292680554,0.5617037316335272,-0.9996459776163862,0.4992919552327723,-0.1824276080433395,-0.1824276080433395,0.1844314646340277,0.1824276080433395,0.1824276080433395,0.26084087328595057,2.9996459567252796,0.18303873170016288,0.13375608961754243,0.13850799773885056,0.22872121458163774,0.19065681810597593,0.1373656560223925,0.31981420764918395,0.2573909471314139,0.19073133024313538,0.13737174780120087,0.32117159882277185,0.2575665384991678,0.1549736037973961,0.6994635722179383,0.1844641197381235,-121.07811135862839,-0.1579869429171624,0.6994635722179383,-0.09522151720304622,-6.210255882729043,-1.3590287993450016,0.24272611422816362,0.6666666666666666,1.0,0.6666666666666666,0.6666666666666666,0.2311506674819579,0.988020984904129,0.018815482550650527,0.10648155575349284,0.28977129726261797,0.3561088338286646,0.2331545240726461,0.1844314646340277,-0.18443146463402774,0.1736812257853251,0.16967351260394864,0.17047505524022394,0.17127659787649924,0.1720781405127745,0.1728796831490498,0.210166747393993,0.24665226900266088,0.2831377906113288,0.31962331221999674,1.0,0.3333333333333333,0.24884250079147577,1.729291883230161,0.6994635722179383,0.0,0.0,0.0,0.0
CONTROL06_IZDA,0.14804798169200498,0.3128514508811112,0.30894220418841356,0.5620360330229729,-0.9997937499155573,0.4995874998311146,-0.15319016301180655,-0.15319016301180655,0.15447110209420678,0.15319016301180655,0.15319016301180655,0.21846263839444804,2.9997937428252204,0.16482186375066973,0.12034654421029815,0.12499435952356668,0.20582147310114793,0.17155520105898886,0.1236426806755589,0.2867501646437163,0.2315411239346304,0.17160283196683143,0.1236465747653821,0.2876178591745692,0.23165336841686193,0.1667042282335718,0.6296121484549201,0.1544870343977038,-120.82287644347521,-0.13266657277810373,0.6296121484549201,-0.07915695967070377,-8.043743148071405,-1.482018070449232,0.2087369998471836,0.6666666666666666,1.0,0.6666666666666666,0.6666666666666666,0.20858977706923976,0.9908569284058312,0.014361409556262819,0.08918393237610846,0.2563304652634955,0.3128514508811112,0.20987071615164002,0.15447110209420678,-0.15447110209420678,0.15966128786930467,0.15709940970450417,0.15761178533746428,0.15812416097042437,0.15863653660338448,0.15914891223634456,0.19029932047166598,0.2209373530740273,0.2515753856763886,0.2822134182787499,1.0,0.3333333333333333,0.2221470846774009,1.7304433854113568,0.6296121484549201,0.0,0.0,0.0,0.0
CONTROL07_DCHA,0.16041604934475473,0.31893052511880027,0.2952337975014706,0.5620893506170027,-0.9998174558407422,0.49963491168148444,0.1464653056265988,0.1464653056265988,0.1476168987507353,0.1464653056265988,0.1464653056265988,0.20876817268687484,2.9998174502866757,0.1733083985222518,0.12642160331808844,0.13300236770066526,0.21640800203791252,0.18021505244756106,0.12991248765245225,0.3004866770468572,0.24318405145634395,0.18017223118718925,0.1299089867778777,0.299706600094479,0.24308314113536453,0.1854194268964261,0.6615577778549302,0.14763037389695763,-119.22585944922852,-0.12883729324633783,0.6615577778549302,-0.07208105968916287,-7.801537093092168,-1.374780879096733,0.20762148054477528,0.6666666666666666,1.0,0.6666666666666666,0.6666666666666666,0.22167085240911324,0.9913984383247612,-0.013510890394707037,0.08522665623067475,0.26332977563085336,0.31893052511880027,0.22051925928497673,0.1476168987507353,-0.1476168987507353,0.17246521949220148,0.17016203324392845,0.17062267049358307,0.17108330774323766,0.17154394499289227,0.17200458224254686,0.20175828061752124,0.23105134174284098,0.26034440286816074,0.2896374639934805,1.0,0.3333333333333333,0.2312401704900158,1.7306281248779916,0.6615577778549302,0.0,0.0,0.0,0.0
CONTROL07_IZDA,0.1845664959942128,0.35436941656670157,0.3666695522492741,0.5160155527167146,-0.9788948168981088,0.45778963379621757,0.16779263769236563,0.16779263769236563,0.18333477612463706,0.16779263769236563,0.16779263769236563,0.260204528030235,2.9788200518642696,0.1826752036073827,0.1335125169236761,0.14997627264596922,0.22981680299299223,0.1901565141298646,0.13679811492732352,0.3243371828346155,0.25704184461643126,0.18957858956380613,0.13675086640166664,0.3138091033180076,0.25567993810185125,0.18860895758791654,0.6964386974508305,0.18530060533580148,-111.64672460096912,-0.17223246023254998,0.6964386974508305,-0.06835418041391139,-6.7838676080087605,-1.3804112465238305,0.24161109242462242,0.6666666666666666,1.0,0.6666666666666666,0.6666666666666666,0.24768837091588164,0.9071858288996568,-0.1452762303403114,0.10584838234737898,0.2851678615611479,0.35436941656670157,0.2321462324836102,0.18333477612463706,-0.18333477612463708,0.18657677887433594,0.15549250200979306,0.16170935738270165,0.1679262127556102,0.1741430681285188,0.18035992350142735,0.22013530641280904,0.2536938339512822,0.2872523614897553,0.32081088902822846,1.0,0.3333333333333333,0.24803662094820647,1.5690059545650024,0.6964386974508305,0.0,0.0,0.0,0.0
CONTROL07_IZDA_aug0_012,0.17805904985153564,0.3505429959049095,0.3704654219725989,0.5132687380530749,-0.9776185079482367,0.4552370158964738,0.1690512822205482,0.1690512822205482,0.18523271098629945,0.1690512822205482,0.1690512822205482,0.26295625437032305,2.977534390681226,0.17866704886150053,0.13063482216749472,0.14738255736564623,0.2249548770034793,0.18604067898204965,0.13380218292791865,0.31822366158264476,0.2515334829995735,0.18543898281016155,0.13375299094217385,0.30726253358339695,0.25011555757397513,0.18499055321002042,0.6811635657421297,0.18734106098246905,-111.39599532465816,-0.17442976170666505,0.6811635657421297,-0.06834421234452284,-6.957369509797106,-1.4221936202087075,0.24080247742079824,0.6666666666666666,1.0,0.6666666666666666,0.6666666666666666,0.24323595067979442,0.9043999480517572,-0.14960445197841826,0.10694415555066414,0.2809876465817178,0.3505429959049095,0.22705452191404318,0.18523271098629945,-0.1852327109862994,0.18149171368436132,0.1491288561528588,0.15560142765915932,0.1620739991654598,0.16854657067176032,0.1750191421780608,0.21530197012847094,0.2491122265725806,0.28292248301669026,0.3167327394607999,1.0,0.3333333333333333,0.24362474549433305,1.5592397518772012,0.6811635657421296,0.0,0.0,0.0,0.0
CONTROL08_DCHA,0.2301227531598637,0.3944334264347926,0.4031563869223532,0.5494681063654866,-0.9941741062353933,0.4883482124707861,0.19266911101242512,0.19266911101242512,0.2015781934611766,0.19266911101242512,0.19266911101242512,0.28535290371450645,2.9941684383835785,0.20444037241134252,0.14937592039623682,0.16213834603767235,0.2563867797318753,0.21282993597595598,0.1532250822594531,0.3600120369605361,0.28750795262233386,0.21249865739221344,0.1531979984052915,0.3539771191241516,0.2867272790053308,0.17690053859896518,0.7801438923820246,0.20216795821620073,-115.62249643076092,-0.182287328111382,0.7801438923820246,-0.08742547305746107,-5.287514969956945,-1.2198286584158133,0.26690339838100735,0.6666666666666666,1.0,0.6666666666666666,0.6666666666666666,0.26895704657609304,0.951361071452899,-0.07632754263440521,0.11638122425756876,0.3194075382282152,0.3944334264347926,0.26004796412734155,0.2015781934611766,-0.2015781934611766,0.2017643154223675,0.18394615052486454,0.18750978350436515,0.19107341648386572,0.19463704946336632,0.1982006824428669,0.24029813762485253,0.27883195982733755,0.3173657820298226,0.3558996042323076,1.0,0.3333333333333333,0.2769613409604691,1.686752836586475,0.7801438923820246,0.0,0.0,0.0,0.0
CONTROL08_IZDA,0.21563022941122062,0.36183920113471624,0.31438029786019017,0.44757600702911854,-0.9460074772811766,0.39201495456235347,0.13550890361402218,0.13550890361402218,0.15719014893009509,0.13550890361402218,0.13550890361402218,0.22440507712224872,2.9455126656809787,0.20257362051634678,0.1476720574626353,0.1689755690887578,0.2545190573479588,0.2103515688072666,0.15145439210645503,0.35546788040350835,0.2841385593023268,0.20954536544307045,0.15138848052806742,0.3407812350810898,0.2822387030265099,0.2375613276286776,0.7711373055439585,0.16161365077255282,-106.56377374283252,-0.1549071714275231,0.7711373055439585,-0.04607320649093821,-6.7157585571335785,-1.1828995403168767,0.24023453810028642,0.6666666666666666,1.0,0.6666666666666666,1.0,0.27872701383072573,0.8507085971425834,-0.23236291166798329,0.09075377479874774,0.298798318932314,0.36183920113471624,0.25704576851465283,0.15719014893009509,-0.15719014893009506,0.22633029752069406,0.18296780688854827,0.19164030501497742,0.2003128031414066,0.20898530126783574,0.2176577993942649,0.2534320782434985,0.2805338589663029,0.3076356396891074,0.3347374204119118,0.6666666666666666,0.3333333333333333,0.26809838331678454,1.320810589972838,0.7711373055439585,0.0,0.0,0.0,1.0
CONTROL09_DCHA,0.2573561469724259,0.419819920916729,0.43844703534719787,0.5199767875358555,-0.9807294399767715,0.4614588799535427,-0.2014816605873679,-0.2014816605873679,0.21922351767359893,0.2014816605873679,0.2014816605873679,0.31104251861780885,2.980667146774465,0.21446001171253384,0.15671901945264127,0.1519965416496978,0.2666637568512363,0.22351903882281676,0.16121434481468233,0.37048705087042505,0.30148478709277493,0.22417875853270827,0.1612682805451736,0.38250519644222725,0.3030394477240504,0.12992028923182453,0.821012727402989,0.22136682493045673,-127.97948039190429,-0.1744882364653345,0.821012727402989,-0.13622454446614599,-4.235740073807943,-1.1548334358442787,0.29067542797461166,0.6666666666666666,1.0,0.6666666666666666,0.6666666666666666,0.2559290520480987,0.9113391067566191,0.13881844266245377,0.126568756941549,0.34484996890660136,0.419819920916729,0.27367090913432973,0.21922351767359893,-0.21922351767359893,0.21833826032936107,0.18285454615689903,0.18995128899139144,0.19704803182588385,0.20414477466037625,0.21124151749486866,0.2586345924468346,0.29893092456430825,0.33922725668178183,0.3795235887992554,1.0,0.3333333333333333,0.29289141729340923,1.583063139665335,0.8210127274029891,0.0,0.0,0.0,0.0
CONTROL09_DCHA_aug0_028,0.25549461669876367,0.4181788463064513,0.4364141796713463,0.5186713886336584,-0.9801256264463655,0.46025125289273083,-0.2002674350375359,-0.2002674350375359,0.21820708983567316,0.2002674350375359,0.2002674350375359,0.30963257344417067,2.9800593548918104,0.21369972195878073,0.1561609814311644,0.15128146480945223,0.26569142270054286,0.22272578702038565,0.16064627156392647,0.3690669855814462,0.3004084367314798,0.2233928617128182,0.16070080860486835,0.38121911722268315,0.30198042972622563,0.12969230611393545,0.8181223592480075,0.22040832039054814,-128.10435602310312,-0.17343668629325587,0.8181223592480075,-0.13601302711504246,-4.2649256891911955,-1.1584963110454196,0.2895053780269217,0.6666666666666666,1.0,0.6666666666666666,0.6666666666666666,0.25476779828453194,0.9099515997432985,0.14097650000491097,0.12598192205571077,0.34360943663169324,0.4181788463064513,0.2727074530826692,0.21820708983567316,-0.21820708983567322,0.2179114112689154,0.18203210167264086,0.18920796359189576,0.19638382551115066,0.2035596874304056,0.2107355493496605,0.25796489827642255,0.29801838528392977,0.338071872291437,0.37812535929894414,1.0,0.3333333333333333,0.29183021130945513,1.5784341725003699,0.8181223592480076,0.0,0.0,0.0,0.0
CONTROL09_IZDA,0.18186306887271864,0.3562277576532312,0.3816112481542038,0.5410514392421261,-0.9903746591432248,0.4807493182864493,0.17994539856581912,0.17994539856581912,0.1908056240771019,0.17994539856581912,0.17994539856581912,0.27027663856725853,2.9903591682036037,0.18006692832913257,0.13168451735407385,0.14491681091808972,0.22629749036088193,0.18757744616938415,0.13495650006261825,0.319581929232295,0.25353393621967796,0.1871736155676136,0.13492348468021478,0.31222532780647894,0.25258229034816054,0.17087290079313597,0.6870720248054898,0.19173059138781184,-114.36972161497583,-0.1746477488193127,0.6870720248054898,-0.07911247377162675,-6.568056805337894,-1.4105188611806132,0.2455776190843126,0.6666666666666666,1.0,0.6666666666666666,0.6666666666666666,0.23988423377977935,0.9374413512775093,-0.09810882150334424,0.11016167842380932,0.2858110085128472,0.3562277576532312,0.2290240082684966,0.1908056240771019,-0.1908056240771019,0.1762823590874121,0.15456190806484654,0.15890599826935967,0.16325008847387276,0.16759417867838589,0.17193826888289898,0.21227143880057592,0.24826051851373973,0.2842495982269036,0.32023867794006744,1.0,0.3333333333333333,0.2462133687628941,1.6573302597210113,0.6870720248054898,0.0,0.0,0.0,0.0
CONTROL09_IZDA_aug0_020,0.18973448437060406,0.36491776425391836,0.39431303705023546,0.5385527228735032,-0.9892410098525644,0.47848201970512877,0.1852855757325747,0.1852855757325747,0.19715651852511773,0.1852855757325747,0.1852855757325747,0.27932637569599084,2.989221647706203,0.18357860793153652,0.13427621594120925,0.14829601106014903,0.23082332606724645,0.1912583193653331,0.13758487518266865,0.326368604730935,0.2585404559147971,0.1908169058821126,0.13754878719210356,0.3183273541526044,0.25750024420945017,0.1700677831971743,0.7004402557115197,0.19822575676560442,-114.04625486664166,-0.18102309158966326,0.7004402557115197,-0.08077184507374435,-6.278964321298943,-1.3881069667954238,0.2524431278160815,0.6666666666666666,1.0,0.6666666666666666,0.6666666666666666,0.2453510280297162,0.9338472762960184,-0.10372555204690617,0.11382836904296614,0.29224074497364466,0.36491776425391836,0.2334800852371732,0.19715651852511773,-0.19715651852511773,0.17963218852134366,0.15589030293625764,0.16063868005327483,0.16538705717029203,0.17013543428730926,0.17488381140432646,0.2166893036678586,0.25374641881437354,0.2908035339608885,0.3278606491074034,1.0,0.3333333333333333,0.2514852443455375,1.6485696553699283,0.7004402557115196,0.0,0.0,0.0,0.0
CONTROL1000_DCHA,0.19488870149483117,0.36741198556801885,0.3887704887778072,0.5606605247362053,-0.999181785964105,0.4983635719282098,0.1911737003935661,0.1911737003935661,0.1943852443889036,0.1911737003935661,0.1911737003935661,0.2749397652249225,2.999181674354628,0.18680387534718274,0.13656815995992921,0.14491970876799676,0.23399103404332888,0.1946099139915501,0.14012660952384376,0.32870322720519757,0.26286512377516497,0.1944904947637539,0.1401168463423148,0.32652776140933315,0.26258370672897346,0.1593726723150008,0.7134654679262494,0.19446481759083248,-118.36086268504211,-0.17112383844697063,0.7134654679262494,-0.0923753062014456,-5.967893166864554,-1.3463903085457236,0.25230540809670177,0.6666666666666666,1.0,0.6666666666666666,0.6666666666666666,0.24103336663742064,0.9817873631671343,-0.028604440842205522,0.11222837317442468,0.29686992013828517,0.36741198556801885,0.23782182264208315,0.1943852443889036,-0.1943852443889036,0.17623828517445275,0.1698151971837778,0.1710998147819128,0.17238443238004778,0.17366904997818278,0.17495366757631775,0.21447302525316597,0.25270776533187916,0.2909425054105924,0.32917724548930566,1.0,0.3333333333333333,0.2548782071858578,1.7256756348980322,0.7134654679262494,0.0,0.0,0.0,0.0
CONTROL1000_IZDA,0.1514374748935794,0.31461888063183285,0.3054052799167808,0.5598003639385534,-0.9987987186736431,0.4975974373472861,0.14964512005562397,0.14964512005562397,0.1527026399583904,0.14964512005562397,0.14964512005562397,0.2159974290505219,2.998798478064483,0.16725869515600353,0.12209849997451303,0.12973294049579157,0.20918842905505447,0.1740202846485868,0.12538314469784353,0.29180690237251294,0.23492513346300706,0.1739065927090431,0.1253738497537661,0.28973577086122115,0.23465721304187698,0.1797199913547304,0.6384513619787178,0.15279444209175036,-118.01375880298208,-0.13489225533728708,0.6384513619787178,-0.07176504012504553,-8.122827986195587,-1.456062212308769,0.20855962018486393,0.6666666666666666,1.0,0.6666666666666666,0.6666666666666666,0.21587464056233902,0.9779306533664677,-0.03465950557000303,0.0881629102859432,0.2575661786782963,0.31461888063183285,0.2128171206595726,0.1527026399583904,-0.15270263995839042,0.16497376057620888,0.158858720770676,0.16008172873178259,0.16130473669288917,0.16252774465399572,0.1637507526151023,0.19490278458733368,0.22483180859845847,0.25476083260958327,0.28468985662070806,1.0,0.3333333333333333,0.2246756735782933,1.7226924341012764,0.6384513619787178,0.0,0.0,0.0,0.0
CONTROL1002_DCHA,0.06371017652786026,0.20319398177169196,0.19720042013751993,0.40209719451349935,-0.9227408949087159,0.3454817898174317,0.08212798888375487,0.08212798888375487,0.09860021006875996,0.08212798888375487,0.08212798888375487,0.14137422322595675,2.921719591174399,0.10838682272358355,0.07914250546800283,0.09377193194076654,0.1368422969477493,0.11267062022774907,0.0810081303705536,0.19338730604229137,0.1523749869941445,0.11205811112407281,0.08095805436790585,0.18222919834645462,0.15093158038448007,0.23005704006380492,0.4123815251775559,0.10264503708366414,-103.86179623394169,-0.09965564874099894,0.4123815251775559,-0.024591773256872326,-22.115952881955867,-2.3198979259698995,0.13934103655804392,0.6666666666666666,1.0,0.6666666666666666,1.0,0.15393272957752374,0.8206866248215743,-0.277955221377984,0.056926857825352215,0.16445984548176312,0.20319398177169196,0.13746050839251864,0.09860021006875996,-0.09860021006875996,0.12106599288793708,0.08812155051792689,0.09471043899192892,0.10129932746593097,0.107888215939933,0.11447710441393505,0.13749159066468805,0.15391718844143903,0.17034278621819002,0.18676838399494097,0.6666666666666666,0.6666666666666666,0.14572825913077653,1.1496235934420167,0.4123815251775559,0.0,0.0,1.0,1.0
CONTROL1002_IZDA,0.08925069800915914,0.23826516237185064,0.22304870698960977,0.4741588545028503,-0.9590612907531341,0.41812258150626797,0.09822124973178942,0.09822124973178942,0.11152435349480488,0.09822124973178942,0.09822124973178942,0.15883736331331966,2.958778083013122,0.12911816886168423,0.09421974808180475,0.10743478995758472,0.1623603084320039,0.1341993768970023,0.09658592028173893,0.22777548228822048,0.18133431870949235,0.13370470941588478,0.09654547848267747,0.21876410107803237,0.18016861144482374,0.219743911308396,0.49174678012594214,0.11387975733914636,-108.32657062559917,-0.1081037490750886,0.49174678012594214,-0.03580752110287924,-15.343725920346772,-1.897389712859945,0.15924505852971235,0.6666666666666666,1.0,0.6666666666666666,1.0,0.17721869713832952,0.8702952291733241,-0.20233316398175083,0.06438861551142458,0.19451137007003927,0.23826516237185064,0.16391559337531406,0.11152435349480488,-0.11152435349480488,0.14004391264006122,0.1134377051140303,0.11875894661923649,0.12408018812444267,0.12940142962964885,0.13472267113485503,0.1596881625864191,0.17933241253277699,0.19897666247913487,0.21862091242549275,0.6666666666666666,0.3333333333333333,0.17248255758110648,1.4184610908718591,0.49174678012594214,0.0,0.0,0.0,1.0
CONTROL101_DCHA,0.10725872162245834,0.26473478460413996,0.2571643249410178,0.5426210242104568,-0.9910854300924554,0.4821708601849108,0.12154148014095706,0.12154148014095706,0.1285821624705089,0.12154148014095706,0.12154148014095706,0.18211503899051287,2.9910721456619416,0.14079956473415897,0.10279089261241159,0.11220192298433615,0.17649446084105003,0.1464628994153767,0.10547420215758042,0.24698519950733575,0.19780749048435323,0.1462010961057618,0.10545279829085129,0.24221591606929954,0.19719053862965896,0.1911669478521223,0.5370400288714021,0.1291591503866038,-114.58223444669565,-0.11745282893036686,0.5370400288714021,-0.05373005774092668,-11.799253700925602,-1.7401686294127545,0.17608944776718694,0.6666666666666666,1.0,0.6666666666666666,0.6666666666666666,0.18605402528668588,0.9398026049632849,-0.09441700009820625,0.07423694611533252,0.21590796855618605,0.26473478460413996,0.17901334295713403,0.1285821624705089,-0.1285821624705089,0.1431933044631829,0.1291119398040792,0.13192821273589994,0.13474448566772068,0.13756075859954142,0.14037703153136216,0.1675016004913743,0.1918098965195657,0.21611819254775716,0.24042648857594856,1.0,0.3333333333333333,0.18908439176062658,1.6628272356447757,0.5370400288714021,0.0,0.0,0.0,0.0
CONTROL101_DCHA_aug0_032,0.1065389314557156,0.26315260753705977,0.2532871192802971,0.5582661057792703,-0.9981147149354567,0.49622942987091323,0.12346580204088178,0.12346580204088178,0.12664355964014856,0.12346580204088178,0.12346580204088178,0.17915741314100045,2.9981141221795977,0.14048533682106645,0.10254129198201205,0.10936365662570968,0.17573210755658952,0.14614348211401793,0.10529673621497797,0.24508553776804592,0.19729327174404931,0.1460253192119438,0.1052870757450166,0.24293295851806848,0.19701481528871295,0.18314810711085144,0.5361707033308822,0.12676310830997697,-117.51144237434706,-0.11242855868209234,0.5361707033308822,-0.05855514342117413,-11.650504621081073,-1.7289256371390231,0.17395631211799645,0.6666666666666666,1.0,0.6666666666666666,0.6666666666666666,0.1819013253762275,0.9723493597149673,-0.04341986946714004,0.07311769324937219,0.215592265434606,0.26315260753705977,0.17872356777696075,0.12664355964014856,-0.12664355964014856,0.13968680549617798,0.13333129029764446,0.13460239333735116,0.13587349637705787,0.13714459941676457,0.13841570245647128,0.16437996590435433,0.1890731263125307,0.21376628672070708,0.23845944712888342,1.0,0.3333333333333333,0.18844887145298908,1.7173680127449145,0.5361707033308822,0.0,0.0,0.0,0.0
CONTROL101_IZDA,0.15982552714674403,0.3292212870701785,0.3386119901814443,0.529028064916286,-0.9848954365708531,0.4697908731417062,-0.15720082948157862,-0.15720082948157862,0.16930599509072214,0.15720082948157862,0.15720082948157862,0.24004605811420615,2.984857219269478,0.16960530655134043,0.12390958574653653,0.12146826854646425,0.21099786258220668,0.1767139589388418,0.1274489433564475,0.2930874428480717,0.23836460875454055,0.17716408184903307,0.1274857433907772,0.3012873534749228,0.2394253446355781,0.1366980221973442,0.6490518710290912,0.1705993114784875,-127.05953558659701,-0.1361399118270328,0.6490518710290912,-0.10281074595907633,-6.935144081380038,-1.4533462313046304,0.22559385192899245,0.6666666666666666,1.0,0.6666666666666666,0.6666666666666666,0.20424545806722022,0.9215607157044776,0.12290062420161599,0.09774886184104589,0.27060062305311866,0.3292212870701785,0.21635062367636373,0.16930599509072214,-0.16930599509072214,0.17202045758859988,0.14781012637031285,0.15265219261397026,0.15749425885762766,0.16233632510128507,0.16717839134494247,0.2034606234849156,0.23490078938123132,0.2663409552775471,0.2977811211738628,1.0,0.3333333333333333,0.2308141583949766,1.6150659491508095,0.6490518710290912,0.0,0.0,0.0,0.0
CONTROL102_DCHA,0.14918077813877412,0.3100648405096287,0.29470739716200034,0.5485707000037269,-0.9937703919856438,0.48754078397128764,0.1406179208576769,0.1406179208576769,0.14735369858100017,0.1406179208576769,0.1406179208576769,0.20860720594954654,2.9937639105169707,0.16659186439733262,0.12157748572801397,0.13165493065309933,0.20860818561993416,0.17325222863718165,0.12480427047964317,0.29117885553663275,0.23392842457589547,0.1730017630120824,0.12478379353125112,0.2866161112407708,0.23333819050983484,0.19246620736101586,0.6354871243668857,0.14781483210461083,-115.4730578964989,-0.13344540093538435,0.6354871243668857,-0.06357318270551521,-8.523649588624986,-1.455615794360117,0.2045287727541064,0.6666666666666666,1.0,0.6666666666666666,0.6666666666666666,0.21856481917895185,0.9497006432944322,-0.07892786589257679,0.08507469754182742,0.25397797605624695,0.3100648405096287,0.2118290414556286,0.14735369858100017,-0.14735369858100017,0.16944691965195177,0.15597536420530528,0.15866967529463458,0.16136398638396388,0.16405829747329317,0.16675260856262247,0.19757050382348715,0.22569408799502252,0.25381767216655793,0.2819412563380933,1.0,0.3333333333333333,0.22299534983101785,1.6836220348838213,0.6354871243668858,0.0,0.0,0.0,0.0
CONTROL102_IZDA,0.2186622296932776,0.38192260102337255,0.3825705523832237,0.5522474852403508,-0.9954223720962642,0.49084474419252844,0.18379604115728243,0.18379604115728243,0.19128527619161184,0.18379604115728243,0.18379604115728243,0.27072549022617226,2.995418874310834,0.1999949170275561,0.14607574995082143,0.15775119340523053,0.250609484390681,0.20814729471729929,0.14989179653928822,0.35110864665958835,0.281122471616911,0.20786881225967707,0.14986902906007596,0.3460355183829627,0.28046621456277915,0.17951949808356957,0.763197250686894,0.1917246014780041,-116.12050877739581,-0.1721437763465002,0.763197250686894,-0.0844087855443118,-5.6093553586596885,-1.236572989161418,0.25642083952214934,0.6666666666666666,1.0,0.6666666666666666,0.6666666666666666,0.2618883185966274,0.9568945419710646,-0.06765816952693776,0.110438605701239,0.31046036102918984,0.38192260102337255,0.254399083562298,0.19128527619161184,-0.19128527619161187,0.19812655986609012,0.1831480897974313,0.18614378381116306,0.18913947782489482,0.1921351718386266,0.19513086585235837,0.2348857680975466,0.2716449763290031,0.3084041845604596,0.3451633927919161,1.0,0.3333333333333333,0.26997668398911634,1.6964398542444714,0.763197250686894,0.0,0.0,0.0,0.0
CONTROL103_DCHA,0.22691120366387857,0.39608957138792006,0.4180258471327951,0.5602709206336465,-0.9990083146195046,0.49801662923900897,-0.20521089901779163,-0.20521089901779163,0.20901292356639756,0.20521089901779163,0.20521089901779163,0.29563781087148155,2.9990081506586517,0.20149639687536341,0.14729222356908356,0.15144709432199915,0.2517377660521454,0.2099565570603108,0.15126637366721554,0.35230432778813964,0.2834530885354811,0.21009793293319803,0.15127793192576638,0.3548797788398885,0.28378624745205505,0.14802965650645195,0.7702428670309651,0.20911663824233914,-121.80460183459336,-0.17771785168285065,0.7702428670309651,-0.11020949860610763,-4.994152020005487,-1.2418142803875385,0.272624958723258,0.6666666666666666,1.0,0.6666666666666666,0.6666666666666666,0.25294559779504916,0.9799488685045183,0.03149103651034239,0.1206736676851703,0.32171603047787883,0.39608957138792006,0.25674762234365506,0.20901292356639756,-0.20901292356639753,0.19087867237012843,0.1832746232729166,0.18479543309235896,0.18631624291180132,0.1878370527312437,0.18935786255068607,0.23192085217368674,0.27296303197724503,0.31400521178080343,0.3550473915843617,1.0,0.3333333333333333,0.2750219407392063,1.7243245795343598,0.7702428670309651,0.0,0.0,0.0,0.0
CONTROL103_DCHA_aug0_003,0.2260059202461942,0.3973775059438334,0.4258579798519029,0.5584555695232993,-0.9981992325803891,0.49639846516077807,-0.2077075009785768,-0.2077075009785768,0.21292898992595144,0.2077075009785768,0.2077075009785768,0.3012175914441701,2.9981986917951806,0.20040187273130022,0.14653262897749547,0.14969445661732744,0.25032177968704156,0.20887903848452097,0.15048738427131314,0.35056552995902895,0.28200259332018857,0.20907319624133416,0.1505032577404353,0.3541025111198007,0.2824601352372309,0.14213046807597196,0.7662745379795973,0.2131209670383667,-122.43210250330105,-0.17987997240402864,0.7662745379795973,-0.11429672838403768,-4.9389030187676255,-1.254267231605049,0.2758728130275588,0.6666666666666666,1.0,0.6666666666666666,0.6666666666666666,0.2502033570458245,0.9729766388522105,0.04243545003427145,0.12293460965202317,0.32230637014009916,0.3973775059438334,0.25542484599319915,0.21292898992595144,-0.21292898992595144,0.18967000496525663,0.17922702707050733,0.1813156226494572,0.18340421822840705,0.1854928138073569,0.18758140938630677,0.23121150516097197,0.27275300535668734,0.31429450555240274,0.3558360057481181,1.0,0.3333333333333333,0.2744727796134462,1.7180257501952239,0.7662745379795974,0.0,0.0,0.0,0.0
CONTROL103_DCHA_aug0_009,0.22690696907011154,0.3960795350807706,0.4179957382113467,0.5602736253691459,-0.9990095191116748,0.4980190382233493,-0.20519843018153944,-0.20519843018153944,0.20899786910567336,0.20519843018153944,0.20519843018153944,0.2956164576841093,2.999009355548937,0.20149652427906037,0.14729219215354072,0.15144881961806336,0.25173791618082675,0.2099565118342844,0.15126636996973805,0.3523035039034492,0.2834529819582154,0.21009779156236458,0.15127792036791984,0.35487720348064017,0.28378591430501415,0.14804470259519095,0.7702428670309651,0.20910145025591492,-121.80350521269779,-0.17770705335390063,0.7702428670309651,-0.11019809293903762,-4.994442008547594,-1.241794730456406,0.27261142254635207,0.6666666666666666,1.0,0.6666666666666666,0.6666666666666666,0.2529481834195211,0.9799610531922469,0.031471906334464374,0.1206649759882187,0.32170966434060133,0.3960795350807706,0.256747622343655,0.20899786910567336,-0.20899786910567336,0.19088110489923116,0.18328222705096328,0.18480200262061686,0.18632177819027043,0.187841553759924,0.18936132932957758,0.23192079093553902,0.2729604769718469,0.3140001630081548,0.35503984904446273,1.0,0.3333333333333333,0.275019374511513,1.72433395986539,0.770242867030965,0.0,0.0,0.0,0.0
CONTROL103_IZDA,0.32412704215156274,0.44154419620303714,0.37798431216214623,0.4297036584326198,-0.9370119034395185,0.3740238068790371,0.1607017070616219,0.1607017070616219,0.18899215608107311,0.1607017070616219,0.1607017070616219,0.27025315748717854,2.9363363943249263,0.2487371811572407,0.1812929780019939,0.2085725201793997,0.3126053593749613,0.25823412065066115,0.1859259669248548,0.4364908727133985,0.34882386195700826,0.25718215823606727,0.1858399631865555,0.4173272229920134,0.34634486288053745,0.2433382391780348,0.9466482764469653,0.1952410909038853,-105.46482659754693,-0.1881722558175163,0.9466482764469653,-0.05206040451135974,-4.551624638166382,-0.9621345808657108,0.29422816577406335,0.6666666666666666,1.0,0.6666666666666666,1.0,0.34383987450177295,0.8384980733060772,-0.25097429462094595,0.10911467218813532,0.36535299365897134,0.44154419620303714,0.31554942548232173,0.18899215608107311,-0.1889921560810731,0.28084248914141524,0.22426159110251284,0.23557777071029332,0.24689395031807382,0.2582101299258543,0.26952630953363477,0.3129828305537396,0.345123171966064,0.37726351337838837,0.4094038547907128,0.6666666666666666,0.3333333333333333,0.3286979576812948,1.2541873707801272,0.9466482764469653,0.0,0.0,0.0,1.0
CONTROL104_DCHA,0.3655104919641919,0.5077110300629062,0.5524435181427043,0.5380353037952972,-0.9890059321591086,0.47801186431821724,0.25940752777384046,0.25940752777384046,0.27622175907135216,0.25940752777384046,0.25940752777384046,0.39135962632494,2.9889857130730237,0.2544043369436728,0.18610680787506,0.20577338498825254,0.3199560040874554,0.2650764181037422,0.19067101397119757,0.4527520097962568,0.35835222586271975,0.26445119157081903,0.19061989824845949,0.4413622280823532,0.35687885003084663,0.16868087402277962,0.9706895720460142,0.2777527953177983,-113.98132568377571,-0.25377661188256817,0.9706895720460142,-0.11288953258940856,-3.2465430597805933,-1.003974621831471,0.35221433330277135,0.6666666666666666,1.0,0.6666666666666666,0.6666666666666666,0.3403774219795164,0.9331258409308412,-0.10485260054424668,0.15947670695587712,0.4060784808258293,0.5077110300629062,0.32356319068200473,0.27622175907135216,-0.27622175907135216,0.2483035022890657,0.2146750396940423,0.22140073221304699,0.22812642473205166,0.23485211725105634,0.24157780977006102,0.3001850078438338,0.35206651339860184,0.40394801895337,0.45582952450813813,1.0,0.3333333333333333,0.3490513295415599,1.6467540768420257,0.9706895720460142,0.0,0.0,0.0,0.0
CONTROL104_IZDA,0.273551330830465,0.41962233945647853,0.4015983014037298,0.43654540552439386,-0.9404772187446974,0.3809544374893947,0.1716336986561451,0.1716336986561451,0.2007991507018649,0.1716336986561451,0.1716336986561451,0.2869526877923308,2.9398747103351504,0.22521147894845045,0.16440348303763352,0.19142637594930975,0.2838228998577614,0.23410215427661582,0.16839183404972405,0.3998273690594261,0.3164774112818527,0.23301765542911984,0.16830317027830785,0.38007100158057333,0.31392173856571853,0.22481472043764525,0.8572687169657058,0.20705595789951034,-105.87885591131308,-0.19915518795060505,0.8572687169657058,-0.05665139728235277,-5.07458930592082,-1.1042375714374708,0.28443777971159895,0.6666666666666666,1.0,0.6666666666666666,1.0,0.3149216910342884,0.8430983990145897,-0.24397291090467965,0.11593144371076994,0.3407926855145722,0.41962233945647853,0.2857562389885686,0.2007991507018649,-0.20079915070186488,0.24798864080033342,0.18965773670889383,0.20132391752718173,0.21299009834546967,0.22465627916375758,0.2363224599820455,0.28231538053156247,0.3166421202627915,0.3509688599940205,0.3852955997252495,0.6666666666666666,0.3333333333333333,0.30196651626213183,1.2797873108564386,0.8572687169657058,0.0,0.0,0.0,1.0
CONTROL105_DCHA,0.1580520014227431,0.33551130494524334,0.3694135058734436,0.5624861640843546,-0.9999938506663433,0.49998770133268655,-0.18444230662716657,-0.18444230662716657,0.1847067529367218,0.18444230662716657,0.18444230662716657,0.2612150627826727,2.999993850660041,0.16669088452712122,0.12195431357567252,0.12729681239994042,0.20869618982920513,0.17379618263831575,0.12513310077525203,0.2937247580596966,0.23476217919005915,0.17380601590671452,0.12513390469926133,0.2939038911813713,0.23478535175111373,0.1433852353646622,0.6371204089622864,0.18470732085106725,-120.1420813603378,-0.15973172307172517,0.6371204089622864,-0.09275004593269379,-7.060823099192769,-1.5251213061258169,0.23525103194146796,0.6666666666666666,1.0,0.6666666666666666,0.6666666666666666,0.2121090233445402,0.9984213182184689,0.00247978500209578,0.10664049352915804,0.2700459647988343,0.33551130494524334,0.21237346965409545,0.1847067529367218,-0.18470675293672184,0.15106899831807677,0.15054010569896628,0.15064588422278838,0.15075166274661048,0.15085744127043257,0.15096321979425467,0.18795745964351007,0.22484592096894337,0.26173438229437673,0.29862284361981006,1.0,0.3333333333333333,0.2295299555052623,1.732002878379217,0.6371204089622864,0.0,0.0,0.0,0.0
CONTROL105_IZDA,0.1134171076159905,0.2802902691620082,0.2968902936133059,0.549152149217699,-0.9940320049091282,0.48806400981825643,0.1418043617897193,0.1418043617897193,0.14844514680665294,0.1418043617897193,0.1418043617897193,0.21014310189054444,2.994026056909788,0.14252929106378412,0.10420786150293819,0.11337946224792683,0.17890761716494605,0.14845939942428166,0.1068457833616447,0.25206576158517835,0.20060818503565953,0.1482124660427574,0.10682559519367658,0.2475673643398028,0.2000262748682847,0.16909571178327476,0.5439805138727188,0.1488900993598034,-115.56932609575492,-0.13430835672880745,0.5439805138727188,-0.06426139587792604,-10.495486425262696,-1.772097816056822,0.1923532319223525,0.6666666666666666,1.0,0.6666666666666666,0.6666666666666666,0.18796762297450653,0.9507702899528324,-0.07725279989017506,0.08570484546871458,0.22563484693806335,0.2802902691620082,0.1813268379575729,0.14844514680665294,-0.14844514680665294,0.1384859073722889,0.12520433733842168,0.12786065134519511,0.13051696535196858,0.133173279358742,0.13582959336551548,0.16684677973023276,0.19520765208817661,0.22356852444612052,0.25192939680406434,1.0,0.3333333333333333,0.19443688574615542,1.6856507203705149,0.5439805138727187,0.0,0.0,0.0,0.0
CONTROL105_IZDA_aug0_031,0.11576815162386428,0.2826931817271406,0.2983535640414495,0.5330473539831271,-0.9867339469398164,0.47346789387963284,0.13919032499825248,0.13919032499825248,0.14917678202072476,0.13919032499825248,0.13919032499825248,0.211440022786229,2.9867044851539797,0.1441179598015162,0.1053668386650649,0.11682802673216286,0.18117841825824868,0.15008312948502225,0.10797883290045883,0.25574305164668176,0.20285828787211857,0.1497117894106609,0.1079484737981446,0.24897833171577002,0.201983207461804,0.17788199604550617,0.5497259811399722,0.15017623069462055,-113.386087705001,-0.13783940836002387,0.5497259811399722,-0.05960870547665395,-10.510669630326005,-1.7563386125865437,0.19381247691512662,0.6666666666666666,1.0,0.6666666666666666,0.6666666666666666,0.19322845073579636,0.9265120856111222,-0.11517835326216258,0.08612725525650756,0.22713201618895243,0.2826931817271406,0.18324199371332406,0.14917678202072476,-0.14917678202072476,0.1435028567288881,0.1235299426839435,0.12752452549293242,0.13151910830192134,0.13551369111091027,0.13950827391989917,0.1713409217285386,0.19917898672818907,0.2270170517278396,0.2548551167274901,1.0,0.3333333333333333,0.1964418078582597,1.62922547582863,0.5497259811399722,0.0,0.0,0.0,0.0
CONTROL106_DCHA,0.4029195762280315,0.5190733616365113,0.5237956421059766,0.5062620509078184,-0.9743472946681896,0.4486945893363795,0.23736310973872538,0.23736310973872538,0.2618978210529883,0.23736310973872538,0.23736310973872538,0.37200113099714444,2.9742366698043954,0.27114553132641717,0.19808884295555818,0.2235219767128584,0.3410872213404985,0.28213201930703546,0.20298770602832245,0.48062722540976116,0.3813329731216719,0.2812197116183957,0.20291311983530477,0.46400767252395975,0.37918307699779924,0.19696403626563924,1.0334244428035573,0.265323057516918,-110.78354855006951,-0.24805784950034804,1.0334244428035573,-0.09414684355509978,-3.180799121446213,-0.9233641395959384,0.3515361188611882,0.6666666666666666,1.0,0.6666666666666666,0.6666666666666666,0.36900952558211536,0.8975949838896612,-0.16016461947574506,0.15120677748511924,0.4191682599307618,0.5190733616365113,0.3444748142678524,0.2618978210529883,-0.2618978210529883,0.2817102518977859,0.23264082926926005,0.24245471379496522,0.2522685983206704,0.2620824828463756,0.2718963673720807,0.32918287384553097,0.37665549579327606,0.42412811774102116,0.47160073968876626,1.0,0.3333333333333333,0.366478546997425,1.534257826594739,1.0334244428035573,0.0,0.0,0.0,0.0
CONTROL106_IZDA,0.701032289911314,0.6871475156258757,0.6993737784726246,0.5329103817124543,-0.9866714071515488,0.47334281430309755,0.3262216707840167,0.3262216707840167,0.3496868892363123,0.3262216707840167,0.3262216707840167,0.4956441000976061,2.9866416663050313,0.3571386670793036,0.2609380485275643,0.28851622898979373,0.4485489690571722,0.3717171435841417,0.26752960764141126,0.6309771900899842,0.5022795606471789,0.3708446043096651,0.26745827273592715,0.615082100310872,0.5002233806681186,0.18582234705806422,1.3620687684050026,0.35204086401270346,-113.37044636057827,-0.323159204734041,1.3620687684050026,-0.13964561693971272,-1.7753140344216698,-0.6997877347060427,0.46498167774793375,0.6666666666666666,1.0,0.6666666666666666,0.6666666666666666,0.4774881412539631,0.9263382928953141,-0.11544952511141462,0.20189181963266775,0.555469659226151,0.6871475156258757,0.4540229228016675,0.3496868892363123,-0.3496868892363123,0.360925844841859,0.3139954079372678,0.32338149531818605,0.3327675826991043,0.34215367008002256,0.3515397574609408,0.42617017899866233,0.4914145131554657,0.5566588473122691,0.6219031814690724,1.0,0.3333333333333333,0.48340193418152355,1.6287434532529488,1.3620687684050026,0.0,0.0,0.0,0.0
CONTROL106_IZDA_aug0_023,0.7010272716444897,0.6871411966297952,0.699354821484383,0.5329244868087718,-0.9866778477294454,0.47335569545889083,0.3262185748005465,0.3262185748005465,0.3496774107421915,0.3262185748005465,0.3262185748005465,0.4956301212942981,2.9866481356826537,0.3571385523679975,0.2609378750581203,0.2885118028552718,0.44854810992556066,0.3717169661773693,0.2675295931374277,0.6309739582623087,0.5022791425797472,0.3708446642325056,0.26745827763495034,0.6150831919281291,0.5002235218791201,0.18582035851832013,1.3620687684050026,0.3520301727616176,-113.37205548941157,-0.32314546870097943,1.3620687684050026,-0.1396504514586282,-1.775320000717903,-0.6997814395300027,0.4649737636237681,0.6666666666666666,1.0,0.6666666666666666,0.6666666666666666,0.47748175874331267,0.9263561721045728,-0.11542162826158242,0.20188634722153562,0.5554671332884827,0.6871411966297952,0.4540229228016676,0.3496774107421915,-0.3496774107421915,0.3609226218292487,0.3140049499459587,0.3233884843226167,0.3327720186992747,0.3421555530759327,0.3515390874525907,0.426166336789358,0.4914100517494673,0.5566537667095767,0.621897481669686,1.0,0.3333333333333333,0.4834002039871621,1.6287930925298961,1.3620687684050028,0.0,0.0,0.0,0.0
CONTROL107_DCHA,0.5081268845878805,0.5856799851703646,0.5968948851009608,0.55869453968993,-0.9983058140405704,0.49661162808114095,0.29134911602393776,0.29134911602393776,0.2984474425504804,0.29134911602393776,0.29134911602393776,0.4221877833485941,2.998305335392548,0.3038774496442689,0.2220105154401468,0.23687744060069071,0.3805245060345888,0.31637499848812395,0.22784964610946368,0.5331388732580856,0.4272618198428136,0.3161110517155823,0.22782806700280012,0.5283305422531891,0.42663981681657354,0.17049021250421215,1.1601450704101328,0.2987005769719144,-117.64101121042872,-0.2646103980395557,1.1601450704101328,-0.13857623148542625,-2.358217895524765,-0.8173274371462168,0.3957183354973062,0.6666666666666666,1.0,0.6666666666666666,0.6666666666666666,0.3938133499965869,0.973789013449208,-0.04116049027197481,0.17230871129547523,0.4756336287483404,0.5856799851703646,0.3867150234700443,0.2984474425504804,-0.2984474425504804,0.2943308691464268,0.28013421609334155,0.2829735467039586,0.28581287731457566,0.2886522079251927,0.2914915385358098,0.35260069235121433,0.4108705155560019,0.4691403387607895,0.527410161965577,1.0,0.3333333333333333,0.41155270403188965,1.7188552600028342,1.1601450704101328,0.0,0.0,0.0,0.0
CONTROL107_DCHA_aug0_015,0.5095248082621218,0.5866692245533567,0.5985148290556823,0.5575125089252432,-0.9977784018015528,0.49555680360310556,0.29110474196606956,0.29110474196606956,0.29925741452784116,0.29110474196606956,0.29110474196606956,0.42337091591130266,2.997777578608746,0.30425394434529185,0.22229099539121466,0.23787416461905256,0.38109596441499555,0.3167648607677067,0.22811617046005805,0.5341648454595185,0.42781078105075027,0.31646170880615326,0.22809138611262833,0.5286423116475057,0.42709638914634807,0.17145065745680005,1.1614928446043877,0.2995903842909291,-117.29842937473468,-0.2662249447991914,1.1614928446043877,-0.13739969842126315,-2.356978305425671,-0.817028987901111,0.3965511708925146,0.6666666666666666,1.0,0.6666666666666666,0.6666666666666666,0.39531695409656753,0.9699825486081632,-0.047133832842740954,0.17277634883464052,0.4761608534097374,0.5866692245533567,0.38716428153479593,0.29925741452784116,-0.29925741452784116,0.2955644825872871,0.27925913746374387,0.2825202064884525,0.2857812755131612,0.2890423445378698,0.2923034135625785,0.353785430980501,0.4120063793737149,0.4702273277669289,0.5284482761601428,1.0,0.3333333333333333,0.4121184329219461,1.714751200096548,1.1614928446043877,0.0,0.0,0.0,0.0
CONTROL107_IZDA,0.6510807393827788,0.6506587454304932,0.6270259555275091,0.5492867012923207,-0.9940925245301603,0.48818504906032045,0.299559500304598,0.299559500304598,0.31351297776375453,0.299559500304598,0.299559500304598,0.44381321918009525,2.9940866966707826,0.3473043162905362,0.25351345568297035,0.27445266455854167,0.43498996192056283,0.36125719371274184,0.2602120247380259,0.6077689835318322,0.48781381202704743,0.3607383424979794,0.26016960578515114,0.5983170460868428,0.48659111465271365,0.1893324014542857,1.3249502807639706,0.31444313607694796,-115.59189305429783,-0.28359426911028035,1.3249502807639706,-0.13582627269314246,-1.9358278142070373,-0.7019694802369866,0.4310952492338464,0.6666666666666666,1.0,0.6666666666666666,0.6666666666666666,0.4556035710471467,0.9510210339366426,-0.07686010323854542,0.18100680210634484,0.5318711529801354,0.6506587454304932,0.4416500935879902,0.31351297776375453,-0.31351297776375453,0.3510992451258952,0.3231922902075821,0.3287736811912447,0.33435507217490734,0.33993646315856996,0.34551785414223257,0.41101114518681475,0.4709230452477344,0.530834945308654,0.5907468453695736,1.0,0.3333333333333333,0.4658614741826082,1.6861200852210114,1.3249502807639706,0.0,0.0,0.0,0.0
CONTROL108_DCHA,0.24819528647915023,0.41936500119978865,0.4590143943094829,0.5475603979882024,-0.9933154942667477,0.4866309885334953,-0.2186372676647128,-0.2186372676647128,0.22950719715474144,0.2186372676647128,0.2186372676647128,0.32493602112706294,2.99330803052417,0.20881758948843504,0.15274212519356012,0.15239685957815394,0.26047098690971354,0.21776704223001886,0.15692564911457826,0.364579176286871,0.293947106695684,0.21817123366808805,0.1569586939973424,0.37194235108483353,0.29489960289496875,0.12907843534093197,0.7990806092898831,0.23027813540842285,-124.68967032174115,-0.1893454280116593,0.7990806092898831,-0.13105849281241364,-4.356181811267029,-1.2088542325517049,0.29577729507268835,0.6666666666666666,1.0,0.6666666666666666,0.6666666666666666,0.25549027360659904,0.9478925519806539,0.08175882663818103,0.13250604205824648,0.3402610861502602,0.41936500119978865,0.26636020309662767,0.22950719715474144,-0.22950719715474144,0.20072773353507584,0.1789878745550186,0.18333584635103006,0.1876838181470415,0.19203178994305295,0.19637976173906438,0.2444551870680184,0.28818264060096094,0.33191009413390354,0.3756375476668461,1.0,0.3333333333333333,0.28763129551513816,1.680095579698019,0.799080609289883,0.0,0.0,0.0,0.0
CONTROL108_DCHA_aug0_006,0.2461834538691838,0.41810070011730366,0.4593269374022302,0.5400473631369536,-0.9899194324407743,0.4798388648815488,-0.2162829219445754,-0.2162829219445754,0.2296634687011151,0.2162829219445754,0.2162829219445754,0.3253439653269506,2.989902438984364,0.20767657225854527,0.15191532677700156,0.149852563622724,0.2588412094219558,0.21660877771952647,0.156116185819629,0.36198759148699305,0.2923439485930877,0.21710632486927012,0.15615686304750756,0.3710514317585505,0.29351644193277737,0.12447970146812433,0.7949751629496808,0.23082986364493632,-125.76232159463079,-0.18730650480872912,0.7949751629496808,-0.13490255448536703,-4.345041742696883,-1.215417360298887,0.2962887106425358,0.6666666666666666,1.0,0.6666666666666666,0.6666666666666666,0.2516111742266873,0.9359742045041024,0.1004020296569025,0.132596265477612,0.33965427690709593,0.41810070011730366,0.26499172098322693,0.2296634687011151,-0.22966346870111506,0.20181777817272825,0.1750566846596489,0.18040890336226478,0.18576112206488066,0.1911133407674965,0.19646555947011238,0.24507436256164333,0.2883309469505584,0.3315875313394735,0.3748441157283886,1.0,0.3333333333333333,0.2864631761496195,1.6538113529065182,0.7949751629496808,0.0,0.0,0.0,0.0
CONTROL108_DCHA_aug0_022,0.24927231217410892,0.42150158211962796,0.46524290360372883,0.5466774594695807,-0.9929175993655107,0.48583519873102127,-0.22127858648818036,-0.22127858648818036,0.23262145180186442,0.22127858648818036,0.22127858648818036,0.3293672735167582,2.992909219504171,0.20884038460183188,0.15278422186431126,0.1521186536943612,0.26050612836508613,0.21782666293446235,0.15696207664920814,0.36484823505803987,0.29403788351794435,0.21824844019135886,0.1569965592698032,0.37253177156037104,0.2950318215292436,0.12644597464604643,0.7992618427551551,0.23344961259119765,-124.82755082981777,-0.1916328772122762,0.7992618427551551,-0.1333250238714583,-4.307127550661193,-1.2115864535707954,0.29878689742429076,0.6666666666666666,1.0,0.6666666666666666,0.6666666666666666,0.2550777489380343,0.9463605463353584,0.08415699991378893,0.13430405781708799,0.3416380119633045,0.42150158211962796,0.26642061425171837,0.23262145180186442,-0.2326214518018644,0.2002229956314476,0.1775372650040795,0.1820744111295531,0.18661155725502673,0.19114870338050036,0.19568584950597398,0.24447871292908366,0.28873443022671974,0.33299014752435585,0.3772458648219919,1.0,0.3333333333333333,0.28825469766285333,1.677012128545491,0.7992618427551551,0.0,0.0,0.0,0.0
CONTROL108_IZDA,0.2745188661222863,0.437897825854323,0.46969498932210607,0.5441131683384429,-0.9917601801865273,0.48352036037305435,0.222488565926125,0.222488565926125,0.23484749466105304,0.222488565926125,0.222488565926125,0.3325840912252069,2.991748833227677,0.2211681390329813,0.16174476104234245,0.1773417029234578,0.27787153846922524,0.2304045306692781,0.16577915192296672,0.3922937274817558,0.3114045311314109,0.22994497173810483,0.16574158044179838,0.38392192040846124,0.3103215588216045,0.1690271780524704,0.8439984882408631,0.2358210658677431,-114.79189516085218,-0.21408704263961137,0.8439984882408631,-0.09888535422813452,-4.331087642249319,-1.1481366939440114,0.3020360818673857,0.6666666666666666,1.0,0.6666666666666666,0.6666666666666666,0.29369175814854903,0.9421321684539129,-0.09077345324197494,0.13558926426106815,0.3514387081134274,0.437897825854323,0.28133282941362103,0.23484749466105304,-0.23484749466105304,0.215409259928198,0.19069140245834199,0.1956349739523132,0.2005785454462844,0.2055221169402556,0.2104656884342268,0.259906973113423,0.304404686298648,0.348902399483873,0.393400112669098,1.0,0.3333333333333333,0.30250006397921436,1.6680486879403056,0.8439984882408631,0.0,0.0,0.0,0.0
CONTROL109_DCHA,0.14084267740391146,0.28907925043969634,0.24925644237723849,0.15755541291142067,-0.7646216694842496,0.02924333896849907,0.08470590709200435,0.08470590709200435,0.12462822118861924,0.08470590709200435,0.08470590709200435,0.18507287580554954,2.7545834561518547,0.16289477746863523,0.11876819985305428,0.15092630299881366,0.20663910090514767,0.16898441287926008,0.12140754545020804,0.29235328304003405,0.22867391116065292,0.16749992693475013,0.12128618052413326,0.2653103314457124,0.22517564997335104,0.2965611293466764,0.6179813089418505,0.14252567138984376,-90.97717226772204,-0.1425049437633404,0.6179813089418505,-0.0024306394493872896,-12.721260783413667,-1.603949133879251,0.22046969150575327,0.3333333333333333,1.0,1.0,1.0,0.24591608374389842,0.6775241363080226,-0.48515804694527187,0.07195413705187353,0.23963517009429725,0.28907925043969634,0.20599376964728353,0.12462822118861924,-0.12462822118861926,0.204373343347692,0.1245287151544622,0.14049764079310817,0.15646656643175413,0.17243549207040007,0.18840441770904603,0.22131452476609287,0.23825570618449374,0.2551968876028946,0.2721380690212955,0.6666666666666666,0.6666666666666666,0.21667385429404526,0.08858106190168152,0.6179813089418505,1.0,1.0,1.0,1.0
CONTROL109_IZDA,0.14078624278571597,0.2969813894742756,0.2800310088444558,0.19958800138414234,-0.7978351530510664,0.09567030610213276,0.09932325115886514,0.09932325115886514,0.1400155044222279,0.09932325115886514,0.09932325115886514,0.206204757240276,2.790521621185975,0.1609895019209494,0.11752381033744179,0.15010445002603337,0.20459780303656913,0.16717865617105798,0.12002933187062376,0.291323049793894,0.2263577374668487,0.16566554052666638,0.11990562630843682,0.26375854958476647,0.22279200904062132,0.27750395826514523,0.610913159578371,0.1567543297824972,-93.28021573234888,-0.15649750881664415,0.610913159578371,-0.008969372316069812,-11.745443695260667,-1.6273160241911264,0.22003641535586557,0.3333333333333333,0.6666666666666666,1.0,1.0,0.24432997312281976,0.7031135081372097,-0.4496274535089396,0.08083798916889452,0.24176385142745463,0.2969813894742756,0.203637719859457,0.1400155044222279,-0.1400155044222279,0.19765813831541046,0.11627363178868493,0.13255053309403003,0.14882743439937512,0.16510433570472025,0.18138123701006537,0.2175227885471835,0.23738743877895652,0.25725208901072955,0.2771167392425026,0.6666666666666666,0.6666666666666666,0.21663044013997354,0.296022260279507,0.610913159578371,1.0,1.0,1.0,1.0
CONTROL10_DCHA,0.5501633720858364,0.6142274575698699,0.6407127368105086,0.5570162914855338,-0.9975568271220814,0.4951136542441628,0.31120299854778394,0.31120299854778394,0.3203563684052543,0.31120299854778394,0.31120299854778394,0.45323721594227157,2.997555831462108,0.314828603240247,0.23010877604782087,0.24669522235328037,0.39457383232881565,0.3278832295527431,0.2360722720552867,0.5542272674627184,0.44290675984761313,0.32754286729655147,0.23604444556072537,0.5480268719299987,0.4421046801277875,0.16690282818628188,1.201969635899101,0.3207484299525813,-117.16680326217808,-0.28536380412988077,1.201969635899101,-0.14644812941642166,-2.155036232065196,-0.7961682936819852,0.41897275310606363,0.6666666666666666,1.0,0.6666666666666666,0.6666666666666666,0.4098099151571707,0.9685200362464228,-0.04942846222490303,0.1849578355353845,0.4966741274739612,0.6142274575698699,0.40065654529970035,0.3203563684052543,-0.3203563684052543,0.3030244590220859,0.28471771930714523,0.28837906725013335,0.2920404151931215,0.29570176313610963,0.2993631110790978,0.36526505873164267,0.4275056584411995,0.4897462581507563,0.5519868578603131,1.0,0.3333333333333333,0.42823800706532206,1.713027555830342,1.201969635899101,0.0,0.0,0.0,0.0
CONTROL10_IZDA,0.32498759967044916,0.4762374131474562,0.5107962205841282,0.5300693204228849,-0.9853723978888718,0.4707447957777436,0.2374324400045811,0.2374324400045811,0.2553981102920641,0.2374324400045811,0.2374324400045811,0.36207999129925944,2.98533656181899,0.2406482519186807,0.17599710589765072,0.19598669019570777,0.3027460218258667,0.2506674083138666,0.1803049864056961,0.4281812892727196,0.33887536580878097,0.24999936625195288,0.1802503702769555,0.41601153501528443,0.3373010931621987,0.17547689590494486,0.9179160188582404,0.2572867868107358,-113.05337735475197,-0.23673997845644298,0.9179160188582404,-0.10075054971480754,-3.717421789997669,-1.0580397698470507,0.3285511939610744,0.6666666666666666,1.0,0.6666666666666666,0.6666666666666666,0.3239376765735632,0.9228153039416886,-0.12094462415142057,0.14745416772764497,0.38143904727269023,0.4762374131474562,0.3059720062860802,0.2553981102920641,-0.2553981102920641,0.2388049731428751,0.2028736325679091,0.2100599006829023,0.21724616879789552,0.2244324369128887,0.2316187050278819,0.28629146114379134,0.33377794914470754,0.3812644371456238,0.42875092514654,1.0,0.3333333333333333,0.329134015091345,1.618737198298226,0.9179160188582405,0.0,0.0,0.0,0.0
CONTROL110_DCHA,0.23670572937101558,0.3957295290215035,0.3926561170148571,0.5137738686824448,-0.977853472977483,0.4557069459549662,0.17926968307065824,0.17926968307065824,0.19632805850742854,0.17926968307065824,0.17926968307065824,0.2786958726993929,2.977771119119953,0.20844368702974517,0.15223586916118778,0.17059144545260055,0.26197213111784984,0.2168481435202793,0.1560586813229108,0.36834392124204013,0.2930294801023944,0.21621383864229102,0.15600682339531602,0.3567887588810121,0.29153471072193055,0.19794563077779473,0.7945324700496533,0.1985388402175295,-111.44161843238268,-0.18479807261864623,0.7945324700496533,-0.0725764660985588,-5.4338490206565195,-1.1921890574788836,0.2663110649920808,0.6666666666666666,1.0,0.6666666666666666,0.6666666666666666,0.28190253211998806,0.9049068714709187,-0.14881709250793948,0.11335005742874046,0.3206666150559901,0.3957295290215035,0.26484415668321776,0.19632805850742854,-0.19632805850742857,0.21645984595084525,0.18234309507730465,0.18916644525201276,0.19598979542672088,0.20281314560142902,0.20963649577613713,0.2523137825649769,0.28816771917910855,0.3240216557932402,0.3598755924073719,1.0,0.3333333333333333,0.2808948376000145,1.5610368763535514,0.7945324700496533,0.0,0.0,0.0,0.0
CONTROL110_IZDA,0.32227043730505556,0.4617302985046492,0.45848697683433476,0.5032097158007247,-0.9729151748232444,0.4458303496464889,0.2071602932389618,0.2071602932389618,0.22924348841716738,0.2071602932389618,0.2071602932389618,0.3256999984370607,2.9727917937419472,0.24317067461174577,0.1776038329343048,0.20047554132047998,0.3058145789554643,0.25296334785454777,0.18202268812000463,0.430388059215434,0.3418748575384691,0.2521421982395084,0.1819555546030494,0.4154291373251117,0.33993977971716416,0.2010916301318324,0.9267039186796129,0.23241252012210553,-110.52747235763874,-0.2176552926424867,0.9267039186796129,-0.08149695144127533,-4.024333743944346,-1.0241640010520368,0.31135917348119746,0.6666666666666666,1.0,0.6666666666666666,0.6666666666666666,0.3309845014047432,0.8947496928626526,-0.16457467963437014,0.13235378974762044,0.3738043041757637,0.4617302985046492,0.3089013062265376,0.22924348841716738,-0.22924348841716735,0.2545700052656874,0.21040361490927623,0.21923689298055846,0.2280701710518407,0.23690344912312294,0.24573672719440517,0.2960020639134798,0.3374341225612721,0.3788661812090645,0.4202982398568568,0.6666666666666666,0.3333333333333333,0.32775521216555076,1.5233431399276955,0.9267039186796129,0.0,0.0,0.0,0.0
CONTROL11_DCHA,0.2965792944852194,0.44173143400903314,0.43326816634215715,0.5542902259534525,-0.9963377998247439,0.49267559964948826,0.20905120822115975,0.20905120822115975,0.21663408317107857,0.20905120822115975,0.20905120822115975,0.30655448450114015,2.9963355618068657,0.2337293270735895,0.17065476568329135,0.18352952012089727,0.2926682423045548,0.243191007027303,0.17516884375693054,0.40915346562197497,0.32838730968423546,0.24290904262877416,0.17514579160981544,0.40401690666098433,0.32772284727202994,0.18254843975763088,0.8919261356849423,0.21703185473310616,-116.53056218696342,-0.19417758169205532,0.8919261356849423,-0.09694272916066105,-4.173250484654366,-1.0487763816534732,0.2942168150041529,0.6666666666666666,1.0,0.6666666666666666,0.6666666666666666,0.3048915868448996,0.9614506909662601,-0.06051611500464791,0.12507374623446998,0.3604437746015487,0.44173143400903314,0.29730871189498076,0.21663408317107857,-0.21663408317107857,0.2326802257878734,0.21751447588803577,0.2205476258680033,0.22358077584797081,0.22661392582793835,0.22964707580790586,0.2744904674321053,0.3163007090763373,0.35811095072056925,0.3999211923648012,1.0,0.3333333333333333,0.31441972716165006,1.7035503751904066,0.8919261356849423,0.0,0.0,0.0,0.0
CONTROL11_DCHA_aug1_001,0.29294319784432876,0.4414224286951882,0.4399567695927523,0.5614890382071237,-0.9995504815808013,0.4991009631616028,0.21728504740085366,0.21728504740085366,0.21997838479637616,0.21728504740085366,0.21728504740085366,0.31111973207737453,2.999550447897953,0.23159399855931964,0.1691330327819711,0.17866091815460514,0.289649333682339,0.2410570316393442,0.17366848058116757,0.4046122140602092,0.3254478738862373,0.2409568815954915,0.1736602927618666,0.4027877759117085,0.3252118655814014,0.1714925148054756,0.8843105164928123,0.2200278436393924,-118.78513248071255,-0.19283936812261537,0.8843105164928123,-0.10594918630490432,-4.1080664830069225,-1.0615546161677885,0.2955707464973434,0.6666666666666666,1.0,0.6666666666666666,0.6666666666666666,0.2974635095597933,0.9865014720079172,-0.0212018494287284,0.12700457967808684,0.36023852651018207,0.4414224286951882,0.29477017216427076,0.21997838479637616,-0.21997838479637616,0.22413738129433455,0.21875070650328957,0.21982804146149856,0.22090537641970756,0.22198271137791656,0.22306004633612556,0.26759439077450525,0.311051400254676,0.35450840973484676,0.3979654192150175,1.0,0.3333333333333333,0.31248637188648126,1.7285478145344833,0.8843105164928123,0.0,0.0,0.0,0.0
CONTROL11_IZDA,0.55547936394212,0.5878539120715612,0.5278426546734003,0.5604443425902063,-0.9990855382442334,0.49817107648846665,0.2593113870840937,0.2593113870840937,0.26392132733670015,0.2593113870840937,0.2593113870840937,0.3732980540326944,2.999085398828349,0.32383195596307746,0.2361256243258394,0.2500838957082885,0.40439598508832875,0.33659493562909276,0.2426603674891908,0.5607762781412932,0.45417700063582606,0.3364235179228581,0.24264635314481656,0.5576535535717143,0.4537730467211696,0.19431899316495205,1.2357190815412835,0.26404208314312966,-118.26710751144577,-0.23255489944277635,1.2357190815412835,-0.1250457532894404,-2.307594887702369,-0.7272425495911636,0.37920470834783265,0.6666666666666666,1.0,0.6666666666666666,0.6666666666666666,0.4165163007663676,0.980745639016064,-0.030240068712997583,0.15237504938272714,0.4870622818148361,0.5878539120715612,0.41190636051376117,0.26392132733670015,-0.26392132733670015,0.32854252498746755,0.31932264448225467,0.32116662058329726,0.32301059668433985,0.3248545727853824,0.32669854888642497,0.38040480240428626,0.432267079821105,0.4841293572379238,0.5359916346547425,1.0,0.3333333333333333,0.43030197301512185,1.7249259999171045,1.2357190815412835,0.0,0.0,0.0,0.0
CONTROL12_DCHA,0.1330838749996939,0.30030018959367494,0.30865604926936296,0.5231400553149733,-0.982189476503894,0.4643789530077877,0.1423295821510592,0.1423295821510592,0.15432802463468148,0.1423295821510592,0.1423295821510592,0.2189114058685643,2.982136291154944,0.15532228050195557,0.11350584206701857,0.12669419609370605,0.19527233007814906,0.16167476916895504,0.11632910042645607,0.275222268145921,0.21850938977641068,0.1612286146905387,0.1162926248333451,0.26709465063089927,0.21745800569213763,0.18751116779434324,0.5922445195116618,0.15572099105047216,-112.33064844204458,-0.14404294584616817,0.5922445195116618,-0.05916634859190731,-9.385718305446753,-1.6176987776755292,0.20412045142686056,0.6666666666666666,1.0,0.6666666666666666,0.6666666666666666,0.20941328232084291,0.9147849826893841,-0.13345607328295822,0.08910132656633656,0.24209716366452375,0.30030018959367494,0.19741483983722063,0.15432802463468148,-0.15432802463468148,0.15797060744261573,0.13397372247537118,0.13877309946882008,0.143572476462269,0.1483718534557179,0.15317123044916683,0.18643652387282758,0.2149024403030394,0.24336835673325127,0.2718342731634631,1.0,0.3333333333333333,0.21062120421876956,1.5942660188594329,0.5922445195116619,0.0,0.0,0.0,0.0
CONTROL12_IZDA,0.20788721136814575,0.37094979743359635,0.36927829827682157,0.48344454943269255,-0.9635345124069057,0.42706902481381137,0.16390097400443493,0.16390097400443493,0.18463914913841079,0.16390097400443493,0.16390097400443493,0.26276105990973525,2.9633101549519645,0.1951863905293633,0.14256790475660558,0.16293812045363182,0.2457470244278105,0.2030338438756674,0.1460567793044079,0.3464372293609474,0.27445690396575,0.20226270797841778,0.14599373468515134,0.33238940976448206,0.2726396858307721,0.20621381662330024,0.7435710940239675,0.18810058776680802,-108.99122176907781,-0.1778619801811612,0.7435710940239675,-0.06121231186824161,-6.32437333926347,-1.2814619438450228,0.25121348497951856,0.6666666666666666,1.0,0.6666666666666666,1.0,0.26859520647529833,0.8776802418786424,-0.19095938728717773,0.10660146245800492,0.29980834864333034,0.37094979743359635,0.2478570313413225,0.18463914913841079,-0.18463914913841079,0.20704882342916142,0.16557247316120974,0.17386774321480009,0.1821630132683904,0.19045828332198075,0.19875355337557107,0.2398290182300484,0.2726092130309354,0.3053894078318224,0.33816960263270934,0.6666666666666666,0.3333333333333333,0.2632408348313674,1.452186295306189,0.7435710940239675,0.0,0.0,0.0,1.0
CONTROL13_DCHA,0.14849096083538085,0.3156492058812532,0.31959603644305906,0.5270081564619471,-0.9839688495310632,0.46793769906212634,0.1480218925423799,0.1480218925423799,0.15979801822152953,0.1480218925423799,0.1480218925423799,0.22660134052356978,2.9839257861391895,0.16452251071110646,0.12019653168370371,0.1335487471249405,0.20669800958505094,0.17121837113941593,0.1232215723925453,0.2908054285621602,0.2313675646919648,0.17078048337045604,0.12318577264859665,0.2828284060894851,0.23033566149866644,0.18922980913538343,0.6273515812007007,0.16109450032686298,-112.72601782152007,-0.14858756725055502,0.6273515812007007,-0.06223482059204033,-8.457389671608485,-1.517940075735628,0.21336922575920172,0.6666666666666666,1.0,0.6666666666666666,0.6666666666666666,0.2208933194127165,0.9191779757946674,-0.1266141795729724,0.0922594288361688,0.25521733341017755,0.3156492058812532,0.20911719373356688,0.15979801822152953,-0.15979801822152953,0.16762731333887332,0.14407506198057407,0.1487855122522339,0.15349596252389378,0.1582064127955536,0.16291686306721348,0.1972316918473493,0.22683607035582526,0.2564404488643013,0.28604482737277726,1.0,0.3333333333333333,0.22247918317255425,1.6079381267065058,0.6273515812007007,0.0,0.0,0.0,0.0
CONTROL13_DCHA_aug0_004,0.14849018062347175,0.31564714824361556,0.31958986353014607,0.5270220163769656,-0.9839752134961576,0.46795042699231526,0.1480214092124175,0.1480214092124175,0.15979493176507303,0.1480214092124175,0.1480214092124175,0.22659671688311037,2.9839321843796895,0.16452246058732553,0.12019646512829563,0.13354694470827722,0.20669766734944137,0.17121830361362375,0.12322156687193878,0.2908041984415683,0.23136740556424873,0.17078051264027258,0.12318577504156583,0.28282893929913516,0.2303357304743704,0.18922724901927843,0.6273515812007006,0.16109086789044877,-112.72746956475449,-0.14858263992718293,0.6273515812007006,-0.06223718205355319,-8.457385848085911,-1.5179294489936654,0.21336653859718555,0.6666666666666666,1.0,0.6666666666666666,0.6666666666666666,0.22089071628622242,0.9191941062750497,-0.1265890457497903,0.09225764686970281,0.25521658440624956,0.31564714824361556,0.20911719373356688,0.15979493176507303,-0.15979493176507303,0.16762573903119807,0.14407869392588696,0.1487881029469492,0.1534975119680114,0.15820692098907363,0.16291633001013583,0.19723002087368155,0.22683430271616506,0.2564385845586486,0.2860428664011321,1.0,0.3333333333333333,0.22247859868870665,1.6079870626313748,0.6273515812007007,0.0,0.0,0.0,0.0
CONTROL13_DCHA_aug0_024,0.14849018062347175,0.31564714824361556,0.31958986353014607,0.5270220163769656,-0.9839752134961576,0.46795042699231526,0.1480214092124175,0.1480214092124175,0.15979493176507303,0.1480214092124175,0.1480214092124175,0.22659671688311037,2.9839321843796895,0.16452246058732553,0.12019646512829563,0.13354694470827722,0.20669766734944137,0.17121830361362375,0.12322156687193878,0.2908041984415683,0.23136740556424873,0.17078051264027258,0.12318577504156583,0.28282893929913516,0.2303357304743704,0.18922724901927843,0.6273515812007006,0.16109086789044877,-112.72746956475449,-0.14858263992718293,0.6273515812007006,-0.06223718205355319,-8.457385848085911,-1.5179294489936654,0.21336653859718555,0.6666666666666666,1.0,0.6666666666666666,0.6666666666666666,0.22089071628622242,0.9191941062750497,-0.1265890457497903,0.09225764686970281,0.25521658440624956,0.31564714824361556,0.20911719373356688,0.15979493176507303,-0.15979493176507303,0.16762573903119807,0.14407869392588696,0.1487881029469492,0.1534975119680114,0.15820692098907363,0.16291633001013583,0.19723002087368155,0.22683430271616506,0.2564385845586486,0.2860428664011321,1.0,0.3333333333333333,0.22247859868870665,1.6079870626313748,0.6273515812007007,0.0,0.0,0.0,0.0
CONTROL13_IZDA,0.13701413009722582,0.3039065651399636,0.3090494624174074,0.5589683194752988,-0.9984278926898492,0.4968557853796985,0.15098459387225446,0.15098459387225446,0.1545247312087037,0.15098459387225446,0.15098459387225446,0.21858831225609046,2.998427480553615,0.15785636255106794,0.11532407070638834,0.12294950409486045,0.19765133721492306,0.1643440453452431,0.11836247204772038,0.27684637747192087,0.22193932567528926,0.16421240758233996,0.11835170993345284,0.2744483260364466,0.2216291150744747,0.17067677092726039,0.6026702330024835,0.15464633934304714,-117.72763765229212,-0.13688819160595028,0.6026702330024835,-0.07195215959967799,-8.751170784956912,-1.5718889045254731,0.20515470876587966,0.6666666666666666,1.0,0.6666666666666666,0.6666666666666666,0.20443021500394368,0.9747515294699123,-0.03964980845036292,0.08921489515979966,0.2469156458471527,0.3039065651399636,0.20089007766749445,0.1545247312087037,-0.1545247312087037,0.15292197126770915,0.14584169659481067,0.14725775152939036,0.14867380646397005,0.15008986139854977,0.15150591633312946,0.18311889004216003,0.2133158088166109,0.24351272759106185,0.2737096463655127,1.0,0.3333333333333333,0.21370862570115245,1.7198054732040222,0.6026702330024833,0.0,0.0,0.0,0.0
CONTROL14_DCHA,0.14767416362302577,0.32359898535146386,0.35410643123074326,0.5617968575526764,-0.9996873945234499,0.49937478904689997,0.17524558630584525,0.17524558630584525,0.17705321561537163,0.17524558630584525,0.17524558630584525,0.25040410812709896,2.999687378234722,0.16140340864031305,0.11807400774056258,0.12462877398721345,0.20223168846995948,0.1682508800988369,0.12112284625668147,0.2848097206118426,0.22729943872550643,0.16818366454874675,0.1211173510141715,0.28358525171458143,0.2271410421095377,0.14903575864882632,0.6166905248236483,0.17708089600774346,-118.98692043963307,-0.15489803544731065,0.6166905248236483,-0.08581516384339624,-7.6618341703236,-1.5743474682379568,0.2258388027333946,0.6666666666666666,1.0,0.6666666666666666,0.6666666666666666,0.2073711375840758,0.9887435604403674,-0.017680652605312274,0.10222172169642367,0.2602804902159969,0.32359898535146386,0.20556350827454942,0.17705321561537163,-0.17705321561537163,0.14835339904561862,0.14473814042656585,0.1454611921503764,0.14618424387418696,0.1469072955979975,0.14763034732180808,0.18340251630678767,0.21845163356795672,0.25350075082912576,0.2885498680902948,1.0,0.3333333333333333,0.22186644903561975,1.7296146063976465,0.6166905248236483,0.0,0.0,0.0,0.0
CONTROL14_DCHA_aug0_002,0.15430928334173682,0.33162472104077384,0.36549128868932945,0.5620586638327423,-0.9998038121026389,0.4996076242052776,0.181267676044278,0.181267676044278,0.18274564434466473,0.181267676044278,0.181267676044278,0.258449820728294,2.9998038056872702,0.16470761388201005,0.12050812121232002,0.12694869767776865,0.20637167945692927,0.1717195915618773,0.12361620330999257,0.29077850991495535,0.2319914202280283,0.17166463424745296,0.12361171024596118,0.2897773498842876,0.23186191072292317,0.1465060331465073,0.629382874432992,0.1827635732246378,-119.19744844543885,-0.15954232852755873,0.629382874432992,-0.08915586972175224,-7.283853489195999,-1.5457524796363384,0.23230900620805897,0.6666666666666666,1.0,0.6666666666666666,0.6666666666666666,0.21127225977805078,0.9910827605048762,-0.014006709012521006,0.1055082469556238,0.26650689681486145,0.33162472104077384,0.20979429147766404,0.18274564434466473,-0.18274564434466473,0.15035704499649585,0.14740110839572235,0.14799229571587705,0.14858348303603175,0.14917467035618645,0.14976585767634115,0.18661058020535143,0.22286411541420703,0.2591176506230627,0.29537118583191824,1.0,0.3333333333333333,0.22679600477208353,1.7305217992462658,0.6293828744329921,0.0,0.0,0.0,0.0
CONTROL14_IZDA,0.20909092316340108,0.3759700518174264,0.3840928074425339,0.5550798174428081,-0.9966911928811427,0.4933823857622854,0.18565787330328232,0.18565787330328232,0.19204640372126694,0.18565787330328232,0.18565787330328232,0.2717448601286632,2.996689366165078,0.19487021376501543,0.14237921087763117,0.15313898265150436,0.24419619886967733,0.20287969191275723,0.14608704998257765,0.34251884932704707,0.27402607674881974,0.20264213845860066,0.1460676286754854,0.3381913266680573,0.2734662708229647,0.1732199788629519,0.7438173480097453,0.1923649166167688,-116.7023986769381,-0.17184969396288383,0.7438173480097453,-0.08644040623365656,-5.767562093606167,-1.277408235022986,0.2542862519890193,0.6666666666666666,1.0,0.6666666666666666,0.6666666666666666,0.254327646421233,0.9633599852993122,-0.05752223151840581,0.11087804288537302,0.30486440633204537,0.3759700518174264,0.2479391160032484,0.19204640372126694,-0.19204640372126697,0.19031217851414406,0.17753511767817481,0.18009052984536866,0.1826459420125625,0.18520135417975636,0.1877567663469502,0.2274437531748005,0.26457532783545695,0.3017069024961135,0.3388384771567699,1.0,0.3333333333333333,0.26400184542499006,1.706296791210307,0.7438173480097452,0.0,0.0,0.0,0.0
CONTROL15_DCHA,0.15657209042511605,0.31805006009190573,0.3048478430004157,0.48770944741770805,-0.9655746496619744,0.43114929932394896,0.13580745179303833,0.13580745179303833,0.15242392150020784,0.13580745179303833,0.13580745179303833,0.21683707667754054,2.9653748326260283,0.17044237589722228,0.12441733747927783,0.1412223905261518,0.21432166690928356,0.17721120705520443,0.1275332029547303,0.30101665915122877,0.23946768091490891,0.17659333416166487,0.12748268843263236,0.2897608390383962,0.23801163428129216,0.21212189343195195,0.6493023372753015,0.15511728801809732,-109.30734214954734,-0.1463932730512484,0.6493023372753015,-0.05128725618934965,-8.55137483089545,-1.4463217686867569,0.21308286440302085,0.6666666666666666,1.0,0.6666666666666666,0.6666666666666666,0.23305058213226998,0.881192690550526,-0.1855406972554144,0.08800199210908337,0.2587845590760277,0.31805006009190573,0.2164341124251005,0.15242392150020784,-0.15242392150020784,0.1822426082988674,0.1490096688845284,0.1556562567673962,0.162302844650264,0.1689494325331318,0.17559602041599962,0.20940409865747506,0.2365655890160827,0.2637270793746904,0.2908885697332981,0.6666666666666666,0.3333333333333333,0.22845283278692785,1.4676119362987994,0.6493023372753015,0.0,0.0,0.0,0.0
CONTROL15_IZDA,0.1353450224197499,0.2997538871928692,0.29932239652474507,0.5003442806303741,-0.9715667883086357,0.44313357661727176,0.13487946981572493,0.13487946981572493,0.14966119826237254,0.13487946981572493,0.13487946981572493,0.2126827391266137,2.971430754678934,0.1574328214854175,0.11499506935703561,0.13012438396067993,0.19805231595682746,0.1637828313737895,0.11784112115753484,0.27893473284745274,0.22136605128060002,0.1632331821710527,0.117796184299019,0.268921746979557,0.22007077699411956,0.20084649601037766,0.5999392650538625,0.1518353475082152,-110.2923199287637,-0.142411752002674,0.5999392650538625,-0.05265800646121485,-9.573003602952243,-1.5859384649994808,0.2025639123829608,0.6666666666666666,1.0,0.6666666666666666,0.6666666666666666,0.21476148346460178,0.8921368880973745,-0.1686215042376385,0.08640693310402274,0.24239254803561022,0.2997538871928692,0.19997975501795417,0.14966119826237254,-0.14966119826237256,0.16487441737714428,0.13531096048384908,0.14122365186250813,0.14713634324116717,0.1530490346198262,0.15896172599848524,0.19185031134028926,0.21882620530343425,0.24580209926657925,0.27277799322972424,0.6666666666666666,0.3333333333333333,0.21240293659281168,1.5130790269575394,0.5999392650538625,0.0,0.0,0.0,0.0
CONTROL15_IZDA_aug0_026,0.13703159261007342,0.3030947626608056,0.30710637433774346,0.5029289265422014,-0.9727832139068492,0.4455664278136985,0.13872429886860066,0.13872429886860066,0.15355318716887173,0.13872429886860066,0.13872429886860066,0.21816726252094043,2.9726586220824447,0.15800580189877278,0.11544195648428254,0.13061639252098153,0.1988253061299773,0.16441449077983722,0.11828251728396155,0.28034920767885485,0.22224040360205108,0.1638630879678362,0.11823743705820165,0.270304276226952,0.22094099685257934,0.19716365294055876,0.6021779136446733,0.15568644473551413,-110.50421158414588,-0.1458231548982262,0.6021779136446733,-0.05453326113402926,-9.355302478261383,-1.5877504185655835,0.20562844747640652,0.6666666666666666,1.0,0.6666666666666666,0.6666666666666666,0.21555485951516218,0.8944912398238432,-0.16497510749549688,0.08865397394687308,0.24452642465625982,0.3030947626608056,0.2007259712148911,0.15355318716887173,-0.15355318716887173,0.16437046379220493,0.1347126871916628,0.1406442425117712,0.14657579783187966,0.15250735315198807,0.15843890847209652,0.19211532356592506,0.2198601833396452,0.24760504311336534,0.2753499028870855,0.6666666666666666,0.3333333333333333,0.2137222438977542,1.5223381027206224,0.6021779136446733,0.0,0.0,0.0,0.0
CONTROL16_DCHA,0.2624695497047582,0.4229609884811383,0.4375175173918747,0.5501923431099133,-0.9944996767148312,0.48899935342966233,-0.20936592554185982,-0.20936592554185982,0.21875875869593736,0.20936592554185982,0.20936592554185982,0.3096566479856284,2.9944946251895304,0.21738672804225928,0.1588422973792121,0.15980093190715325,0.27101307713996997,0.22647691988542631,0.16325860323793517,0.37769776272255123,0.30561485992728704,0.22682618643251606,0.16328715770746363,0.3840603681492943,0.3064379230288446,0.14459087181149813,0.83136544805154,0.2193628739102594,-124.25319870095782,-0.18131621020609184,0.83136544805154,-0.12346862907908501,-4.294029544707132,-1.1396131856817544,0.2892536888857161,0.6666666666666666,1.0,0.6666666666666666,0.6666666666666666,0.2677289828631024,0.9527422366560242,0.07416416442709124,0.12630042822068782,0.3458378045804722,0.4229609884811383,0.27712181601718,0.21875875869593736,-0.2187587586959374,0.21359506293927846,0.19480939663112334,0.19856652989275436,0.20232366315438538,0.20608079641601643,0.20983792967764744,0.2554682480476504,0.29734143315602235,0.33921461826439436,0.3810878033727663,1.0,0.3333333333333333,0.2957868318596791,1.6892784080611225,0.83136544805154,0.0,0.0,0.0,0.0
CONTROL16_IZDA,0.28660954091241375,0.42615420304599205,0.3941338122399003,0.5590209511825082,-0.9984513577884152,0.49690271557683036,-0.19258600705346254,-0.19258600705346254,0.19706690611995015,0.19258600705346254,0.19258600705346254,0.27876672665199226,2.9984509578664933,0.23152236660688297,0.16887554706262944,0.17364540730192957,0.2885611710469447,0.24078660935009458,0.17364955473084384,0.3996035047436321,0.3248055956913768,0.2409532287416176,0.1736631767864851,0.40263881818415087,0.3251982421509626,0.17601658967403686,0.884328796898076,0.19721967664769502,-122.25533124677216,-0.16678437452170763,0.884328796898076,-0.10525480165970647,-4.26898122740959,-1.0239561667952,0.27685370142627935,0.6666666666666666,1.0,0.6666666666666666,0.6666666666666666,0.2902953665662044,0.9749407639247538,0.03935279166190219,0.11377663129671992,0.353151377655808,0.42615420304599205,0.294776265632692,0.19706690611995015,-0.19706690611995012,0.2335681959925295,0.22460639785955433,0.22639875748614938,0.2281911171127444,0.22998347673933944,0.23177583636593446,0.272085397403222,0.3106025988139145,0.34911980022460704,0.38763700163529957,1.0,0.3333333333333333,0.309089814839427,1.7199881275999815,0.884328796898076,0.0,0.0,0.0,0.0
CONTROL17_DCHA,0.24259435741724616,0.39634150948581615,0.3817552534522167,0.47103026283141747,-0.9575442967414521,0.4150885934829041,0.1676725514368426,0.1676725514368426,0.19087762672610836,0.1676725514368426,0.1676725514368426,0.2719291963132023,2.9572395541194685,0.21196490456317849,0.1547427081355489,0.1773369608698335,0.26678085027537346,0.2203802551425458,0.15856496147963742,0.37526725633814006,0.297858670556605,0.21951738912669197,0.15849441741647952,0.35954838477494544,0.29582528606801034,0.21554290434409726,0.8072692750052317,0.19506331008709205,-108.10915581494545,-0.18540105845612803,0.8072692750052317,-0.06063120042915551,-5.570568726713454,-1.1686374562665325,0.2668423872203176,0.6666666666666666,1.0,0.6666666666666666,1.0,0.29229483362434305,0.8678795090549496,-0.20604781789319704,0.11020324917259558,0.32195269929726184,0.39634150948581615,0.26908975833507726,0.19087762672610836,-0.19087762672610836,0.22866895804897355,0.182258807470442,0.19154083758614832,0.20082286770185462,0.21010489781756095,0.21938692793326725,0.26220346833634206,0.2957379786237106,0.32927248891107913,0.3628069991984476,0.6666666666666666,0.3333333333333333,0.2843673430718597,1.4070543048574773,0.8072692750052317,0.0,0.0,0.0,1.0
CONTROL17_IZDA,0.18033122249717745,0.34617879896353665,0.3450980217973986,0.5406212069991781,-0.9901796527801155,0.48035930556023154,0.16262794647848577,0.16262794647848577,0.1725490108986993,0.16262794647848577,0.16262794647848577,0.24442417507828262,2.9901635267457687,0.18179588521441395,0.13277697195918667,0.14547223030602235,0.2280608004329387,0.18917209031411505,0.13619526899882492,0.3199302341229463,0.2555451547924577,0.18880318182221895,0.13616510869180895,0.31320981044633556,0.25467580452097893,0.18682796568140736,0.6934383750932114,0.17340254819295342,-114.31278760097412,-0.15802372065663842,0.6934383750932114,-0.07139290881902938,-6.929078626279322,-1.3619421680395984,0.2323536404234036,0.6666666666666666,1.0,0.6666666666666666,0.6666666666666666,0.241067189451284,0.9368087511219345,-0.09909766505768117,0.09962121789076772,0.2810743971871803,0.34617879896353665,0.23114612503107046,0.1725490108986993,-0.17254901089869934,0.18355085248505087,0.1637087236446238,0.16767714941270923,0.17164557518079462,0.17561400094888005,0.17958242671696545,0.21607644178074803,0.24860203107644518,0.28112762037214234,0.3136532096678395,1.0,0.3333333333333333,0.24517423906083435,1.6558226927031376,0.6934383750932114,0.0,0.0,0.0,0.0
CONTROL18_DCHA,0.17094839484290525,0.3386004821669892,0.34273808143694584,0.5220317819798903,-0.9816784459827902,0.4633568919655804,-0.1578524157460431,-0.1578524157460431,0.17136904071847292,0.1578524157460431,0.1578524157460431,0.24310511005495108,2.9816221551190454,0.17587435097669263,0.12845249149979582,0.1252837608964116,0.2186449500515486,0.1832074954072191,0.1321602887367728,0.3031295386886601,0.24707927712774513,0.18371010253916603,0.1322013796461472,0.3122855568985118,0.24826369455429853,0.13821858243237886,0.6730633650640216,0.17296082090665954,-127.77927178002642,-0.13670420208481607,0.6730633650640216,-0.10595945781788113,-6.518159058541898,-1.3919555410696767,0.2303701529257458,0.6666666666666666,1.0,0.6666666666666666,0.6666666666666666,0.2108378300489108,0.9135636468885955,0.13535713508053349,0.09893996178957827,0.279255263694157,0.3386004821669892,0.22435445502134058,0.17136904071847292,-0.1713690407184729,0.18074806642094607,0.15371481647608648,0.1591214664650584,0.16452811645403032,0.16993476644300223,0.17534141643197415,0.21231854957015467,0.2438890327193633,0.275459515868572,0.30702999901778055,1.0,0.3333333333333333,0.23871069997167788,1.5903432793286583,0.6730633650640218,0.0,0.0,0.0,0.0
CONTROL18_DCHA_aug0_021,0.16730949851608906,0.33505504069776654,0.33941465814711214,0.5209948824457392,-0.9811998348783956,0.46239966975679125,-0.15614475667041353,-0.15614475667041353,0.16970732907355607,0.15614475667041353,0.15614475667041353,0.240767609580154,2.9811405551014154,0.1739579090336909,0.12705422069235095,0.1237905782052701,0.21624849416697353,0.1812145837575949,0.13072416229661046,0.29979330873641535,0.2443892126794616,0.1817188994156286,0.1307653928874301,0.3089804512478704,0.24557765632837092,0.13770125840251377,0.6657504639461875,0.1713254436791328,-127.88086239563333,-0.1352253259443178,0.6657504639461875,-0.10519752314149186,-6.65184767550127,-1.407585901314481,0.22809765550788907,0.6666666666666666,1.0,0.6666666666666666,0.6666666666666666,0.20835424891225326,0.912434862270741,0.1371136941432336,0.09798057212407,0.2763468337384416,0.33505504069776654,0.2219168213153958,0.16970732907355607,-0.16970732907355607,0.178910284027353,0.15178513922106793,0.15721016818232494,0.16263519714358196,0.16806022610483898,0.173485255066096,0.2101392353614357,0.2413681866955184,0.27259713802960117,0.3038260893636838,1.0,0.3333333333333333,0.23615637369907327,1.5866709539396833,0.6657504639461874,0.0,0.0,0.0,0.0
CONTROL18_IZDA,0.14598150773481294,0.3179196745122886,0.3361989431921799,0.5605444045023887,-0.9991300897015789,0.49826017940315753,0.16523574246158984,0.16523574246158984,0.16809947159608996,0.16523574246158984,0.16523574246158984,0.23776304715174074,2.9991299635410056,0.16169605261702166,0.1182111768196725,0.12549649222898307,0.2025458647507546,0.1684506705523686,0.12129057208387058,0.28452909751052025,0.22753168805707233,0.16834418459970663,0.12128186626902565,0.2825892378075954,0.22728074888410948,0.15969408364250623,0.6175600803446858,0.16817263506454314,-118.30985932027549,-0.1480584749449893,0.6175600803446858,-0.07975414209629478,-7.9737718532164195,-1.555235592635228,0.218252686475947,0.6666666666666666,1.0,0.6666666666666666,0.6666666666666666,0.20871708924939542,0.981220659114172,-0.02949424178413937,0.09705227517663638,0.25688735641675775,0.3179196745122886,0.20585336011489527,0.16809947159608996,-0.16809947159608996,0.15268393205069875,0.1469564737816985,0.14810196543549853,0.1492474570892986,0.15039294874309864,0.1515384403968987,0.1857310805430167,0.21877822903533467,0.25182537752765266,0.2848725260199706,1.0,0.3333333333333333,0.22059125680377947,1.7252729859089042,0.6175600803446858,0.0,0.0,0.0,0.0
CONTROL19_DCHA,0.100362021510517,0.2556136175572728,0.2469894417095378,0.5380624520439873,-0.9890182691629276,0.478036538325855,0.11598158908341408,0.11598158908341408,0.1234947208547689,0.11598158908341408,0.11598158908341408,0.17497081601233408,2.988998095512536,0.13631424750207283,0.09950910192460583,0.1090874658779381,0.17091843309569352,0.14178212614530006,0.10209894047422385,0.23920673931203648,0.19149279869833005,0.14150275510265872,0.1020761003482779,0.23411742363953303,0.19083444765166455,0.19426774274052838,0.5198514109622806,0.12417845032870445,-113.9847160312747,-0.11345612846947102,0.5198514109622806,-0.05047766277035223,-12.714876719881287,-1.7956796826551993,0.1698755011678252,0.6666666666666666,1.0,0.6666666666666666,0.6666666666666666,0.18079693542544836,0.9331635114586077,-0.10479375380752727,0.07129971032899851,0.20852487576380535,0.2556136175572728,0.17328380365409354,0.1234947208547689,-0.12349472085476891,0.13963202847385872,0.12460576493114908,0.12761101763969102,0.13061627034823295,0.13362152305677485,0.1366267757653168,0.16282834629054152,0.18602466410722435,0.20922098192390717,0.23241729974059,1.0,0.3333333333333333,0.18290436618673797,1.6468493503867785,0.5198514109622806,0.0,0.0,0.0,0.0
CONTROL20_DCHA,0.17383691595022083,0.3498596249383021,0.3792418274357653,0.5548305372884608,-0.9965796511195183,0.49315930223903676,0.18320727040501197,0.18320727040501197,0.18962091371788264,0.18320727040501197,0.18320727040501197,0.2683178180432653,2.996577699095605,0.1755644488468486,0.12841548337509953,0.1385216116418937,0.22032396629741374,0.18295233839668087,0.13166476931664622,0.31077238361433973,0.24722596458567442,0.18271385113544608,0.13164527166566709,0.30642784974705295,0.2466639580993692,0.15976472614966533,0.670337047379141,0.18994603281153014,-116.64721488237991,-0.16977090640826167,0.670337047379141,-0.08518999188963536,-6.681922141593202,-1.4474794584777257,0.2425575942699781,0.6666666666666666,1.0,0.6666666666666666,0.6666666666666666,0.22985932577258433,0.9627468320264433,-0.05848374885796522,0.10947768557900234,0.2809409910312144,0.3498596249383021,0.22344568245971366,0.18962091371788264,-0.18962091371788264,0.1666523545332901,0.1538250679075488,0.15639052523269706,0.15895598255784532,0.16152143988299358,0.16408689720814185,0.2032938086142925,0.2399352626952949,0.2765767167762973,0.3132181708572997,1.0,0.3333333333333333,0.24071900350839276,1.7054298496812248,0.670337047379141,0.0,0.0,0.0,0.0
CONTROL20_IZDA,0.1598451808954894,0.32047713172141473,0.30374277452547455,0.5224648427002825,-0.9818781970121506,0.46375639402430147,0.13995931753966417,0.13995931753966417,0.15187138726273727,0.13995931753966417,0.13995931753966417,0.21543823093497436,2.981823130581844,0.1725348820926729,0.1259163453108679,0.139652325038069,0.21647778639396448,0.17939295796435517,0.12917164665877492,0.3029538559725887,0.24230826694977078,0.17895001520229153,0.1291354336412169,0.29488474644828483,0.24126445142665726,0.2038640205128422,0.6576886206387696,0.15326646888465323,-112.2635123164634,-0.14184063446934767,0.6576886206387696,-0.05806758904675899,-8.195744824326809,-1.4129434381900257,0.21244049779351842,0.6666666666666666,1.0,0.6666666666666666,0.6666666666666666,0.2311416099359963,0.9140390257384823,-0.13461724624968816,0.08768298631834326,0.2618497232884701,0.32047713172141473,0.2192295402129232,0.15187138726273727,-0.15187138726273727,0.18051781418175056,0.15669367473560436,0.1614585026248336,0.16622333051406285,0.17098815840329207,0.1757529862925213,0.2085096776896834,0.2365015411976162,0.26449340470554905,0.2924852682134819,1.0,0.3333333333333333,0.23082834956989823,1.5918763907667255,0.6576886206387696,0.0,0.0,0.0,0.0
CONTROL21_DCHA,0.23422837386089151,0.398852070590951,0.410088806486189,0.5606906533753625,-0.9991951982387306,0.49839039647746125,-0.20168465618656345,-0.20168465618656345,0.2050444032430945,0.20168465618656345,0.20168465618656345,0.29001550028093537,2.9991950902587816,0.2057893231580124,0.15035978219390206,0.15496663951956618,0.25701491792604714,0.21433695303833436,0.1544492290990009,0.3589571587785891,0.2893244264605512,0.21446188310302094,0.1544594428218868,0.3612330157541907,0.2896188300539544,0.15485062610233585,0.786467405286664,0.2051269631281279,-121.62564368823388,-0.17466403581109427,0.786467405286664,-0.10756182220634386,-4.9277539084417175,-1.2046735170087115,0.27106803501886967,0.6666666666666666,1.0,0.6666666666666666,0.6666666666666666,0.25879605470569034,0.981937292352957,0.028369028204531573,0.1183824414082268,0.3251674307740651,0.398852070590951,0.26215580176222136,0.2050444032430945,-0.2050444032430945,0.19716741440438756,0.19044792029132546,0.1917918191139379,0.1931357179365503,0.19447961675916273,0.19582351558177513,0.23750434564170025,0.27784127687901294,0.31817820811632563,0.3585151393536383,1.0,0.3333333333333333,0.27942105257173655,1.7257801025181405,0.786467405286664,0.0,0.0,0.0,0.0
CONTROL21_DCHA_aug0_016,0.23508698958492064,0.39925989734850076,0.4095553890785969,0.5599408568045973,-0.9988613064011533,0.49772261280230684,-0.20078585692073803,-0.20078585692073803,0.20477769453929845,0.20078585692073803,0.20078585692073803,0.2896544111468119,2.9988610902152364,0.20623694387711636,0.15067978839829754,0.1548804121238666,0.25750711682300503,0.2147996585543859,0.15479293823833445,0.3594656691388092,0.289932801403114,0.21494809250596442,0.1548050735338063,0.3621696975483316,0.2902825930152241,0.1543538385281686,0.7882243029669054,0.2048943837286642,-121.93378651704701,-0.17388565281398666,0.7882243029669054,-0.10837660369748989,-4.9053631845806,-1.2005713384815544,0.27113299550503084,0.6666666666666666,1.0,0.6666666666666666,0.6666666666666666,0.25874959670374137,0.9785134831439222,0.03374453435516089,0.11822845706629492,0.3257554200882954,0.39925989734850076,0.2627414343223018,0.20477769453929845,-0.20477769453929845,0.19847404042776273,0.19049036519064186,0.19208710023806602,0.1936838352854902,0.19528057033291438,0.19687730538033857,0.23863121181191033,0.2787883831960579,0.31894555458020557,0.35910272596435316,1.0,0.3333333333333333,0.279932723813491,1.7231797813418364,0.7882243029669054,0.0,0.0,0.0,0.0
CONTROL21_DCHA_aug0_027,0.2342263148509806,0.398847126615094,0.41007397455861805,0.5606930495986069,-0.9991962649426718,0.49839252988534344,-0.2016795907320586,-0.2016795907320586,0.20503698727930902,0.2016795907320586,0.2016795907320586,0.29000495948914745,2.99919615724881,0.20578941212125518,0.1503597873781054,0.1549682304222565,0.25701512007604105,0.2143369507797811,0.1544492289143517,0.3589571176344161,0.28932442113816365,0.21446179344227,0.15445943549162514,0.3612313823999934,0.28961861876416334,0.15485982972815338,0.786467405286664,0.20511943468940727,-121.6245657080686,-0.17465964899881137,0.786467405286664,-0.1075545884605302,-4.927913090929963,-1.2046637819310826,0.271061391743195,0.6666666666666666,1.0,0.6666666666666666,0.6666666666666666,0.25879840521497094,0.9819492699103491,0.028350221468772356,0.11837815979953895,0.32516407761019045,0.398847126615094,0.26215580176222136,0.20503698727930902,-0.20503698727930908,0.19716753588303543,0.19045274278853455,0.19179570140743474,0.1931386600263349,0.19448161864523508,0.19582457726413524,0.23750345402944714,0.27783937217585886,0.3181752903222706,0.35851120846868234,1.0,0.3333333333333333,0.27941982442851154,1.725788411078642,0.786467405286664,0.0,0.0,0.0,0.0
CONTROL21_IZDA,0.22986348248281369,0.3928406783991419,0.3969925408885753,0.5624840617080769,-0.9999929162645216,0.4999858325290431,0.1981912531742526,0.1981912531742526,0.19849627044428764,0.1981912531742526,0.1981912531742526,0.2807164491647285,2.9999929162561583,0.20460845438449252,0.14945732835820405,0.15648219071188774,0.2557799031182141,0.21302635882163637,0.15348237777338064,0.35734357503509223,0.28759068647376773,0.2130150169477885,0.15348145051254258,0.35713695957565217,0.2875639588127751,0.16483000401428524,0.7815294943088503,0.19849697349555945,-119.8475054534724,-0.17216696546566265,0.7815294943088503,-0.09879060931709124,-5.147337081024104,-1.2063336168982197,0.26461091442132695,0.6666666666666666,1.0,0.6666666666666666,0.6666666666666666,0.26081484870631855,0.9983056161496933,-0.0026615287859714652,0.11460187517414623,0.3203394293794935,0.3928406783991419,0.2605098314362835,0.19849627044428764,-0.19849627044428764,0.1946494252248893,0.1940393906848192,0.1941613975928332,0.19428340450084725,0.19440541140886125,0.19452741831687528,0.2342876758597398,0.2739259264945903,0.31356417712944085,0.3532024277642914,1.0,0.3333333333333333,0.2768052760111421,1.7319955954779358,0.7815294943088504,0.0,0.0,0.0,0.0
CONTROL21_IZDA_aug0_030,0.22985844242931297,0.39195160709387,0.3934364578164088,0.5624793996124184,-0.9999908441883569,0.49998168837671425,0.19637456463071193,0.19637456463071193,0.1967182289082044,0.19637456463071193,0.19637456463071193,0.27820201181844934,2.999990844174385,0.20485068010056862,0.14961726329381744,0.1566793331123359,0.25605438345000703,0.21325693716138483,0.1536559832339477,0.35753674471008834,0.2878901901332074,0.2132441582230614,0.1536549384851505,0.3573039501782275,0.2878600759619572,0.16640841699951417,0.7824183634652012,0.19671912947191372,-119.82663088990924,-0.17066060561666901,0.7824183634652012,-0.09784361803786348,-5.169707632500617,-1.2017887049935254,0.2632545466745519,0.6666666666666666,1.0,0.6666666666666666,0.6666666666666666,0.26114978543255957,0.998073676554547,-0.0030258571749544223,0.11357532241465822,0.3199354983789787,0.39195160709387,0.2608061211550671,0.1967182289082044,-0.1967182289082044,0.19557704246315807,0.19488971390817317,0.19502717961917015,0.19516464533016714,0.1953021110411641,0.1954395767521611,0.23485195538930045,0.27412686831544286,0.31340178124158524,0.3526766941677276,1.0,0.3333333333333333,0.27680224133805525,1.7319794453518393,0.7824183634652013,0.0,0.0,0.0,0.0
CONTROL22_DCHA,0.18225440934728815,0.3455585725312073,0.33663914715463444,0.5605548597382438,-0.9991347445500035,0.49826948910000707,0.16545978362625646,0.16545978362625646,0.16831957357731722,0.16545978362625646,0.16545978362625646,0.23807417855707952,2.99913461973617,0.18337673007313451,0.13387148030114843,0.1419111771134572,0.22931744869954898,0.19080267178121282,0.13747734083090407,0.319887984338751,0.2575774536715256,0.19069633230459013,0.13746864699128444,0.31795079299685386,0.25732685967626223,0.1779686641392782,0.7000365704389875,0.16839244058134697,-118.31438862521124,-0.14824567741922673,0.7000365704389875,-0.0798701018620675,-6.718906224014591,-1.3294012796252117,0.229345025374223,0.6666666666666666,1.0,0.6666666666666666,0.6666666666666666,0.23620531343072326,0.9812709847245691,-0.029415224799353802,0.09717935111474713,0.2828383311588575,0.3455585725312073,0.2333455234796625,0.16831957357731722,-0.16831957357731722,0.18009878890495085,0.17437920900282933,0.17552312498325362,0.17666704096367794,0.17781095694410223,0.17895487292452655,0.21319074563020213,0.2462827023554534,0.27937465908070475,0.312466615805956,1.0,0.3333333333333333,0.24647813246296188,1.7253092406232013,0.7000365704389875,0.0,0.0,0.0,0.0
CONTROL22_DCHA_aug0_010,0.18225596196329705,0.3455633469076466,0.3366534702839523,0.5605615133583209,-0.9991377068319683,0.49827541366393663,0.16547172752967837,0.16547172752967837,0.16832673514197616,0.16547172752967837,0.16547172752967837,0.2380841902858032,2.9991375828714175,0.1833765830234608,0.13387142709031483,0.14190791183173604,0.22931695437242938,0.19080262725013547,0.13747733719024252,0.31988717311398024,0.25757734873194016,0.19069646560174833,0.13746865788906346,0.31795322127757275,0.25732717379730635,0.1779529789906702,0.7000365704389875,0.16839935560730576,-118.31727735351441,-0.148247737889294,0.7000365704389875,-0.07988085615254137,-6.718579047786603,-1.329412070119551,0.22935042009559484,0.6666666666666666,1.0,0.6666666666666666,0.6666666666666666,0.23620053109196032,0.981303081705716,-0.029364828758769574,0.09718348584603076,0.2828419436665232,0.3455633469076466,0.23334552347966253,0.16832673514197616,-0.16832673514197616,0.18009161937796825,0.17438160415337267,0.1755236071982918,0.1766656102432109,0.17780761328813002,0.17894961633304912,0.2131859648839039,0.24628031038983958,0.27937465589577526,0.31246900140171097,1.0,0.3333333333333333,0.24647918232803964,1.7253323127015607,0.7000365704389876,0.0,0.0,0.0,0.0
CONTROL22_IZDA,0.2351244767839255,0.38954660578780004,0.3707904771398778,0.5603089739313433,-0.9990252605190969,0.4980505210381939,-0.1820517950392482,-0.1820517950392482,0.1853952385699389,0.1820517950392482,0.1820517950392482,0.26223109311844567,2.999025102114782,0.2088660101683121,0.15241534527071138,0.15717289906999765,0.26050532026803136,0.21729992916096244,0.1566730929278108,0.36162068292278143,0.29318413667310866,0.21742425298937484,0.1566832570875325,0.36388549606312215,0.29347711164212087,0.1714998913218603,0.7978493402235224,0.18548566070813483,-121.78911184160765,-0.1576614793085468,0.7978493402235224,-0.09771278458100546,-5.137757557669576,-1.1501818994189263,0.25600692682579057,0.6666666666666666,1.0,0.6666666666666666,0.6666666666666666,0.2626063365438168,0.980120979537693,0.031220818069090467,0.1070379908948291,0.3212990268700673,0.38954660578780004,0.2659497800745075,0.1853952385699389,-0.1853952385699389,0.20749481074855183,0.2008079236871705,0.20214530109944676,0.20348267851172303,0.2048200559239993,0.20615743333627556,0.24390516975640147,0.2803155287642511,0.31672588777210076,0.3531362467799504,1.0,0.3333333333333333,0.2799550420954083,1.724456551493836,0.7978493402235224,0.0,0.0,0.0,0.0
CONTROL23_DCHA,0.2783198929802425,0.4363554048455944,0.4535036050579305,0.5594551013555237,-0.9986448753507512,0.4972897507015021,0.2219292806749586,0.2219292806749586,0.22675180252896526,0.2219292806749586,0.2219292806749586,0.32074799038237867,2.998644569151954,0.22405944339428996,0.16375218829890215,0.17442826456064148,0.28064293503091786,0.23334805840624165,0.16803314484269777,0.3937816093253309,0.3151684267091696,0.23316873598790583,0.16801848424444468,0.3905148842365787,0.31474584496739094,0.16520041824716014,0.8555626094788525,0.22690559733341084,-117.890350092623,-0.20054924777987185,0.8555626094788525,-0.1061421184834726,-4.24402825537757,-1.1161192893904701,0.297246446439178,0.6666666666666666,1.0,0.6666666666666666,0.6666666666666666,0.29001005834695753,0.9765594454735889,-0.03681201772857681,0.13091521422933097,0.353374516723225,0.4363554048455944,0.28518753649295087,0.22675180252896526,-0.22675180252896526,0.21442612417063578,0.20478108046262242,0.2067100892042251,0.20863909794582777,0.21056810668743042,0.2124971154290331,0.25881198030562746,0.3031978364406192,0.34758369257561095,0.3919695487106027,1.0,0.3333333333333333,0.3045870937188259,1.7214946218751104,0.8555626094788527,0.0,0.0,0.0,0.0
CONTROL23_IZDA,0.1865631632377589,0.35490987740697555,0.36198954121483096,0.5513600069410702,-0.995024132718607,0.49004826543721375,-0.17360513561914614,-0.17360513561914614,0.18099477060741548,0.17360513561914614,0.17360513561914614,0.256178506875541,2.9950199993174738,0.18378373812896923,0.13425634896377098,0.13544161695355791,0.22910750583258963,0.19142330614951136,0.13799877100700575,0.3190058341538904,0.25829828534297,0.1916980850425534,0.13802123569935554,0.32401149441706684,0.25894581477238204,0.14863991519393635,0.7027400910060957,0.18144676107059754,-124.04499371063582,-0.15034645767362326,0.7027400910060957,-0.10158183778611174,-6.1056660432395695,-1.3411149275984673,0.2409468680730378,0.6666666666666666,1.0,0.6666666666666666,0.6666666666666666,0.22685706201376257,0.9550556254373799,0.07053982762520182,0.10449737953210589,0.2907028792687314,0.35490987740697555,0.2342466970020319,0.18099477060741548,-0.18099477060741548,0.1813047417878294,0.16652547181129074,0.16948132580659847,0.1724371798019062,0.17539303379721394,0.17834888779252167,0.21602576891165862,0.25074679603548783,0.2854678231593171,0.3201888502831463,1.0,0.3333333333333333,0.24937466005842088,1.693348261946157,0.7027400910060957,0.0,0.0,0.0,0.0
CONTROL24_DCHA,0.2601351785614615,0.4129958638358833,0.4028715232407416,0.5580064359106037,-0.9979988558267104,0.49599771165342094,0.1962280117685729,0.1962280117685729,0.2014357616203708,0.1962280117685729,0.1962280117685729,0.2849683726945773,2.9979981879514646,0.21906508102708577,0.15993115800888213,0.17073178990306817,0.2741117681972158,0.2279284131315066,0.16420436603378497,0.3827224733961783,0.30773201915349013,0.22773476625425373,0.16418853433188893,0.37919479895284125,0.30727568114824244,0.1806303243941056,0.8361160682669083,0.2016376156254967,-117.43606638795283,-0.17895853046211918,0.8361160682669083,-0.09290625603248853,-4.737466322822778,-1.1149291349899717,0.2743621402552269,0.6666666666666666,1.0,0.6666666666666666,0.6666666666666666,0.28391310594076735,0.9715118487550314,-0.04473414996721819,0.11629899119593837,0.33762569752563004,0.4129958638358833,0.27870535608896946,0.2014357616203708,-0.2014357616203708,0.21676785206731042,0.2063523523637146,0.20843545230443378,0.21051855224515292,0.2126016521858721,0.21468475212659124,0.25601345442102497,0.29525905677473957,0.3345046591284542,0.3737502614821687,1.0,0.3333333333333333,0.29446854872321054,1.7164664436795503,0.8361160682669083,0.0,0.0,0.0,0.0
CONTROL24_IZDA,0.26340958259001235,0.4249478302980424,0.44304991056310433,0.5578978195803608,-0.9979503855608111,0.4959007711216221,0.21572875156492555,0.21572875156492555,0.22152495528155217,0.21572875156492555,0.21572875156492555,0.313390816042903,2.9979496849288294,0.21785703813540694,0.1592298905671475,0.17034842728267868,0.27298928713926224,0.2268924821264924,0.16336711667830273,0.3833379321080628,0.3064766920262422,0.2266769539652735,0.163349496060573,0.3794116452660671,0.3059687897426597,0.16617703302793155,0.8317935803310229,0.22175232523035154,-117.40518030248396,-0.19686589851014435,0.8317935803310229,-0.10206817206583618,-4.493444133914563,-1.1499683199013855,0.2898196886978412,0.6666666666666666,1.0,0.6666666666666666,0.6666666666666666,0.2830607304936342,0.9711686700275994,-0.04527266768358905,0.12789749256402397,0.3437501289783795,0.4249478302980424,0.2772645267770076,0.22152495528155217,-0.2215249552815522,0.20921907873311685,0.1976266712998636,0.19994515278651426,0.2022636342731649,0.20458211575981555,0.2069005972464662,0.25236482904610197,0.29551057935908703,0.3386563296720722,0.3818020799850573,1.0,0.3333333333333333,0.2963160376973727,1.7160892934350327,0.8317935803310228,0.0,0.0,0.0,0.0
CONTROL25_DCHA,0.18279987006696052,0.34865051226045046,0.347322331972447,0.5624834657264659,-0.9999926513799826,0.4999853027599652,0.1733893677859343,0.1733893677859343,0.1736611659862235,0.1733893677859343,0.1733893677859343,0.24559427699340372,2.9999926513709827,0.18292090007481815,0.13358336938375714,0.1398692788796286,0.2286085027173075,0.1904062703733351,0.13719990684811523,0.3190115444714427,0.25702943186614746,0.19039616372953946,0.1371990805741571,0.31882743125706203,0.2570056150830685,0.16803331835665763,0.6986292048089043,0.17366180407470067,-119.84468047273063,-0.15063036554104897,0.6986292048089043,-0.08642288569267795,-6.529853955615685,-1.3418103425806078,0.23342605994381432,0.6666666666666666,1.0,0.6666666666666666,0.6666666666666666,0.23314819980325735,0.9982742274747847,-0.002710833823332763,0.10026332092993043,0.28492707280606755,0.34865051226045046,0.23287640160296816,0.1736611659862235,-0.17366116598622355,0.17526114447451616,0.17471754807393775,0.17482626735405343,0.17493498663416912,0.17504370591428478,0.17515242519440047,0.209939018031703,0.24461689158888986,0.27929476514607676,0.31397263870326364,1.0,0.3333333333333333,0.24684669335909723,1.7319935309196888,0.6986292048089044,0.0,0.0,0.0,0.0
CONTROL25_IZDA,0.18429816607812544,0.3397810200453976,0.3088623059259069,0.5433221831278856,-0.9914026107323972,0.4828052214647941,0.14612820047377534,0.14612820047377534,0.15443115296295346,0.14612820047377534,0.14612820047377534,0.21871406002131952,2.9913902561174424,0.18631427898294634,0.1358841246628975,0.14768594621841752,0.23320989836915168,0.1936481208542041,0.13952833128299438,0.3246381742394752,0.26141748191484304,0.1933393808288065,0.1395030900804776,0.3190138424006093,0.26068992147426817,0.2034822989619015,0.7104807542102859,0.15509931677986133,-114.6797725609471,-0.14093186938368168,0.7104807542102859,-0.06476114774770952,-7.117295415395251,-1.2798246208051887,0.2214135305312482,0.6666666666666666,1.0,0.6666666666666666,0.6666666666666666,0.2451298705592735,0.9408863617883012,-0.09272210776078867,0.08916086773442546,0.28004964527425047,0.3397810200453976,0.23682691807009534,0.15443115296295346,-0.15443115296295346,0.19365281957162228,0.17704691459326602,0.18036809558893727,0.1836892765846085,0.1870104575802798,0.19033163857595103,0.22287845966637734,0.2521040997611324,0.2813297398558875,0.31055537995064253,1.0,0.3333333333333333,0.24785625274751857,1.6652813198504723,0.710480754210286,0.0,0.0,0.0,0.0
CONTROL995_DCHA,0.272731022374597,0.4299286019360135,0.441034304610998,0.5497301860718129,-0.9942919452540452,0.48858389050809026,-0.21087067265655776,-0.21087067265655776,0.220517152305499,0.21087067265655776,0.21087067265655776,0.31215659221148634,2.994286504582397,0.22194353193844948,0.162147854533237,0.1630933149709693,0.2766443647879268,0.2311946337040825,0.16667125899794244,0.3852590737913227,0.3119624366522447,0.2315533319353072,0.16670058455974834,0.3917934966599622,0.3128077259625869,0.1463201468035703,0.8487515011970425,0.2211492214993735,-124.33292056810228,-0.18261935943369162,0.8487515011970425,-0.12472829562616139,-4.152375670981627,-1.1126302516533515,0.29282608468871596,0.6666666666666666,1.0,0.6666666666666666,0.6666666666666666,0.27327068741673954,0.9518564381321971,0.07555166937900698,0.12731563724450956,0.3520060989328717,0.4299286019360135,0.2829171670656808,0.220517152305499,-0.220517152305499,0.21905792927945575,0.19976496998157323,0.20362356184114974,0.20748215370072623,0.21134074556030275,0.21519933741987923,0.2612320638107673,0.3034061983420788,0.3455803328733904,0.387754467404702,1.0,0.3333333333333333,0.3015134172661846,1.687666877930623,0.8487515011970425,0.0,0.0,0.0,0.0
CONTROL995_DCHA_aug0_017,0.2704705444780462,0.42881682290053486,0.4419397929556018,0.5497901024699943,-0.9943188815464475,0.488637763092895,-0.21132657680087608,-0.21132657680087608,0.2209698964778009,0.21132657680087608,0.21132657680087608,0.3127960637981284,2.994313492151195,0.22082682608902895,0.16134517803060816,0.16225299476938312,0.275273020544573,0.23004825610573248,0.16583919767213048,0.38349436280674043,0.3104244324610467,0.2304068368354009,0.1658685136275351,0.39002664514389496,0.3112694448734256,0.1452456488482281,0.8445106757460028,0.22160026171596486,-124.32266547153624,-0.18301418400436187,0.8445106757460028,-0.12494992775428768,-4.174861465478571,-1.120230142068401,0.2927442290880767,0.6666666666666666,1.0,0.6666666666666666,0.6666666666666666,0.2718602389050761,0.9519703836495973,0.0753731945293057,0.1275770292142621,0.3508525583661596,0.42881682290053486,0.28150355858200093,0.2209698964778009,-0.2209698964778009,0.21749024609965878,0.19820360674580914,0.20206093461657906,0.20591826248734899,0.20977559035811894,0.21363291822888886,0.259755561459834,0.3020208768200092,0.3442861921801844,0.38655150754035966,1.0,0.3333333333333333,0.3002612998029362,1.6878758272550216,0.8445106757460028,0.0,0.0,0.0,0.0
CONTROL995_IZDA,0.3305490654895563,0.45621664096092296,0.41809142766383733,0.5451257672865967,-0.9922175523018688,0.4844351046037377,-0.19835675774945893,-0.19835675774945893,0.20904571383191867,0.19835675774945893,0.19835675774945893,0.2960215000760221,2.9922074316148626,0.2487306901617047,0.18139544637548874,0.18259904562802298,0.3094440269023336,0.25869333767115116,0.18664428960400312,0.42722801993102694,0.3488332431823666,0.2590907997277718,0.1866767843226616,0.43446860526463876,0.3497698812766803,0.16918433137069527,0.9505584952189315,0.20986393643952903,-125.06110869429945,-0.17178199122334725,0.9505584952189315,-0.1205562910396489,-3.645356254703176,-0.9455957091345889,0.295244792425336,0.6666666666666666,1.0,0.6666666666666666,0.6666666666666666,0.3061638756571841,0.9437654589522284,0.08821818235562955,0.1206925991537957,0.37989868780193964,0.45621664096092296,0.31685283173964385,0.20904571383191867,-0.20904571383191867,0.257859883211464,0.2364819710465446,0.24075755347952849,0.24503313591251236,0.24930871834549626,0.25358430077848015,0.2975312347613558,0.33720258631124755,0.37687393786113943,0.4165452894110312,1.0,0.3333333333333333,0.3319382801513741,1.6715896848569733,0.9505584952189315,0.0,0.0,0.0,0.0
CONTROL995_IZDA_aug0_018,0.3259733858602536,0.4516350928558159,0.4099038587694651,0.5393691648904562,-0.989611712319265,0.47922342463853,-0.19282834738167448,-0.19282834738167448,0.20495192938473256,0.19282834738167448,0.19282834738167448,0.2903524568489452,2.989593663679998,0.24725245156107029,0.1802908081562601,0.18049100749149344,0.30742666738686203,0.2571353547990202,0.18554941476630102,0.423899122981862,0.3466863905845826,0.2575861625111458,0.18558627078697165,0.4321115086783689,0.34774874023369706,0.16878125529561402,0.9450014197979826,0.20602484578389818,-125.84991325682839,-0.16699424740230062,0.9450014197979826,-0.12066133769695345,-3.69559787725113,-0.9460378918614141,0.2911343290218951,0.6666666666666666,1.0,0.6666666666666666,0.6666666666666666,0.3028768912629361,0.935000963813018,0.10192294972544237,0.11832905160120852,0.37696945777323143,0.4516350928558159,0.3150004732659942,0.20495192938473256,-0.20495192938473256,0.2588067454741414,0.23455958146802522,0.23940901426924846,0.2442584470704717,0.24910787987169491,0.25395731267291816,0.2973724149504763,0.33593808442681117,0.3745037539031461,0.413069423379481,1.0,0.3333333333333333,0.3296328188860314,1.6514334412473743,0.9450014197979825,0.0,0.0,0.0,0.0
CONTROL996_DCHA,0.0958934449059063,0.2528889328818591,0.25311632727798816,0.5579447761697652,-0.9979713406165572,0.4959426812331144,0.1232637731951598,0.1232637731951598,0.12655816363899408,0.1232637731951598,0.1232637731951598,0.17904089919384805,2.9979706542425237,0.13243898413715097,0.09672943563043605,0.10334878011055856,0.16580655859316795,0.13784719381647667,0.09928740763366806,0.23199678507812654,0.18614346931105696,0.13772469399600626,0.0992773925966712,0.22976519997787903,0.1858547927028425,0.175222425686027,0.5055504713675891,0.12668673098972788,-117.41848800060532,-0.11245561058202208,0.5055504713675891,-0.058337496153745616,-12.658194877097609,-1.8630611613310792,0.16964788509124473,0.6666666666666666,1.0,0.6666666666666666,0.6666666666666666,0.17181121423303067,0.9713165333400591,-0.04504064146349341,0.07306838984511793,0.20590414576933036,0.2528889328818591,0.16851682378919638,0.12655816363899408,-0.12655816363899408,0.1296251596866993,0.12303637879903072,0.12435413497656443,0.12567189115409816,0.12698964733163187,0.12830740350916559,0.15427791432573126,0.1789306689647632,0.2035834236037952,0.22823617824282713,1.0,0.3333333333333333,0.1787861337892346,1.7162523441912376,0.5055504713675891,0.0,0.0,0.0,0.0
CONTROL996_IZDA,0.1502217568766633,0.3150458576691335,0.31130702324059134,0.5411794406425963,-0.9904326618824993,0.4808653237649986,0.1468210577065065,0.1468210577065065,0.15565351162029567,0.1468210577065065,0.1468210577065065,0.22048141836385543,2.9904173573758897,0.16617184675209773,0.1213478613697936,0.13279780033484326,0.2084070552817001,0.17289372432651076,0.1244865468708797,0.2921162971925219,0.23353808062250977,0.172565295126269,0.1244596959695589,0.28613328671192634,0.2327641217122005,0.18838538378765401,0.6338305497668093,0.15640349230802725,-114.38676605405901,-0.14244902471852905,0.6338305497668093,-0.0645780749394641,-8.355802718501213,-1.4848044572882961,0.21080422184345451,0.6666666666666666,1.0,0.6666666666666666,0.6666666666666666,0.22010930383605887,0.9376307339339888,-0.0978127707280628,0.08986659683428824,0.2561828301116699,0.3150458576691335,0.21127684992226972,0.15565351162029567,-0.15565351162029564,0.16822479996262701,0.1505598921350487,0.15409287370056435,0.15762585526608003,0.16115883683159568,0.16469181839711136,0.1975890115039283,0.2269532230452296,0.25631743458653095,0.2856816461278322,1.0,0.3333333333333333,0.22377202452247638,1.6577787188001603,0.6338305497668092,0.0,0.0,0.0,0.0
CONTROL997_DCHA,0.2765959345009923,0.4315922542748209,0.4382173196415338,0.5607098744895205,-0.9992037546553603,0.4984075093107205,-0.2155376146837759,-0.2155376146837759,0.2191086598207669,0.2155376146837759,0.2155376146837759,0.30990759000651463,2.99920364895953,0.22414998462407712,0.16373927372510316,0.16882321872934083,0.2798871562552239,0.2334147729794658,0.1682121504407924,0.39050292856387875,0.3150521571308657,0.23354756002934082,0.16822300651561842,0.3929219166151997,0.3153650760806694,0.15779137658293277,0.8565594431829289,0.21919594407416357,-121.61697660527501,-0.1866610497872518,0.8565594431829289,-0.11491089761586998,-4.206506398839887,-1.1007339884971798,0.29162601043564945,0.6666666666666666,1.0,0.6666666666666666,0.6666666666666666,0.2819487692573186,0.9820335932747221,0.028217819629442753,0.12650244372929792,0.3525214377542976,0.4315922542748209,0.2855198143943096,0.2191086598207669,-0.2191086598207669,0.21605463959104498,0.208912549317063,0.2103409673718594,0.2117693854266558,0.21319780348145217,0.21462622153624858,0.25916216252780017,0.30226968546455535,0.34537720840131053,0.3884847313380657,1.0,0.3333333333333333,0.30364229750425764,1.725846748683629,0.8565594431829289,0.0,0.0,0.0,0.0
CONTROL997_IZDA,0.35678225861009283,0.49990538028237336,0.5374981900008248,0.562013632393691,-0.999783789872599,0.499567579745198,0.26646732768998227,0.26646732768998227,0.2687490950004124,0.26646732768998227,0.26646732768998227,0.38008231352063626,2.999783782080901,0.25185566256570163,0.18417932429644637,0.19405980424397393,0.3153979507691564,0.26246415045854227,0.1889825156089549,0.44335679735376804,0.35452051962428605,0.26237930438742574,0.1889755789739623,0.44181115241003727,0.3543205758534612,0.15273552168881976,0.9622179508462952,0.2687781528504829,-119.15748760326449,-0.23471961197079197,0.9622179508462952,-0.13095189653456105,-3.204523886269775,-1.0030282716097516,0.34605124136420756,0.6666666666666666,1.0,0.6666666666666666,0.6666666666666666,0.3230210842591952,0.9906387511473832,-0.014704085398314573,0.15516236234295644,0.4033277234347497,0.49990538028237336,0.32073931694876506,0.2687490950004124,-0.2687490950004124,0.23343805259239106,0.22887451797153083,0.22978722489570289,0.23069993181987491,0.23161263874404697,0.232525345668219,0.2867315181303875,0.34002498366838396,0.3933184492063805,0.4466119147443769,1.0,0.3333333333333333,0.3448585500414592,1.7303657682253253,0.9622179508462952,0.0,0.0,0.0,0.0
CONTROL998_DCHA,0.09882951232482975,0.25763952831825515,0.2608340845859574,0.5467964254410412,-0.9929712299205214,0.485942459841043,0.1240820651078014,0.1240820651078014,0.1304170422929787,0.1240820651078014,0.1240820651078014,0.18465501269332124,2.9929629766375543,0.1342141334646627,0.09804910865255512,0.1067555780665714,0.16832974315145088,0.1396983286664702,0.10057633939738951,0.23626164783932047,0.18871311695865145,0.13946276655533033,0.10055708089358875,0.2319704015714993,0.18815800372659486,0.1804885560963172,0.512084500368808,0.13087780838728447,-115.19080511379349,-0.11843072288690748,0.512084500368808,-0.05570605536872339,-12.430489333080306,-1.8527970535195808,0.17375394718370457,0.6666666666666666,1.0,0.6666666666666666,0.6666666666666666,0.17702981064144666,0.9465645012643721,-0.08383776046316212,0.07529631447476606,0.2088566121681755,0.25763952831825515,0.17069483345626935,0.1304170422929787,-0.1304170422929787,0.13355746321045375,0.12088750884009912,0.12342149971417005,0.12595549058824096,0.1284894814623119,0.13102347233638284,0.15837387623201402,0.1831902892535743,0.2080067022751346,0.2328231152966949,1.0,0.3333333333333333,0.1815025365523668,1.6774276735086637,0.512084500368808,0.0,0.0,0.0,0.0
CONTROL998_DCHA_aug0_001,0.09715573082576615,0.2549685000008867,0.2564573998391432,0.5582384098675846,-0.998102358899402,0.49620471779880415,0.12500062125258415,0.12500062125258415,0.1282286999195716,0.12500062125258415,0.12500062125258415,0.18140022036890582,2.9981017583458387,0.13319195390966876,0.09728730536966207,0.10388590135465973,0.16675665848132862,0.13864155661177646,0.09985683581050182,0.23340435624478162,0.18722044579137445,0.13852152255269562,0.09984702236311914,0.23121769003793954,0.18693757986624424,0.17386158657615422,0.508448100163517,0.12835053937831473,-117.50329562109971,-0.11384490975562632,0.508448100163517,-0.059272231959304644,-12.447707088939318,-1.8558167993054486,0.171369704792032,0.6666666666666666,1.0,0.6666666666666666,0.6666666666666666,0.17271077872149312,0.972258840234441,-0.04356192259988352,0.0740328744164004,0.207457279491931,0.2549685000008867,0.1694827000545057,0.1282286999195716,-0.1282286999195716,0.12996787874830257,0.1235117214143277,0.12480295288112267,0.12609418434791764,0.12738541581471263,0.1286766472815076,0.15496800299881938,0.17996812724933622,0.20496825149985307,0.2299683757503699,1.0,0.3333333333333333,0.17995900535563292,1.717271858874513,0.508448100163517,0.0,0.0,0.0,0.0
CONTROL998_IZDA,0.12655069853157733,0.29175811439459276,0.2959711227168834,0.5492796877263884,-0.9940893701104817,0.4881787402209634,0.14139742036787006,0.14139742036787006,0.1479855613584417,0.14139742036787006,0.14139742036787006,0.20949047697823767,2.9940835360194766,0.15181573868544787,0.11091083613691047,0.1203724259758767,0.19036137779793993,0.15802784671776074,0.11377783090307518,0.26712933895895746,0.21346574601926283,0.15778287087098783,0.11375780277438617,0.2626666022179603,0.21288844887491357,0.17865044263312715,0.5793032204668949,0.1484248536320924,-115.5907139828475,-0.13386475299125988,0.5793032204668949,-0.06411056919336339,-9.662082797015026,-1.6381669519780553,0.19686678655915668,0.6666666666666666,1.0,0.6666666666666666,0.6666666666666666,0.19968921447953658,0.9510079331427501,-0.07688062102713726,0.08543950368647418,0.23654318090463408,0.29175811439459276,0.19310107348896496,0.1479855613584417,-0.1479855613584417,0.1503606940267227,0.13718441204557943,0.1398196684418081,0.14245492483803673,0.1450901812342654,0.14772543763049403,0.1786401781002967,0.2069196621738707,0.23519914624744476,0.26347863032101876,1.0,0.3333333333333333,0.20538638264790693,1.6860956202721367,0.5793032204668949,0.0,0.0,0.0,0.0
CONTROL998_IZDA_aug0_013,0.1280048005279574,0.293520325870622,0.29787200264570635,0.5562413395452989,-0.9972105923361286,0.49442118467225743,0.14438819861758007,0.14438819861758007,0.14893600132285317,0.14438819861758007,0.14438819861758007,0.21072548492997714,2.9972092943297723,0.15265207723676333,0.11151963309829599,0.1196456946916711,0.19122735751851125,0.15891332491930224,0.11443969220881152,0.2679961477427427,0.2146235208661367,0.15874421775837852,0.11442586676427963,0.26491551448782696,0.21422501186055,0.1737465414366236,0.5826889749661597,0.14914415851242444,-116.97252379658372,-0.1329208733578297,0.5826889749661597,-0.06764629660351693,-9.438286008017469,-1.625991683559734,0.19799220034614826,0.6666666666666666,1.0,0.6666666666666666,0.6666666666666666,0.19877746102732632,0.9663613755175969,-0.05281484321543853,0.08598824045577574,0.238338196106239,0.293520325870622,0.19422965832205322,0.14893600132285317,-0.14893600132285317,0.14913212725304192,0.1400365218424957,0.14185564292460495,0.1436747640067142,0.14549388508882344,0.14731300617093268,0.17800976697655793,0.20688740670007394,0.23576504642358997,0.26464268614710595,1.0,0.3333333333333333,0.20656298517075236,1.7103348118251331,0.5826889749661597,0.0,0.0,0.0,0.0
CONTROL999_DCHA,0.17708449385899944,0.3471054778577877,0.35794434215323634,0.55572771758859,-0.9969809822377916,0.49396196447558277,0.17328607391887818,0.17328607391887818,0.17897217107661817,0.17328607391887818,0.17328607391887818,0.2532325797395175,2.9969794616291168,0.17901905737449256,0.13081907894299133,0.1405773217320263,0.22435664712691822,0.18640524807548262,0.13421649846927472,0.3149083424549066,0.25178668874507204,0.18619381415686367,0.13419921257849365,0.31105664062656974,0.2512884347374008,0.17061451585780596,0.6833720914201269,0.17924294441494779,-116.85026343181872,-0.15991875130979522,0.6833720914201269,-0.0809569398016991,-6.761927372820757,-1.39501827878712,0.23564280676668514,0.6666666666666666,1.0,0.6666666666666666,0.6666666666666666,0.2334767942977823,0.9650029270202081,-0.05494558910602985,0.10332963114853726,0.28108485626003,0.3471054778577877,0.22779069714004227,0.17897217107661817,-0.1789721710766182,0.17381940393890954,0.16244720962342954,0.16472164848652554,0.16699608734962154,0.16927052621271754,0.17154496507581354,0.20847661872268516,0.24313383350646078,0.2777910482902365,0.3124482630740121,1.0,0.3333333333333333,0.24295712506462222,1.7085495138656848,0.6833720914201268,0.0,0.0,0.0,0.0
CONTROL999_DCHA_aug0_019,0.17616978257838337,0.34397244551869033,0.3480598866478024,0.5523591452184661,-0.9954724547645706,0.49094490952914094,0.16725383832828786,0.16725383832828786,0.1740299433239012,0.16725383832828786,0.16725383832828786,0.24630199663109448,2.995469033154478,0.1791943442209464,0.1309055441122584,0.14140629141006383,0.22459217973367337,0.18652641445440604,0.13431090665190495,0.3149274955121321,0.2519390628443865,0.18627444928524853,0.13429030710750287,0.3103374339502963,0.25134529503198294,0.17726914156473353,0.6838574499082686,0.17442525037979734,-116.14182172247185,-0.15658263100257627,0.6838574499082686,-0.0768508141685306,-6.9185538023639985,-1.385373123801226,0.23181997498893514,0.6666666666666666,1.0,0.6666666666666666,0.6666666666666666,0.2347285882983695,0.9571313524719093,-0.06728703616172624,0.10047623462510967,0.27916445560310627,0.34397244551869033,0.2279524833027562,0.1740299433239012,-0.1740299433239012,0.17671860719040247,0.1631663971991758,0.16587683919742113,0.16858728119566646,0.17129772319391182,0.17400816519215714,0.21016937485606002,0.2436201425217176,0.2770709101873752,0.31052167785303275,1.0,0.3333333333333333,0.242328827957924,1.6968287267048117,0.6838574499082686,0.0,0.0,0.0,0.0
CONTROL999_IZDA,0.3306276100574038,0.488870474684735,0.5496483900254046,0.5624263029991255,-0.9999672447044798,0.49993448940895957,0.27391607716527516,0.27391607716527516,0.2748241950127023,0.27391607716527516,0.27391607716527516,0.38866222569836817,2.9999672445256595,0.23989943859553892,0.17559345302275323,0.18412851374824155,0.3006094697786801,0.2502124082297594,0.18010187052416549,0.4241888704826507,0.3380645921283307,0.2501786404432227,0.18009910982108723,0.42357372109700964,0.33798501674571485,0.13975055805209896,0.9169630340288004,0.2748286960971403,-119.6720816165534,-0.23879118758111076,0.9169630340288004,-0.13604992073521044,-3.3393626428110017,-1.0668196652007658,0.34615983572516984,0.6666666666666666,1.0,0.6666666666666666,0.6666666666666666,0.30656246252369396,0.9963564624061486,-0.005723224224183492,0.15866982297040588,0.3918742060729466,0.488870474684735,0.3056543446762668,0.2748241950127023,-0.2748241950127023,0.21495439751945983,0.21313816182460552,0.2135014089635764,0.21386465610254723,0.2142279032415181,0.21459115038048895,0.26973761295251486,0.32452082838556984,0.3793040438186249,0.43408725925167996,1.0,0.3333333333333333,0.33197771514435714,1.7317955087910173,0.9169630340288004,0.0,0.0,0.0,0.0
CONTROL999_IZDA_aug0_029,0.3263404733118839,0.4859701251713063,0.5472834038651728,0.5621939470519739,-0.9998639579601073,0.4997279159202146,0.27179886135526243,0.27179886135526243,0.2736417019325864,0.27179886135526243,0.27179886135526243,0.38699658163336764,2.9998639548753947,0.238261602446524,0.17440204174023852,0.18350633525029714,0.2986518403703955,0.24850541762810668,0.17885918984718815,0.42165739789023243,0.3357803142098434,0.24843689276934253,0.1788535875614616,0.42040907725410886,0.33561883214619254,0.14055667009076153,0.9106269716487461,0.2736603172196195,-119.33170371390517,-0.23857661216351644,0.9106269716487461,-0.13405659010030732,-3.3889838727941783,-1.075104576418198,0.3441881742682752,0.6666666666666666,1.0,0.6666666666666666,0.6666666666666666,0.3053851644602393,0.9925744857100574,-0.011663706095951954,0.1579871102722861,0.3892459205311279,0.4859701251713063,0.30354232388291535,0.2736417019325864,-0.2736417019325864,0.21417126381604382,0.21048558266139594,0.21122271889232552,0.2119598551232551,0.21269699135418466,0.21343412758511424,0.2685310360870963,0.32289080835814876,0.37725058062920136,0.4316103529002538,1.0,0.3333333333333333,0.32981837088104715,1.7309905249126805,0.9106269716487461,0.0,0.0,0.0,0.0
ID01_DCHA,0.18662886786640673,0.3572164263671555,0.37115288168952765,0.5523300530407426,-0.9954594065851039,0.4909188131702079,-0.17834030445744897,-0.17834030445744897,0.18557644084476382,0.17834030445744897,0.17834030445744897,0.26264415876400504,2.9954559652097412,0.18317801774850023,0.13385795942087214,0.13511708496030717,0.22844552708429072,0.19084652485923032,0.1375609831216169,0.31861382096562896,0.2575546400096391,0.19111559600409253,0.13758298117402412,0.32351550290667314,0.2581887188610931,0.14482553486728977,0.7004963974119389,0.1859991946381962,-123.86374225536795,-0.15444723417880196,0.7004963974119389,-0.10364242500335419,-6.039067190475153,-1.355224583101951,0.24469273254130938,0.6666666666666666,1.0,0.6666666666666666,0.6666666666666666,0.22626266274999812,0.9570695304959118,0.06738392549337102,0.10714260807697705,0.2917181323609825,0.3572164263671555,0.23349879913731297,0.18557644084476382,-0.18557644084476385,0.17887612190970653,0.16440384913507683,0.16729830369000276,0.17019275824492872,0.17308721279985465,0.1759816673547806,0.2145441828011963,0.25021224369268613,0.2858803045841759,0.32154836547566573,1.0,0.3333333333333333,0.24941856912053598,1.6967274110866117,0.7004963974119389,0.0,0.0,0.0,0.0
ID01_IZDA,0.15722394752296023,0.33009009320043353,0.3530726168673813,0.4544445365702197,-0.9494166770234104,0.3988333540468207,0.15301027751571677,0.15301027751571677,0.17653630843369064,0.15301027751571677,0.15301027751571677,0.2518671964593588,2.9489828860372285,0.16732510848013188,0.12238145515744146,0.1436543257430924,0.21146796628018147,0.17420879945979442,0.1251802845601029,0.3008931354511498,0.23571333529810848,0.17333399891232812,0.12510876478306085,0.2849568519536151,0.23365182652252905,0.1994432884872961,0.6371976627339193,0.1811780632075957,-107.002569027554,-0.17325906821908463,0.6371976627339193,-0.05297910783988452,-8.181668991386667,-1.5378285772781712,0.22918639385078649,0.6666666666666666,1.0,0.6666666666666666,1.0,0.2359252518292803,0.8555841003061555,-0.22490736532312527,0.10192328519593408,0.26297356111903786,0.33009009320043353,0.21239922091130645,0.17653630843369064,-0.17653630843369067,0.17707981568471676,0.13002775384876902,0.13943816621595856,0.14884857858314812,0.15825899095033766,0.16766940331752722,0.2076818711878601,0.23828392669100346,0.26888598219414683,0.29948803769729015,0.6666666666666666,0.3333333333333333,0.2289278980545041,1.3462029001906497,0.6371976627339193,0.0,0.0,0.0,1.0
ID01_IZDA_aug0_011,0.14962044516390166,0.3245337373387866,0.3556065540906883,0.4445394564984528,-0.9444919479327945,0.388983895865589,0.15291711083829088,0.15291711083829088,0.17780327704534415,0.15291711083829088,0.15291711083829088,0.2539028420343045,2.9439686967759635,0.16230462409520827,0.11876843885926011,0.1407725703643662,0.20541036192590625,0.16903802236300658,0.12141425241407282,0.29326970837832744,0.2287965820879697,0.16811264604695172,0.12133859778857455,0.27641208368059855,0.2266158891268305,0.19684653697659552,0.6179946579256714,0.1829534616603869,-106.37292006116841,-0.17553420693550056,0.6179946579256714,-0.051572389212092146,-8.529797104179684,-1.5990309214531777,0.22724415834269324,0.6666666666666666,0.6666666666666666,0.6666666666666666,1.0,0.2308843855156104,0.8485880006796489,-0.23560146872887983,0.10265476986492707,0.25725744487697527,0.3245337373387866,0.20599821930855713,0.17780327704534415,-0.17780327704534415,0.17161662650049572,0.12184429408638914,0.13179876056921044,0.14175322705203178,0.15170769353485308,0.16166216001767442,0.2022000486681539,0.23278347083581205,0.26336689300347027,0.2939503151711284,0.6666666666666666,0.3333333333333333,0.2233237150893307,1.3095478581990916,0.6179946579256714,0.0,0.0,0.0,1.0
ID08_DCHA,0.5218278006035929,0.5899685235245671,0.5904561550061816,0.5616842994961272,-0.9996373349167605,0.4992746698335211,-0.2919814783626239,-0.2919814783626239,0.2952280775030908,0.2919814783626239,0.2919814783626239,0.41754079597603366,2.9996373129931166,0.30871430185988075,0.22545988106499182,0.23358946908742376,0.38552490130393635,0.32139409166722055,0.23162092087292227,0.5375421946452352,0.4337933195812045,0.32151481439836826,0.23163079062305061,0.539741406424125,0.43407780839456184,0.16282893067637813,1.1794494155675195,0.29528162652645296,-121.09119347083121,-0.2528633776965687,1.1794494155675195,-0.1524839374622458,-2.258858081430891,-0.7952356589219172,0.3959490548898522,0.6666666666666666,1.0,0.6666666666666666,0.6666666666666666,0.3899032060487062,0.9878756281018755,0.0190437675694475,0.17045001001874518,0.48258229019418947,0.5899685235245671,0.39314980518917314,0.2952280775030908,-0.2952280775030908,0.2979870451619432,0.2914938468810093,0.2927924865371961,0.29409112619338285,0.29538976584956966,0.2966884055057564,0.35638334083446793,0.41477963650699273,0.47317593217951753,0.5315722278520423,1.0,0.3333333333333333,0.4170642638745229,1.7292245401717694,1.1794494155675195,0.0,0.0,0.0,0.0
ID08_IZDA,0.4355582975275814,0.540365922738727,0.5451104835520711,0.5571714024572014,-0.9976260990195578,0.4952521980391161,-0.26487912964473403,-0.26487912964473403,0.2725552417760356,0.26487912964473403,0.26487912964473403,0.3856041558828056,2.997625159041294,0.2815051353922954,0.20560928847943152,0.2098662489396687,0.3511789211884187,0.293133512240479,0.2112974391489969,0.48915597694509777,0.39558121150403597,0.29341894360449816,0.21132077473969196,0.494355693782579,0.3962538439840402,0.15536380384719442,1.0759872846641096,0.27287932848046614,-122.79271045420427,-0.22939205520465145,1.0759872846641096,-0.1477917890849701,-2.6582639113835254,-0.8730410686990473,0.36440755564344185,0.6666666666666666,1.0,0.6666666666666666,0.6666666666666666,0.35098631609006836,0.9689698838421748,0.04872269471654694,0.15735984220843766,0.4425197107146145,0.540365922738727,0.3586624282213699,0.2725552417760356,-0.2725552417760356,0.27548679309399293,0.26013456883138986,0.26320501368391047,0.2662754585364311,0.2693459033889517,0.2724163482414723,0.3284626190229397,0.3814384449518865,0.4344142708808334,0.4873900968097802,1.0,0.3333333333333333,0.3810329371273046,1.7135663922391118,1.0759872846641096,0.0,0.0,0.0,0.0
ID08_IZDA_aug2_010,0.4355569220044314,0.540363467323598,0.545103117306684,0.5571729269365904,-0.9976267797976892,0.4952535595953786,-0.26487665359727597,-0.26487665359727597,0.272551558653342,0.26487665359727597,0.26487665359727597,0.3855989011705966,2.997625840358689,0.28150518054175594,0.20560929181584117,0.20986706637757213,0.3511790263120934,0.29313351185687897,0.21129743911763554,0.48915596995703764,0.39558121060006457,0.29341889833657064,0.21132077103878882,0.49435486913457327,0.39625373730803254,0.15536720283986347,1.0759872846641099,0.27287554787343077,-122.79230966676919,-0.2293899108846518,1.0759872846641099,-0.14778813691077003,-2.658295247022368,-0.8730382535924934,0.3644042399281419,0.6666666666666666,1.0,0.6666666666666666,0.6666666666666666,0.3509875231653039,0.9689743370358979,0.04871570796273591,0.15735771575655907,0.4425180345581543,0.540363467323598,0.35866242822136996,0.272551558653342,-0.272551558653342,0.275486813726322,0.26013700361418995,0.2632069656366164,0.26627692765904276,0.2693468896814692,0.27241685170389557,0.3284621444457772,0.38143747516523235,0.4344128058846876,0.48738813660414276,1.0,0.3333333333333333,0.38103233546267934,1.7135716878754121,1.0759872846641099,0.0,0.0,0.0,0.0
ID08_IZDA_aug2_013,0.4355569220044314,0.540363467323598,0.545103117306684,0.5571729269365904,-0.9976267797976892,0.4952535595953786,-0.26487665359727597,-0.26487665359727597,0.272551558653342,0.26487665359727597,0.26487665359727597,0.3855989011705966,2.997625840358689,0.28150518054175594,0.20560929181584117,0.20986706637757213,0.3511790263120934,0.29313351185687897,0.21129743911763554,0.48915596995703764,0.39558121060006457,0.29341889833657064,0.21132077103878882,0.49435486913457327,0.39625373730803254,0.15536720283986347,1.0759872846641099,0.27287554787343077,-122.79230966676919,-0.2293899108846518,1.0759872846641099,-0.14778813691077003,-2.658295247022368,-0.8730382535924934,0.3644042399281419,0.6666666666666666,1.0,0.6666666666666666,0.6666666666666666,0.3509875231653039,0.9689743370358979,0.04871570796273591,0.15735771575655907,0.4425180345581543,0.540363467323598,0.35866242822136996,0.272551558653342,-0.272551558653342,0.275486813726322,0.26013700361418995,0.2632069656366164,0.26627692765904276,0.2693468896814692,0.27241685170389557,0.3284621444457772,0.38143747516523235,0.4344128058846876,0.48738813660414276,1.0,0.3333333333333333,0.38103233546267934,1.7135716878754121,1.0759872846641099,0.0,0.0,0.0,0.0
ID08_IZDA_aug2_019,0.4341420555077098,0.5383870349954232,0.5398736010808023,0.5555767450441226,-0.9969134711369656,0.4938269422739307,-0.2612650274046977,-0.2612650274046977,0.26993680054040115,0.2612650274046977,0.2612650274046977,0.3819452210338687,2.9969118817245524,0.28130816207330245,0.20544323088128477,0.20903240203791756,0.35080582790222703,0.2929091361803044,0.21115726153570183,0.488223327659615,0.39524444659308,0.2932315905676622,0.21118362396306528,0.49409749468756436,0.3960043255748521,0.15544416420683366,1.0752875039054672,0.2703543512391462,-123.18479488710813,-0.22626215085290574,1.0752875039054672,-0.14797605997375568,-2.669042076591205,-0.871191741960481,0.3621962158814547,0.6666666666666666,1.0,0.6666666666666666,0.6666666666666666,0.3497573948327857,0.9646133901432432,0.055556537536409246,0.1558480844561869,0.44153171254418966,0.5383870349954232,0.35842916796848906,0.26993680054040115,-0.26993680054040115,0.27712200759072547,0.25977846131931864,0.26324717057360003,0.26671587982788136,0.27018458908216275,0.2736532983364441,0.329375013071665,0.38162801855260453,0.4338810240335441,0.48613402951448365,1.0,0.3333333333333333,0.3804129578531335,1.7080246569770279,1.0752875039054672,0.0,0.0,0.0,0.0
ID08_IZDA_aug2_030,0.43107671047595053,0.5392443444271608,0.5490868567592272,0.5554210399327054,-0.9968438341427283,0.49368766828545646,-0.2656244159216474,-0.2656244159216474,0.2745434283796136,0.2656244159216474,0.2656244159216474,0.38846786958423574,2.996842172163287,0.2795365174573907,0.2042023411990494,0.2075568603678188,0.3486690434108474,0.2911333225218809,0.20985580677102067,0.4858143277299704,0.3928817346612203,0.2914649703467218,0.20988292081268178,0.49185597204914056,0.3936632784122979,0.15176969809311872,1.0686461765222552,0.27497770894403073,-123.22055897852988,-0.23003749205355037,1.0686461765222552,-0.15065023287675605,-2.661554170069275,-0.8819662383628317,0.3654230647670935,0.6666666666666666,1.0,0.6666666666666666,0.6666666666666666,0.34729637971611893,0.9642160113496681,0.05617976377016626,0.15850772227921264,0.4412632667485462,0.5392443444271608,0.3562153921740851,0.2745434283796136,-0.2745434283796136,0.2736199285055134,0.2557819035895811,0.25934950857276756,0.26291711355595404,0.26648471853914046,0.27005232352232694,0.3267448116898429,0.3798696948741724,0.4329945780585019,0.4861194612428314,1.0,0.3333333333333333,0.3790675887296576,1.707483303670794,1.0686461765222552,0.0,0.0,0.0,0.0
ID1000_DCHA,0.11294155200066179,0.2766507047333863,0.2835271478006195,0.5596751321594968,-0.9987429229392619,0.497485845878524,-0.13885983127884288,-0.13885983127884288,0.14176357390030975,0.13885983127884288,0.13885983127884288,0.20052602128502078,2.9987426594550546,0.14296826121435768,0.10445288819539157,0.1072739734330474,0.17849474721923722,0.14890297171082587,0.10730763332197425,0.24912601888491906,0.20098283798744088,0.1490109455396377,0.10731646077891331,0.25109298329897234,0.20123728341077005,0.1542356595534867,0.5464249663995395,0.1418527618646311,-122.03186390489452,-0.12025614145269892,0.5464249663995395,-0.07523740088235514,-10.20868489154511,-1.7310748317131395,0.18780905705851644,0.6666666666666666,1.0,0.6666666666666666,0.6666666666666666,0.1792379128450463,0.977423734390061,0.03545528255053201,0.08184723755262722,0.22578090121346725,0.2766507047333863,0.18214165546651317,0.14176357390030975,-0.14176357390030975,0.13779087345454344,0.13198338821160974,0.13314488526019647,0.13430638230878322,0.13546787935736995,0.1366293764059567,0.16556283971031202,0.19333480596608058,0.22110677222184918,0.24887873847761774,1.0,0.3333333333333333,0.194028822601748,1.7222579950418977,0.5464249663995395,0.0,0.0,0.0,0.0
ID1000_IZDA,0.1703678455295199,0.34766907747870407,0.3809060821960958,0.5569177622270239,-0.9975128193667304,0.4950256387334606,0.18496241708346087,0.18496241708346087,0.1904530410980479,0.18496241708346087,0.18496241708346087,0.2694531789219206,2.997511787499823,0.17337334147782094,0.1268385645259554,0.13625009841269742,0.21754963572014893,0.18070844813086626,0.13004742800561853,0.3070252052485435,0.24419768511607334,0.18050428275717276,0.13003073635853557,0.3033059148514549,0.24371655977755183,0.15538998720498529,0.6621011502400165,0.19069032938170566,-117.1413796000845,-0.16969219169817246,0.6621011502400165,-0.08699058452714342,-6.740644221077689,-1.4697269790328429,0.24228707704850627,0.6666666666666666,1.0,0.6666666666666666,0.6666666666666666,0.22619100742792586,0.9682375511120501,-0.04987164157384309,0.10995811454594079,0.27887099969159274,0.34766907747870407,0.22070038341333884,0.1904530410980479,-0.1904530410980479,0.1627066603952432,0.15172541236606918,0.153921661971904,0.1561179115777388,0.15831416118357358,0.1605104107894084,0.19969914381193538,0.23669162722862752,0.2736841106453197,0.3106765940620119,1.0,0.3333333333333333,0.23830501850186306,1.7126852545754754,0.6621011502400165,0.0,0.0,0.0,0.0
ID1000_IZDA_aug3_003,0.17158986244241997,0.3511986991274644,0.3920977581676268,0.5532338584509734,-0.9958646134451411,0.4917292268902825,0.1887549482354249,0.1887549482354249,0.1960488790838134,0.1887549482354249,0.1887549482354249,0.2774468036119384,2.995861759272422,0.17323478449477311,0.1267888288461598,0.1373911330004889,0.2176272802285624,0.18061329642665327,0.12993469787737538,0.30800947379888444,0.2441388394347099,0.18034207623138965,0.1299125241282268,0.30306864250368604,0.24349969624456239,0.15378514690942147,0.6614983392147663,0.196455509649597,-116.31293773069005,-0.1761000390781975,0.6614983392147663,-0.08708354326932397,-6.655692411576589,-1.4809093240530777,0.2466770530725771,0.6666666666666666,1.0,0.6666666666666666,0.6666666666666666,0.2277933772533106,0.9590326414521116,-0.06430697127729419,0.11318887311336405,0.28049760720081224,0.3511986991274644,0.2204994464049221,0.1960488790838134,-0.1960488790838134,0.16244375089203947,0.1478558891952625,0.15077346153461788,0.1536910338739733,0.15660860621332867,0.15952617855268408,0.20019474053912445,0.2379457301862094,0.2756967198332944,0.3134477094803794,1.0,0.3333333333333333,0.23915815021474804,1.6998742514645773,0.6614983392147663,0.0,0.0,0.0,0.0
ID1000_IZDA_aug3_006,0.17036244093076924,0.347655024187675,0.3808639223230087,0.5569213157271407,-0.9975144065930333,0.4950288131860667,0.18494370127453374,0.18494370127453374,0.19043196116150435,0.18494370127453374,0.18494370127453374,0.2694232834348347,2.99751337604325,0.17337337424410856,0.12683840571437344,0.13624839591574078,0.21754913345874402,0.180708273535893,0.13004741373151502,0.307022024643549,0.24419727367477906,0.18050419607078644,0.13003072927144466,0.30330433568140075,0.2437163554969913,0.155403822928924,0.6621011502400164,0.19066907148664014,-117.14229263568937,-0.16967188854304197,0.6621011502400164,-0.08698359075029627,-6.741123744691756,-1.469692857125544,0.2422697159813652,0.6666666666666666,1.0,0.6666666666666666,0.6666666666666666,0.22618864330030936,0.9682476959521041,-0.049855725919561895,0.10994594403890288,0.27886332564305566,0.347655024187675,0.22070038341333878,0.19043196116150435,-0.19043196116150435,0.16271132291314128,0.1517348031392001,0.15393010709398833,0.15612541104877656,0.15832071500356482,0.16051601895835305,0.199700063168048,0.23668880342295476,0.27367754367786157,0.3106662839327683,1.0,0.3333333333333333,0.23830123858313537,1.7126976001248357,0.6621011502400164,0.0,0.0,0.0,0.0
ID1000_IZDA_aug3_026,0.16881650157631525,0.3449124831061958,0.3741322585238554,0.5604842630826299,-0.9991033128778183,0.49820662575563635,0.1838305667162778,0.1838305667162778,0.1870661292619277,0.1838305667162778,0.1838305667162778,0.2645910262349313,2.9991031788297833,0.17293971130335037,0.1264930434484319,0.13438836073027385,0.21676014050300932,0.18024013416630957,0.12974869036286446,0.3052381382048154,0.24350450407167556,0.18011982182394445,0.12973885416428607,0.30304640249804615,0.24322098235885242,0.15370170300631872,0.6606051907947321,0.18715005560245146,-118.28403658428054,-0.16480609948851918,0.6606051907947321,-0.08867972081248898,-6.781922850588153,-1.466566304636209,0.23952588015683687,0.6666666666666666,1.0,0.6666666666666666,0.6666666666666666,0.22343729281056057,0.9809337398253394,-0.029944734465038186,0.1080026800856353,0.27754633745369167,0.3449124831061958,0.22020173026491066,0.1870661292619277,-0.1870661292619277,0.16108191638991803,0.1546107912986182,0.15590501631687817,0.15719924133513813,0.15849346635339812,0.15978769137165807,0.19784802973317359,0.23461414307642914,0.2713802564196847,0.3081463697629403,1.0,0.3333333333333333,0.23721755245366033,1.725064434893765,0.660605190794732,0.0,0.0,0.0,0.0
ID1000_IZDA_aug3_041,0.16989765694585662,0.3483489729594617,0.3851468519716294,0.5608090714653615,-0.9992479105683141,0.4984958211366283,0.18952318713721414,0.18952318713721414,0.1925734259858147,0.18952318713721414,0.18952318713721414,0.2723741116660964,2.9992478162715877,0.17272624587480473,0.12638525169527032,0.13414023421143062,0.21656690048547703,0.18007973448733175,0.12961281291956211,0.30549503814061924,0.2433199684328589,0.17996631328917204,0.12960354011008834,0.30342883873809473,0.24305268602657767,0.14847544513279204,0.6599000669067557,0.19264588307829103,-118.42850925199134,-0.16941506332801615,0.6599000669067557,-0.0917113547200065,-6.643918330076636,-1.476851497265019,0.244146950565061,0.6666666666666666,1.0,0.6666666666666666,0.6666666666666666,0.22301692781751914,0.9825389916887928,-0.027424248972138646,0.11118231933167859,0.2794934222843411,0.3483489729594617,0.21996668896891858,0.1925734259858147,-0.19257342598581467,0.15882578582224757,0.15272530812504645,0.15394540366448667,0.1551654992039269,0.15638559474336713,0.15760569028280735,0.1967304232496904,0.23463506067713322,0.27253969810457607,0.3104443355320189,1.0,0.3333333333333333,0.2379759490269669,1.7261906878724962,0.6599000669067557,0.0,0.0,0.0,0.0
ID1001_IZDA,0.1544905737985155,0.31997438697394115,0.31776565832994097,0.5356224513833837,-0.9879082114876316,0.47581642297526316,-0.14873429516925954,-0.14873429516925954,0.15888282916497048,0.14873429516925954,0.14873429516925954,0.22515215364605018,2.9878837442119117,0.16788515004057353,0.12258204588689595,0.12140504048456836,0.20888388630206026,0.17481740165131415,0.12609356203441788,0.28961963490408305,0.23578678166495157,0.17519476845519116,0.126124413855161,0.2964941440554104,0.2366760643477964,0.14747693582654828,0.6421575025918825,0.1598522180961262,-126.31316359000498,-0.12880767803055188,0.6421575025918825,-0.09466421557605167,-7.375733652196483,-1.4491423888578987,0.21504576433844894,0.6666666666666666,1.0,0.6666666666666666,0.6666666666666666,0.20390396686824985,0.9298537378888336,0.1099626687215629,0.09173104418800504,0.263984998851513,0.31997438697394115,0.2140525008639608,0.15888282916497048,-0.15888282916497048,0.1712400918046816,0.15094302381325972,0.1550024374115441,0.15906185100982848,0.16312126460811285,0.16718067820639723,0.20098695083853352,0.2307338098723854,0.26048066890623733,0.29022752794008927,1.0,0.3333333333333333,0.22692919145151533,1.6382808261719157,0.6421575025918824,0.0,0.0,0.0,0.0
ID1002_DCHA,0.18233475096831864,0.3480374786907968,0.34634603202362546,0.5569562501193517,-0.9975300103151127,0.49506002063022575,-0.16819788893543938,-0.16819788893543938,0.17317301601181273,0.16819788893543938,0.16819788893543938,0.24500467491071926,2.997528992668908,0.18256849620020135,0.1333162603196473,0.13608511276597673,0.2276986934850966,0.19007187869117595,0.13702235264822138,0.31680967806549437,0.2564781351891938,0.19025687563797497,0.13703747717052178,0.32017977631121153,0.256914089225101,0.15829339277465238,0.697766404048765,0.1733872807990994,-122.84871595619816,-0.14566364468100404,0.697766404048765,-0.0940491986204664,-6.401133952685786,-1.3387805175787326,0.23325092487144453,0.6666666666666666,1.0,0.6666666666666666,0.6666666666666666,0.22761367427321494,0.9683476004866869,0.049698990783382926,0.09998148741079946,0.28560980192944624,0.3480374786907968,0.2325888013495883,0.17317301601181273,-0.17317301601181276,0.17983958975535744,0.1698893356026107,0.17187938643316006,0.1738694372637094,0.17585948809425875,0.1778495389248081,0.2134791675424453,0.24711874532953318,0.2807583231166211,0.31439790090370895,1.0,0.3333333333333333,0.2465324528794797,1.7128189677620795,0.6977664040487649,0.0,0.0,0.0,0.0
ID1002_IZDA,0.1933504509793054,0.35909391572509664,0.3593070887767018,0.5620487640219005,-0.9997994104402287,0.4995988208804575,-0.17818437156254444,-0.17818437156254444,0.1796535443883509,0.17818437156254444,0.17818437156254444,0.25407697447855937,2.9997994037337516,0.1879384695611435,0.1372551946965909,0.14254335683960398,0.23474304384527475,0.1956535588357158,0.14099699492035855,0.3273865812094859,0.264087406283686,0.19570818909599297,0.14100146124590682,0.3283817832790811,0.26421614507025837,0.16381522431933834,0.7179746583985881,0.17967156541220827,-120.81150521530093,-0.15431219233052898,0.7179746583985881,-0.09203053143288517,-6.1104733811165515,-1.3066231266474795,0.2409442111693658,0.6666666666666666,1.0,0.6666666666666666,0.6666666666666666,0.23785571330705624,0.9909832753855454,0.014162964370896718,0.10372302221348477,0.2936330475857932,0.35909391572509664,0.2393248861328627,0.1796535443883509,-0.1796535443883509,0.1809095441625522,0.17797119851093926,0.17855886764126186,0.17914653677158443,0.17973420590190703,0.1803218750322296,0.21654641847506106,0.25218329278756996,0.28782016710007885,0.32345704141258774,1.0,0.3333333333333333,0.2538703415652075,1.73048749735533,0.7179746583985881,0.0,0.0,0.0,0.0
ID1003_DCHA,0.03980714935916478,0.16113313982557598,0.15602965144379605,0.5482911809071009,-0.9936445779020011,0.48728915580400234,0.0744125812659497,0.0744125812659497,0.07801482572189802,0.0744125812659497,0.0744125812659497,0.11044717468127949,2.9936378317044303,0.0858136250660574,0.06264424213641877,0.0679203556291944,0.1075018515970198,0.08926600860233334,0.06429390839119598,0.15028270440576844,0.12054425673412023,0.0891320614255589,0.06428295746958755,0.1478425822671226,0.12022860389052704,0.18892222623226199,0.3273697680329319,0.07826392226166122,-115.42747668265689,-0.07068245615647223,0.3273697680329319,-0.03360404617702653,-31.619172986802848,-2.8473017414305266,0.1069531280711551,0.6666666666666666,1.0,0.6666666666666666,0.6666666666666666,0.11272550046692564,0.9491941853628544,-0.07972090126183463,0.04504188063131956,0.13159342431204696,0.16113313982557598,0.10912325601097732,0.07801482572189802,-0.07801482572189802,0.08672055855962628,0.07951606964772964,0.08095696743010897,0.08239786521248829,0.08383876299486763,0.08527966077724695,0.10160307481281622,0.11648559106600614,0.1313681073191961,0.14625062357238605,1.0,0.3333333333333333,0.11519136159620763,1.6826465646799338,0.32736976803293194,0.0,0.0,0.0,0.0
ID1003_IZDA,0.08768457554829155,0.24099470339734744,0.2387617762477519,0.5563089032097253,-0.9972407881766584,0.4944815763533171,0.11575539836551257,0.11575539836551257,0.11938088812387596,0.11575539836551257,0.11575539836551257,0.16890790760194377,2.9972395181333025,0.12687096723551144,0.09264774578972503,0.0993056015900305,0.15884823068781603,0.13202905222579558,0.0950984588070378,0.22216101899577098,0.17828421040207068,0.13189424068718514,0.09508743721907463,0.21970515073613417,0.17796652064901805,0.17887847921689098,0.4842223339442904,0.1195459283171509,-116.98897005697137,-0.10652664807352757,0.4842223339442904,-0.054252209424392905,-13.978135278657254,-1.9383692459711779,0.1610653773142216,0.6666666666666666,1.0,0.6666666666666666,0.6666666666666666,0.16503293440646016,0.9665441117441262,-0.05252820026748744,0.06892458789441638,0.19643730817511545,0.24099470339734744,0.16140744464809678,0.11938088812387596,-0.11938088812387597,0.12523930503183486,0.11798832551510809,0.11943852141845344,0.1208887173217988,0.12233891322514415,0.1237891091284895,0.14839038470493737,0.17154146437803988,0.19469254405114242,0.21784362372424493,1.0,0.3333333333333333,0.1709625451653973,1.7105696204616376,0.4842223339442904,0.0,0.0,0.0,0.0
ID1004_DCHA,0.15002387755130256,0.3204406788918472,0.3349717095391601,0.4999158582955329,-0.9713648543422873,0.4427297086845747,0.15088325831469862,0.15088325831469862,0.16748585476958006,0.15088325831469862,0.15088325831469862,0.23802167026109405,2.9712268721950066,0.1643438142783387,0.12014040869987935,0.13669837181167355,0.20702815453086387,0.17108441555047962,0.12303629987389145,0.2928791048188927,0.23132659038822476,0.17046705852503272,0.12298582752685966,0.2816326822998263,0.22987175942211427,0.19163428743497657,0.6263503271363815,0.1699366063419762,-110.25757381570594,-0.15942527530371617,0.6263503271363815,-0.058839032702467875,-8.406515870318472,-1.5437948358974194,0.21962617852853825,0.6666666666666666,1.0,0.6666666666666666,0.6666666666666666,0.22538603883367525,0.8917508201745104,-0.16921922366478592,0.09669800333667161,0.25706535195713537,0.3204406788918472,0.20878344237879384,0.16748585476958006,-0.16748585476958003,0.16955742057714857,0.13635222766738572,0.14299326624933828,0.14963430483129087,0.15627534341324342,0.162916381995196,0.19973407224008827,0.229910723903028,0.2600873755659677,0.2902640272289075,0.6666666666666666,0.3333333333333333,0.22362459431772597,1.5115429136488445,0.6263503271363815,0.0,0.0,0.0,0.0
ID1004_IZDA,0.1761261302458607,0.34429774663209933,0.3493955380103386,0.5562441314597643,-0.9972118401467501,0.49442368029350037,0.16936452009811806,0.16936452009811806,0.1746977690051693,0.16936452009811806,0.16936452009811806,0.24717505553468805,2.997210543301972,0.179061801306658,0.13081315285775685,0.14034417754379955,0.2243106363308788,0.18640623749994675,0.13423844846554756,0.3143600774428619,0.25175455859839174,0.18620792401987316,0.13422223524309315,0.3107473912722952,0.2512872235233607,0.17374840236863948,0.6834977018859593,0.17494182212123316,-116.97320165707177,-0.15591143498115434,0.6834977018859593,-0.07934901114200774,-6.859591273886862,-1.3861636888843116,0.23224199290629766,0.6666666666666666,1.0,0.6666666666666666,0.6666666666666666,0.23316581620237103,0.9663689073007975,-0.05280302882647752,0.10086180396196157,0.2795704883756959,0.34429774663209933,0.22783256729531978,0.1746977690051693,-0.17469776900516937,0.17493322653398127,0.16426672871987874,0.16640002828269926,0.16853332784551975,0.17066662740834027,0.17279992697116076,0.20880613055360486,0.24267903457322848,0.2765519385928521,0.3104248426124757,1.0,0.3333333333333333,0.24229880330276823,1.7103445149218643,0.6834977018859594,0.0,0.0,0.0,0.0
ID101_IZDA,0.1309794565545236,0.29344753539671864,0.28759765808639337,0.5498274461141245,-0.9943356691849171,0.48867133836983423,0.13753265407157828,0.13753265407157828,0.14379882904319669,0.13753265407157828,0.13753265407157828,0.20355524155849902,2.9943303116238695,0.15535944731198628,0.11343420600181618,0.12281136627373024,0.19464203103880046,0.1616385538343878,0.11641326552853375,0.2723064504673517,0.21828675189248042,0.1614055500899481,0.11639421618534283,0.2680618100883163,0.2177376675722929,0.18559742770434512,0.5927449481037625,0.14420782947024516,-115.6837380936583,-0.12996010569584365,0.5927449481037625,-0.0625001520641707,-9.521906115644097,-1.579542038893198,0.19553463952876252,0.6666666666666666,1.0,0.6666666666666666,0.6666666666666666,0.20384782433953927,0.9520415343739812,-0.0752617486847271,0.08302229265724259,0.2392576223779161,0.29344753539671864,0.19758164936792086,0.14379882904319669,-0.1437988290431967,0.15591488132514036,0.14338253138190352,0.14588900137055089,0.14839547135919826,0.15090194134784563,0.153408411336493,0.183421412139456,0.21092794295377165,0.23843447376808735,0.265941004582403,1.0,0.3333333333333333,0.20894932125160842,1.6880060541671673,0.5927449481037625,0.0,0.0,0.0,0.0
ID102_DCHA,0.0788726509287498,0.23146134394558754,0.2381060507739643,0.5560986726915457,-0.9971468250332963,0.49429365006659265,0.11537627238287604,0.11537627238287604,0.11905302538698215,0.11537627238287604,0.11537627238287604,0.16844667622987766,2.997145466973497,0.11952750715249419,0.08734137943396443,0.09377749383284213,0.14978088111669738,0.12445519555902218,0.08961407043662475,0.21016917778136754,0.168102713254274,0.12431847782911248,0.08960289300699335,0.20767858434347997,0.1677805314714637,0.17085445564512933,0.4562779810627984,0.11922322924561732,-116.93808189346763,-0.10628710588751686,0.4562779810627984,-0.054011383187331924,-15.193775377747837,-2.087218514477245,0.1569792122424534,0.6666666666666666,1.0,0.6666666666666666,0.6666666666666666,0.15576941335837222,0.9659786877051958,-0.05341511927070513,0.06873529625501348,0.18753036455290747,0.23146134394558754,0.1520926603542661,0.11905302538698215,-0.11905302538698213,0.1160850715627115,0.1087315655544993,0.11020226675614174,0.11167296795778418,0.11314366915942661,0.11461437036106906,0.1391603260392867,0.1622355805158619,0.18531083499243714,0.20838608946901233,1.0,0.3333333333333333,0.1621446380331974,1.7098389645681322,0.4562779810627983,0.0,0.0,0.0,0.0
ID102_IZDA,0.08016689527024094,0.23098474800116806,0.23048982741915625,0.557057182351745,-0.9975750897443609,0.4951501794887219,0.11196444290583377,0.11196444290583377,0.11524491370957812,0.11196444290583377,0.11196444290583377,0.16304693572479262,2.9975741089197725,0.12116048830006164,0.08848785314624645,0.09472251552858434,0.15170177170216376,0.12610072008022183,0.09082567550086698,0.21225548229908955,0.1702831942261927,0.12597873785274502,0.09081570277995647,0.21003332621521253,0.1699957373502951,0.17670427396787322,0.4624644165843479,0.11538489763400912,-117.17742074900413,-0.10264599398185596,0.4624644165843479,-0.05270175064917251,-15.199614506594282,-2.034821624902307,0.15478321689796654,0.6666666666666666,1.0,0.6666666666666666,0.6666666666666666,0.15743527633186033,0.9686380083222681,-0.049243377784622865,0.06653668195296013,0.18810664193805396,0.23098474800116806,0.15415480552811597,0.11524491370957812,-0.11524491370957812,0.11902030509533429,0.11245936348784556,0.11377155180934331,0.11508374013084105,0.1163959284523388,0.11770811677383654,0.14141319367650104,0.1638060822576678,0.18619897083883455,0.2085918594200013,1.0,0.3333333333333333,0.16346956421124284,1.7131696099134013,0.4624644165843479,0.0,0.0,0.0,0.0
ID102_IZDA_aug1_004,0.07956172055252807,0.23001393899164138,0.22926319930177047,0.5550651956926085,-0.9966846509909968,0.49336930198199336,0.1108145354264623,0.1108145354264623,0.11463159965088524,0.1108145354264623,0.1108145354264623,0.16220341314420114,2.9966828170405324,0.12073300399173206,0.08817477739275392,0.09475402147864098,0.1512120624813347,0.12565005262145776,0.09049532901787563,0.2116457353710386,0.16968368128034547,0.1255081175077583,0.09048372503829927,0.20906009660261268,0.1693492044864046,0.1785845971105379,0.46077861767315365,0.11482209533186956,-116.69913681138266,-0.102579551960341,0.46077861767315365,-0.05159020348880822,-15.38696837081522,-2.0426308055023688,0.1540976997234978,0.6666666666666666,1.0,0.6666666666666666,0.6666666666666666,0.15740993678214082,0.9633237423486962,-0.05757906745513808,0.066182584916076,0.18724614571690376,0.23001393899164138,0.1535928725577179,0.11463159965088524,-0.11463159965088522,0.11919940356517908,0.11156527511633321,0.11309210080610238,0.11461892649587156,0.11614575218564073,0.11767257787540991,0.14136231065047153,0.163525217735764,0.18568812482105646,0.20785103190634893,1.0,0.3333333333333333,0.16285138475772737,1.7062459431192176,0.46077861767315365,0.0,0.0,0.0,0.0
ID103_DCHA,0.19428057021228537,0.35947545430252764,0.35860712276255347,0.5485923360329201,-0.9937801292221378,0.4875602584442758,0.17111375159644845,0.17111375159644845,0.17930356138127673,0.17111375159644845,0.17111375159644845,0.25383790145807994,2.9937736680204847,0.1886599206573586,0.13778884670076244,0.149556098447352,0.23648799555252425,0.19633084372159568,0.14137351313006324,0.3314087883380493,0.26517739113705047,0.19602631083594263,0.14134861588446027,0.3258610981655352,0.26445974501983605,0.18262315684767208,0.7198192401450295,0.17986379868373814,-115.4766045904185,-0.16237402247103172,0.7198192401450295,-0.07736706601339596,-6.363900341024758,-1.3101634771541308,0.24108702409494429,0.6666666666666666,1.0,0.6666666666666666,0.6666666666666666,0.2481295564998381,0.9497400510046498,-0.07886615736716254,0.10352095943013873,0.2921979049759091,0.35947545430252764,0.2399397467150098,0.17930356138127673,-0.17930356138127673,0.1883617027060792,0.1719820831364226,0.1752580070503539,0.17853393096428524,0.18180985487821655,0.18508577879214788,0.22258445302536886,0.25680720334465856,0.2910299536639483,0.32525270398323797,1.0,0.3333333333333333,0.2544802351279207,1.6836975345852465,0.7198192401450294,0.0,0.0,0.0,0.0
ID103_IZDA,0.1490588067562559,0.3149830782783412,0.31460321612532627,0.5466892054444531,-0.9929228947792288,0.4858457895584578,0.14963430554480467,0.14963430554480467,0.15730160806266313,0.14963430554480467,0.14963430554480467,0.22272217414078935,2.9929145274590403,0.16522040836401017,0.12067279486669294,0.13130833058979532,0.20715461694980578,0.17193798528277227,0.1238017441002612,0.2904148574319316,0.23224183255903139,0.17165288149864488,0.12377843529103183,0.28522110813303897,0.23156997203650223,0.183418995760472,0.6303460187096974,0.1578612000549874,-115.17425853568683,-0.14286726739737515,0.6303460187096974,-0.06714985025454387,-8.310295290600767,-1.4974740457954092,0.21138938644202476,0.6666666666666666,1.0,0.6666666666666666,0.6666666666666666,0.2177826420877576,0.9463806503965202,-0.08412553251404269,0.09081812575893958,0.25589863756426867,0.3149830782783412,0.21011533956989914,0.15730160806266313,-0.15730160806266313,0.16534877273353654,0.1500141676978196,0.153081088704963,0.15614800971210638,0.15921493071924978,0.16228185172639314,0.19527563384249746,0.2252024949514584,0.25512935606041937,0.2850562171693803,1.0,0.3333333333333333,0.22290416981014952,1.677053158098447,0.6303460187096974,0.0,0.0,0.0,0.0
ID104_DCHA,0.1679730140843827,0.3369535282537609,0.3444776470694346,0.5431071824362801,-0.9913053734406738,0.4826107468813478,0.1629257687093334,0.1629257687093334,0.1722388235347173,0.1629257687093334,0.1629257687093334,0.24393829270044545,2.9912927373702565,0.17466998797041372,0.1276268235611842,0.1396674415141104,0.21920366785609244,0.18182697745285414,0.13088434417076028,0.3080979339440507,0.24565882542846654,0.1814806774123486,0.1308560322295317,0.3017893695099196,0.24484275303967643,0.18030075400587153,0.6663829376918481,0.17299251805545035,-114.6496837515277,-0.15722853876462994,0.6663829376918481,-0.07214982952928278,-7.304913911881578,-1.4300520413645728,0.22813811424426808,0.6666666666666666,1.0,0.6666666666666666,0.6666666666666666,0.23144070072266662,0.9405520416836411,-0.09324498141630018,0.09944213113267349,0.27255404501340785,0.3369535282537609,0.2221276458972827,0.1722388235347173,-0.1722388235347173,0.1740277595444275,0.15540164989365968,0.15912687182381324,0.1628520937539668,0.16657731568412038,0.17030253761427394,0.20661291328629416,0.23919806702816085,0.2717832207700276,0.30436837451189425,1.0,0.3333333333333333,0.2366241845095176,1.6645289073841676,0.6663829376918481,0.0,0.0,0.0,0.0
ID104_IZDA,0.10725546071832953,0.2697840879592069,0.2775527545476875,0.537492193790779,-0.9887590607472851,0.4775181214945704,0.13023336596901608,0.13023336596901608,0.13877637727384376,0.13023336596901608,0.13023336596901608,0.19663095347074241,2.9887379216792684,0.13941480933264921,0.10187960393980199,0.11222921815711656,0.17507915994102222,0.1451338543496949,0.10445315744344635,0.24639974532918202,0.19611329216350665,0.14481618788940115,0.10442718645556831,0.24061280019801823,0.19536469615782337,0.18157027975597914,0.5317995093299331,0.13956300374997474,-113.9138737977811,-0.12758233297912056,0.5317995093299331,-0.05657367167968036,-11.471242605945475,-1.797946349617259,0.18317132403960365,0.6666666666666666,1.0,0.6666666666666666,0.6666666666666666,0.1858095144148054,0.9323763755309011,-0.10602329580198293,0.08012257877621475,0.21781965693431876,0.2697840879592069,0.1772665031099777,0.13877637727384376,-0.13877637727384376,0.1395507219901908,0.12246469938053546,0.12588190390246654,0.1292991084243976,0.13271631294632866,0.13613351746825975,0.16559739518399402,0.19164406837779724,0.21769074157160045,0.24373741476540367,1.0,0.3333333333333333,0.18908151744536847,1.6448478011433922,0.5317995093299331,0.0,0.0,0.0,0.0
ID105_DCHA,0.06737581356860994,0.21401649366592598,0.2210752930380493,0.520755542174489,-0.9810892927857636,0.46217858557152747,0.10167733067112564,0.10167733067112564,0.11053764651902465,0.10167733067112564,0.10167733067112564,0.1568252307180791,2.9810293116161373,0.11040933121468188,0.08069213471500335,0.09028694709565321,0.13885009024674633,0.11493164731445012,0.08268898652793413,0.19583826088021086,0.1553457700006746,0.114602182085849,0.08266205092557209,0.18983637702134282,0.15456936964064216,0.18730887055665857,0.4209741879597287,0.11159788030575864,-112.09585476259629,-0.10340166856985426,0.4209741879597287,-0.041978349487663824,-18.523423589600636,-2.2807291894049255,0.14575828487950834,0.6666666666666666,1.0,0.6666666666666666,0.6666666666666666,0.14918504516780856,0.9121761640288475,-0.13751620709660461,0.06381893997334659,0.172349158645,0.21401649366592598,0.14032472931990955,0.11053764651902465,-0.11053764651902465,0.11233916299480035,0.09461853129900233,0.09816265763816193,0.10170678397732154,0.10525091031648114,0.10879503665564075,0.13267462912902547,0.1530100952632506,0.17334556139747573,0.19368102753170086,1.0,0.3333333333333333,0.14986195155165297,1.5858229920895828,0.42097418795972863,0.0,0.0,0.0,0.0
ID105_IZDA,0.06602564784379171,0.20728325776894718,0.19983315913544547,0.5611184380240346,-0.9993855949615752,0.4987711899231505,0.09848624454519657,0.09848624454519657,0.09991657956772274,0.09848624454519657,0.09848624454519657,0.1413178596695388,2.9993855320330947,0.11054806167808805,0.08069033664839433,0.08534338661275549,0.13819263246776844,0.11501017702543456,0.08287689585170897,0.19256927244131258,0.1552448348513492,0.11495699092425464,0.0828725475941443,0.19160037868720237,0.1551194992938454,0.17927563716471676,0.4220166141713961,0.09994728834412196,-118.57965286762628,-0.0877690026303273,0.4220166141713961,-0.04781278725007211,-18.62016791355971,-2.1949048492343257,0.13701349091744186,0.6666666666666666,1.0,0.6666666666666666,0.6666666666666666,0.14210253974632486,0.9842183651958476,-0.024787195049561162,0.05768686410993138,0.16998392260667333,0.20728325776894718,0.1406722047237987,0.09991657956772274,-0.09991657956772274,0.10879701322375061,0.1059363431786983,0.10650847718770876,0.10708061119671922,0.10765274520572969,0.10822487921474015,0.12849426213278992,0.14819151104182923,0.16788875995086855,0.18758600885990787,1.0,0.3333333333333333,0.14835278656386575,1.727263220347547,0.42201661417139613,0.0,0.0,0.0,0.0
ID106_DCHA,0.06291910741591619,0.19960468029660908,0.1849161434989337,0.5184067274244805,-0.980003114538266,0.46000622907653205,0.08483286443111757,0.08483286443111757,0.09245807174946685,0.08483286443111757,0.08483286443111757,0.13119938123541108,2.9799360206604435,0.10859647844213022,0.07922761035333498,0.08796364261493927,0.13621688638108523,0.11287899885014194,0.08128917077868597,0.19034709166030436,0.1524500178064998,0.11259546034932584,0.08126598994001373,0.18518185720250852,0.15178184594796587,0.20935722482499997,0.41389789739089355,0.09339660803034004,-111.87053499121504,-0.0866746621667761,0.41389789739089355,-0.03479122489720951,-21.15698042459551,-2.22674033976252,0.13162306464573498,0.6666666666666666,1.0,0.6666666666666666,0.6666666666666666,0.1455911731153138,0.9096726110135004,-0.14141034425293675,0.05338069261330841,0.16363981805167177,0.19960468029660908,0.13796596579696452,0.09245807174946685,-0.09245807174946685,0.11477181586549151,0.09952140122879295,0.10257148415613267,0.10562156708347238,0.10867165001081208,0.1117217329381518,0.131738388751715,0.14870496163793853,0.16567153452416206,0.18263810741038555,1.0,0.3333333333333333,0.14482070226768476,1.5774952623481526,0.41389789739089355,0.0,0.0,0.0,0.0
ID106_IZDA,0.06475439723868544,0.20648557416966168,0.2027039516156645,0.5585848490533356,-0.9982568944957948,0.49651378899158977,-0.09890678772737098,-0.09890678772737098,0.10135197580783226,0.09890678772737098,0.09890678772737098,0.14337504625910497,2.9982563877985435,0.10906382820625102,0.07962429908092622,0.08163384347215526,0.13603777401758652,0.1135205434823592,0.0818386614199113,0.1891635206281664,0.15317860117224652,0.11361146625122331,0.08184609485851174,0.19081986506598886,0.1533928649680984,0.162844687863373,0.4167527708933205,0.101440425050361,-122.39282380400843,-0.08565579077861821,0.4167527708933205,-0.05434377002460805,-18.23634059585523,-2.2298510422038835,0.13750420274552544,0.6666666666666666,1.0,0.6666666666666666,0.6666666666666666,0.13647240221731222,0.9734130688443507,0.041750515017244486,0.05851559051555239,0.16967993679341437,0.20648557416966168,0.1389175902977735,0.10135197580783226,-0.10135197580783227,0.1075787864422907,0.10268841028136813,0.10366648551355265,0.10464456074573716,0.10562263597792167,0.10660071121010618,0.1273601439877649,0.14714150153323907,0.1669228590787133,0.18670421662418749,1.0,0.3333333333333333,0.14691766088378147,1.718474516300571,0.4167527708933205,0.0,0.0,0.0,0.0
ID107_IZDA,0.10282782438151081,0.25245481073802034,0.22623741221466961,0.4966842887104076,-0.9698388795748827,0.4396777591497654,0.1016014840153015,0.1016014840153015,0.11311870610733481,0.1016014840153015,0.1016014840153015,0.16080104524607297,2.9696857203160905,0.13942030085652626,0.1016708964413723,0.11405002744252071,0.17494621058503237,0.14484789951764396,0.10431269693326335,0.24422227471608762,0.19562392644966123,0.1444196389144623,0.1042776842632963,0.23642063078377065,0.19461471012686515,0.2213090310933699,0.5311270199993914,0.11486418452045548,-109.99875525137632,-0.10793788004490606,0.5311270199993914,-0.03928351991561746,-13.404368704407467,-1.720161992176547,0.16611493717506068,0.6666666666666666,1.0,0.6666666666666666,0.6666666666666666,0.18855956209183045,0.8888750583486258,-0.1736695725368068,0.06530911542145192,0.2078010314475067,0.25245481073802034,0.17704233999979713,0.11311870610733481,-0.1131187061073348,0.15085332672271884,0.12781888253865223,0.13242577137546555,0.13703266021227886,0.1416395490490922,0.14624643788590552,0.17117362352577914,0.19149392032883944,0.21181421713189974,0.23213451393496004,0.6666666666666666,0.3333333333333333,0.1851376284295108,1.4999435537076609,0.5311270199993914,0.0,0.0,0.0,0.0
ID108_DCHA,0.09562970681738923,0.25052700985899795,0.2450984903313709,0.5384634778318225,-0.9892004714415019,0.4784009428830039,0.11515642308257526,0.11515642308257526,0.12254924516568545,0.11515642308257526,0.11515642308257526,0.1736258696682715,2.989180962847351,0.13280091274893632,0.09696345734837893,0.1063402640124674,0.16655501445589782,0.13815113342560964,0.09947453179186154,0.23333162780512898,0.186604000508736,0.1378762360224661,0.09945205741065634,0.2283238086377543,0.18595619180467682,0.19162660196361436,0.5064825392456229,0.12321639073490526,-114.03500833829908,-0.11253313125772292,0.5064825392456229,-0.05018538945817744,-13.243376304355577,-1.8519609567857398,0.16715088898976688,0.6666666666666666,1.0,0.6666666666666666,0.6666666666666666,0.17622033516498448,0.9337223148699897,-0.10392078020539404,0.07075383968539393,0.2039759927629763,0.25052700985899795,0.1688275130818743,0.12254924516568545,-0.12254924516568545,0.1353705867764227,0.1205849426102023,0.12354207144344638,0.12649920027669045,0.12945632910993454,0.1324134579431786,0.15840187139293774,0.18143315600945278,0.20446444062596786,0.2274957252424829,1.0,0.3333333333333333,0.17854010456793662,1.6482565387380708,0.5064825392456229,0.0,0.0,0.0,0.0
ID108_IZDA,0.07771705666436605,0.219858506023078,0.19741303418216635,0.5543548947058403,-0.9963667527167747,0.4927335054335493,0.09526521288265805,0.09526521288265805,0.09870651709108318,0.09526521288265805,0.09526521288265805,0.13967690640121738,2.996364549967285,0.12115587035246211,0.08834460289285208,0.09471376690100605,0.15144968239535053,0.12591939312921177,0.09075828376138084,0.21031344310108177,0.16993872524405412,0.1257914304135278,0.09074782210252397,0.20798234017692374,0.1696371750654523,0.199743651675016,0.46216248388706765,0.09888631978295617,-116.54432058953066,-0.08846260818660735,0.46216248388706765,-0.044191302232903906,-16.72420543603373,-1.95032232500292,0.14222651611339618,0.6666666666666666,1.0,0.6666666666666666,0.6666666666666666,0.1574954655041143,0.9616035621058958,-0.06027642394191177,0.056988234213307266,0.1818565958561761,0.219858506023078,0.1540541612956892,0.09870651709108318,-0.09870651709108316,0.12459329314041995,0.11771068472356969,0.11908720640693973,0.1204637280903098,0.12184024977367984,0.1232167714570499,0.14364633571695157,0.16269937829348316,0.18175242087001478,0.20080546344654637,1.0,0.3333333333333333,0.16095243258425354,1.703775353801623,0.4621624838870676,0.0,0.0,0.0,0.0
ID109_DCHA,0.050581846014383994,0.18228932998658864,0.17829678792433984,0.5616605285317212,-0.9996267622632458,0.49925352452649147,0.08815384370831923,0.08815384370831923,0.08914839396216992,0.08815384370831923,0.08815384370831923,0.12608271313896832,2.999626739042622,0.09653366032729724,0.07047674003607078,0.07436678285983957,0.1206809505181475,0.10045190458500515,0.07238169286812071,0.1683083673744802,0.13560055771222465,0.10041492286422171,0.07237866940816433,0.16763466959463927,0.1355134085418773,0.17519111054836356,0.3685712020354261,0.0891650353931212,-118.89301324249755,-0.07806607966299736,0.3685712020354261,-0.043082371600308936,-24.04024465052675,-2.527294064833424,0.12114779107749457,0.6666666666666666,1.0,0.6666666666666666,0.6666666666666666,0.12385161759899271,0.9877001471388616,-0.01931936170669425,0.051469849251881604,0.14921355005858325,0.18228932998658864,0.12285706734514203,0.08914839396216992,-0.08914839396216992,0.09413548627826941,0.09214638577056805,0.09254420587210832,0.09294202597364859,0.09333984607518887,0.09373766617672914,0.11176625501993326,0.1293970237615971,0.14702779250326095,0.1646585612449248,1.0,0.3333333333333333,0.12984843217431621,1.7291421597639969,0.3685712020354261,0.0,0.0,0.0,0.0
ID109_IZDA,0.059627201327434445,0.20178926148928414,0.20963061707678532,0.532485369726119,-0.9864773009326536,0.4729546018653072,0.09773010659348232,0.09773010659348232,0.10481530853839266,0.09773010659348232,0.09773010659348232,0.1485695055561444,2.9864466855438625,0.10375624831237407,0.07583571487144747,0.08402154753488249,0.1303875323422983,0.10802407594128183,0.0777304241836762,0.18377871008964802,0.14599163731541367,0.10776061719798902,0.07770888497609951,0.178979269536966,0.14537078435313067,0.18160013343853482,0.39573716739106707,0.10553127102332717,-113.32212909011281,-0.09690868477498728,0.39573716739106707,-0.04177985135183081,-20.621284781214833,-2.4265980756842067,0.13754850196587765,0.6666666666666666,1.0,0.6666666666666666,0.6666666666666666,0.13899759107526605,0.9258014343345867,-0.11628714059321697,0.060515146599834674,0.16255239351568782,0.20178926148928414,0.13191238913035572,0.10481530853839266,-0.10481530853839266,0.10405915489580182,0.08988875100598115,0.09272283178394529,0.09555691256190942,0.09839099333987356,0.10122507411783768,0.12360517621449828,0.14315119753319475,0.16269721885189123,0.18224324017058768,1.0,0.3333333333333333,0.1409813242093132,1.6272475517111287,0.3957371673910671,0.0,0.0,0.0,0.0
ID109_IZDA_aug3_002,0.05798200341575735,0.19504019800163766,0.19119369695599459,0.505278119201569,-0.9738861181533757,0.4477722363067513,0.08655900995660529,0.08655900995660529,0.09559684847799729,0.08655900995660529,0.08655900995660529,0.1357972014738443,2.973771462120156,0.10336736026029061,0.07547986182770407,0.08497186071290186,0.12993586703293958,0.10751267520649777,0.07737344162343356,0.1826237364580582,0.14528315281137166,0.10717660890980749,0.07734596634729174,0.1765016006254557,0.14449119672285501,0.20296242741525425,0.3939268970489184,0.09687004188262459,-110.70034367171593,-0.09061629705850445,0.3939268970489184,-0.03424166645691065,-22.496338151571138,-2.39706842105021,0.13098665391956288,0.6666666666666666,1.0,0.6666666666666666,0.6666666666666666,0.1403468042043648,0.896670485241288,-0.16159790173954644,0.0551928662024516,0.1582663846888502,0.19504019800163766,0.1313089656829728,0.09559684847799729,-0.09559684847799729,0.10848118804503237,0.09040551100224838,0.09402064641080518,0.09763578181936197,0.10125091722791878,0.10486605263647557,0.1257929900363534,0.14310479202767448,0.16041659401899555,0.1777283960103166,0.6666666666666666,0.3333333333333333,0.13902278400290766,1.5307415572874246,0.39392689704891837,0.0,0.0,0.0,0.0
ID109_IZDA_aug3_032,0.0632853891088207,0.2081755605508265,0.21731329594883692,0.5237863655197424,-0.9824872435940629,0.46497448718812595,0.10028117254348404,0.10028117254348404,0.10865664797441846,0.10028117254348404,0.10028117254348404,0.15411953631990258,2.982435826897937,0.10678810113263729,0.07806004825478939,0.0872075248191384,0.13430626373956792,0.11118186818075006,0.07998663028452586,0.18956615122182466,0.1502845738514165,0.11087043143573266,0.07996116861028384,0.18389269311240625,0.14955065846378815,0.18394765565021104,0.40721338570364257,0.109620768630398,-112.39541146038351,-0.10135279192787099,0.40721338570364257,-0.041765110840807584,-19.53856013840257,-2.3654117811723925,0.14225424505366088,0.6666666666666666,1.0,0.6666666666666666,0.6666666666666666,0.14411327066548194,0.915504571782039,-0.13233577145253222,0.06273294495727291,0.16739564056027195,0.2081755605508265,0.13573779523454751,0.10865664797441846,-0.10865664797441846,0.10789438800734247,0.09114343714547361,0.09449362731784738,0.09784381749022115,0.10119400766259493,0.1045441978349687,0.12795062251603928,0.14800685702473607,0.1680630915334329,0.1881193260421297,1.0,0.3333333333333333,0.14524162524200918,1.5965525114856909,0.40721338570364257,0.0,0.0,0.0,0.0
ID109_IZDA_aug3_051,0.059626421281065024,0.2017858368323735,0.20962034310605343,0.5325005865871555,-0.9864842519260713,0.47296850385214245,0.09772716293451042,0.09772716293451042,0.10481017155302672,0.09772716293451042,0.09772716293451042,0.14856204812848312,2.986453668074633,0.10375621694401786,0.07583564514249531,0.08402001976683604,0.13038721741493003,0.10802400332663183,0.07773041824702745,0.18377738726508958,0.145991466195564,0.10776062614079075,0.07770888570722297,0.17897943244841374,0.14537080542726502,0.18160083031547658,0.3957371673910671,0.10552572716757187,-113.32385341592429,-0.09690233653878547,0.3957371673910671,-0.04178057284873893,-20.62163736949738,-2.426564580106362,0.13754440035725776,0.6666666666666666,1.0,0.6666666666666666,0.6666666666666666,0.13899539774887198,0.9258205935102697,-0.11625724955429126,0.06051218075995082,0.1625508139992985,0.2017858368323735,0.1319123891303557,0.10481017155302672,-0.1048101715530267,0.10405867389786308,0.0898926566608305,0.09272586010823702,0.09555906355564353,0.09839226700305005,0.10122547045045656,0.12360410648476516,0.14314953907166725,0.16269497165856933,0.18224040424547142,1.0,0.3333333333333333,0.14098040204352877,1.627301116063349,0.39573716739106707,0.0,0.0,0.0,0.0
ID110_DCHA,0.04584810639381988,0.1803614131051668,0.1979321922301682,0.5397231410960444,-0.9897723467063467,0.4795446934126935,-0.09315783472740703,-0.09315783472740703,0.0989660961150841,0.09315783472740703,0.09315783472740703,0.14020002910561497,2.9897548528663815,0.08964378821895982,0.06557291466776673,0.06466106034255834,0.11172350229574719,0.09349780759869619,0.0673876167334605,0.1562223733170611,0.12618675457559783,0.09371378411677028,0.0674052740068398,0.1601568278973741,0.12669571343326932,0.12461589854038772,0.3431520470853322,0.09947610708759569,-125.80435177808661,-0.08067705143548667,0.3431520470853322,-0.058195440139057655,-23.341467359664055,-2.8147027754416745,0.1277488125854168,0.6666666666666666,1.0,0.6666666666666666,0.6666666666666666,0.10857575430743367,0.9355072024657045,0.10113186092252761,0.05713810223269018,0.14655501648572164,0.1803614131051668,0.11438401569511074,0.0989660961150841,-0.09896609611508408,0.08720357837775976,0.07558705560240563,0.07791036015747645,0.08023366471254728,0.0825569692676181,0.08488027382268894,0.10583514532324116,0.12446671226872257,0.14309827921420398,0.1617298461596854,1.0,0.3333333333333333,0.12362322650405665,1.6526746684948554,0.3431520470853322,0.0,0.0,0.0,0.0
ID110_DCHA_aug3_039,0.04665980619908467,0.1815556257178082,0.19830131766008352,0.5239843295938357,-0.9825784125548168,0.4651568251096335,-0.09152819749028909,-0.09152819749028909,0.09915065883004176,0.09152819749028909,0.09152819749028909,0.14063395794264885,2.9825275313614297,0.09044363060157465,0.06614922605254181,0.06405291493233942,0.11255247626907867,0.09433606702924706,0.06801562985248875,0.15700551415274897,0.1272805115195177,0.09461950342258964,0.06803880234331101,0.16216888851380584,0.1279484427569714,0.1198552585533117,0.3463655594933411,0.10002579115937756,-127.58465175238221,-0.07926574418918945,0.3463655594933411,-0.06100902142464991,-22.712727501272973,-2.7804641293078216,0.12886166685095835,0.6666666666666666,1.0,0.6666666666666666,0.6666666666666666,0.10783272515802768,0.9157260916401979,0.131990861218431,0.05724465956585336,0.14808172944181586,0.1815556257178082,0.11545518649778035,0.09915065883004176,-0.09915065883004179,0.09002742822751911,0.07478250554801376,0.07783149008391482,0.0808804746198159,0.08392945915571697,0.08697844369161804,0.10833306772557692,0.12663870722363474,0.14494434672169257,0.1632499862197504,1.0,0.3333333333333333,0.12471274487007422,1.5972526958995903,0.346365559493341,0.0,0.0,0.0,0.0
ID110_DCHA_aug3_040,0.04511401107495762,0.17865021053797545,0.1955175085558358,0.5245460865706462,-0.9828370263674879,0.46567405273497603,-0.09030027058654136,-0.09030027058654136,0.0977587542779179,0.09030027058654136,0.09030027058654136,0.13865354677717306,2.9827876488622067,0.08889404278544696,0.0650185335187254,0.06297993613092566,0.11063190174477881,0.09272282937189046,0.06685088631230032,0.15436227742230846,0.12510643032306096,0.09300016836031709,0.06687356030658942,0.15941457506579693,0.12575999273806834,0.11952830909477544,0.3404331230580905,0.0986086252560795,-127.52781764616881,-0.07820232829655355,0.3404331230580905,-0.06006710267602375,-23.467200283808577,-2.830802208851895,0.12692879085312753,0.6666666666666666,1.0,0.6666666666666666,0.6666666666666666,0.10601922399465363,0.9163575817092353,0.1310075327319461,0.05644104309799837,0.14565514873786262,0.17865021053797545,0.11347770768603017,0.0977587542779179,-0.0977587542779179,0.08834993995143409,0.073432972568681,0.07641636604523162,0.07939975952178224,0.08238315299833285,0.08536654647488347,0.10640999406874235,0.12447004818605062,0.1425301023033589,0.16059015642066718,1.0,0.3333333333333333,0.12262953841408904,1.5992391666618806,0.34043312305809054,0.0,0.0,0.0,0.0
ID110_DCHA_aug3_073,0.04124862132844307,0.17158502788405863,0.18958058957626892,0.557884857951704,-0.9979446010916403,0.4958892021832809,-0.09230660077302041,-0.09230660077302041,0.09479029478813446,0.09230660077302041,0.09230660077302041,0.13409972947013835,2.9979438964980387,0.08501657135924938,0.06220096241756066,0.0633555276986796,0.10624050399751182,0.08866191381183197,0.06386231745971943,0.14917482972445079,0.11972296171256146,0.08875426839946879,0.0638698679574137,0.15085725767347422,0.1199405996569246,0.13387430540525472,0.32517449407590704,0.0948878611514854,-122.59848120663777,-0.07993986120642398,0.32517449407590704,-0.05112068841673831,-26.462536383865302,-2.9846805122008737,0.12107566767349337,0.6666666666666666,1.0,0.6666666666666666,0.6666666666666666,0.10590780401018829,0.9711279865929139,0.04533650745656969,0.05472720221249341,0.13854989709259607,0.17158502788405863,0.10839149802530233,0.09479029478813446,-0.09479029478813446,0.07927842711103822,0.07431103908081013,0.07530451668685575,0.07629799429290136,0.07729147189894699,0.0782849495049926,0.0977397472656423,0.11620106742024638,0.13466238757485047,0.15312370772945455,1.0,0.3333333333333333,0.1172584344207885,1.7160442851304545,0.325174494075907,0.0,0.0,0.0,0.0
ID110_IZDA,0.03036061736772111,0.1410988538001401,0.1378972246696874,0.5345249495202736,-0.9874080879829886,0.47481617596597714,0.06445327380439622,0.06445327380439622,0.0689486123348437,0.06445327380439622,0.06445327380439622,0.09771508799979546,2.9873815504380974,0.07484085452954235,0.0546439704833207,0.060148374658539415,0.09389068586741044,0.07785265230644094,0.05605364336832634,0.1315802549558216,0.10516291251325467,0.07768549599260316,0.05603997741631994,0.12853516037576349,0.10476900077089452,0.19349227526346974,0.28539933673073287,0.06938685284987739,-113.55705916594528,-0.06360432720363826,0.28539933673073287,-0.02773129837175063,-41.91673642046989,-3.2878072696415663,0.09417314347175283,0.6666666666666666,1.0,0.6666666666666666,0.6666666666666666,0.0996284507740251,0.9284117685105029,-0.11221368908030543,0.03980749989177316,0.11484693970743252,0.1410988538001401,0.09513311224357762,0.0689486123348437,-0.0689486123348437,0.07664557999574387,0.06765490293484891,0.0694530383470279,0.07125117375920689,0.07304930917138588,0.07484744458356488,0.0895362347566231,0.10242688951750235,0.1153175442783816,0.12820819903926084,1.0,0.3333333333333333,0.10059923354201249,1.6344230150577739,0.28539933673073287,0.0,0.0,0.0,0.0
ID110_IZDA_aug3_018,0.030360783391466976,0.14109988793537037,0.13790032707537836,0.5345103764624543,-0.9874014436956935,0.47480288739138715,0.0644535228599058,0.0644535228599058,0.06895016353768918,0.0644535228599058,0.0644535228599058,0.09771739690821873,2.9873748780784375,0.07484087957148713,0.05464400381515086,0.06014927629741974,0.09389085713828457,0.07785268612961832,0.05605364613355791,0.13158087111426545,0.10516299221916847,0.07768548139625725,0.056039976222988015,0.12853489447343078,0.10476896637391653,0.19349518105427063,0.28539933673073276,0.06938864737137747,-113.5553523357756,-0.06360679827738122,0.28539933673073276,-0.027730120752169518,-41.91677939463153,-3.2878360336437624,0.09417453158444183,0.6666666666666666,1.0,0.6666666666666666,0.6666666666666666,0.09962975292136095,0.9283928037308401,-0.11224329068726656,0.03980839547915357,0.11484730916344332,0.14109988793537037,0.09513311224357758,0.06895016353768918,-0.06895016353768918,0.07664636507546457,0.06765308371989782,0.06945173999101117,0.07125039626212452,0.07304905253323787,0.07484770880435122,0.08953706964744573,0.10242777421942689,0.11531847879140805,0.1282091833633892,1.0,0.3333333333333333,0.10059950859963974,1.6343717739380839,0.28539933673073276,0.0,0.0,0.0,0.0
ID110_IZDA_aug3_058,0.029648897948580832,0.13933396461890316,0.13599932145439142,0.5218653450958237,-0.9816016542495694,0.46320330849913854,0.06262479195065138,0.06262479195065138,0.06799966072719571,0.06262479195065138,0.06262479195065138,0.09646598440257369,2.981544889062953,0.07397336819682677,0.05401081974192132,0.06007410835005677,0.09288295258418207,0.07694261776541325,0.05538785760660233,0.13031573774889427,0.1039502900874966,0.07674275667687376,0.05537151785860704,0.12667485872073583,0.10347930800007749,0.19846596597460792,0.282002572402318,0.06863396755331093,-112.20434137062676,-0.06354420654096969,0.282002572402318,-0.02593752719878134,-43.48452452980041,-3.3335829980206797,0.0931699386465099,0.6666666666666666,1.0,0.6666666666666666,0.6666666666666666,0.09937572624398369,0.9133815707847419,-0.1356405018806358,0.03925962242564967,0.11329151956400363,0.13933396461890316,0.09400085746743934,0.06799966072719571,-0.06799966072719571,0.07670917266825178,0.0659594351151631,0.06810938262578084,0.07025933013639857,0.07240927764701631,0.07455922515763404,0.08923413105838206,0.10175908944851232,0.11428404783864261,0.1268090062287729,1.0,0.3333333333333333,0.09941310770145091,1.5897539640729088,0.282002572402318,0.0,0.0,0.0,0.0
ID110_IZDA_aug3_069,0.030360783391466976,0.14109988793537037,0.13790032707537836,0.5345103764624543,-0.9874014436956935,0.47480288739138715,0.0644535228599058,0.0644535228599058,0.06895016353768918,0.0644535228599058,0.0644535228599058,0.09771739690821873,2.9873748780784375,0.07484087957148713,0.05464400381515086,0.06014927629741974,0.09389085713828457,0.07785268612961832,0.05605364613355791,0.13158087111426545,0.10516299221916847,0.07768548139625725,0.056039976222988015,0.12853489447343078,0.10476896637391653,0.19349518105427063,0.28539933673073276,0.06938864737137747,-113.5553523357756,-0.06360679827738122,0.28539933673073276,-0.027730120752169518,-41.91677939463153,-3.2878360336437624,0.09417453158444183,0.6666666666666666,1.0,0.6666666666666666,0.6666666666666666,0.09962975292136095,0.9283928037308401,-0.11224329068726656,0.03980839547915357,0.11484730916344332,0.14109988793537037,0.09513311224357758,0.06895016353768918,-0.06895016353768918,0.07664636507546457,0.06765308371989782,0.06945173999101117,0.07125039626212452,0.07304905253323787,0.07484770880435122,0.08953706964744573,0.10242777421942689,0.11531847879140805,0.1282091833633892,1.0,0.3333333333333333,0.10059950859963974,1.6343717739380839,0.28539933673073276,0.0,0.0,0.0,0.0
ID111_DCHA,0.09328520446527193,0.2486126610719682,0.2495557510738253,0.4119210026526999,-0.9278738145516475,0.3557476291032953,0.10469254503228562,0.10469254503228562,0.12477787553691265,0.10469254503228562,0.10469254503228562,0.17873409705473303,2.9269852899032287,0.1304187326200212,0.09528231625307876,0.11305229474702408,0.16477866064636906,0.13563669508870452,0.09749306285137507,0.23351200766723554,0.18347710607295334,0.1348898348051849,0.09743200289763636,0.2199064180894851,0.18171709456739724,0.22203949618384233,0.4962822321420793,0.1295367890907659,-104.42121401112504,-0.12545521650563274,0.4962822321420793,-0.032260942011515775,-14.731094011669345,-1.9461937984107784,0.17122188201672003,0.6666666666666666,1.0,0.6666666666666666,1.0,0.18551274121865347,0.8269023779013893,-0.2685631870684296,0.07204054003014615,0.20004808606347058,0.2486126610719682,0.16542741071402642,0.12477787553691265,-0.12477787553691266,0.14392011603968258,0.1037494550304285,0.11178358723227931,0.11981771943413014,0.12785185163598095,0.13588598383783176,0.16485862504613968,0.18579713405259682,0.20673564305905395,0.2276741520655111,0.6666666666666666,0.6666666666666666,0.17633793736768796,1.1870720971980215,0.4962822321420793,0.0,0.0,1.0,1.0
ID111_IZDA,0.08397672060707526,0.23686667813472925,0.2377906905910047,0.5538699667009748,-0.9961496040962622,0.4922992081925242,0.11462763790355777,0.11462763790355777,0.11889534529550234,0.11462763790355777,0.11462763790355777,0.16825169514343677,2.99614712999505,0.12388838690019043,0.09049055516566115,0.09747409392482521,0.15521523845967283,0.12894512092638008,0.09285929943514588,0.21743405466773055,0.1741479837332882,0.12878642893214118,0.09284632548802253,0.21454315500345306,0.1737740185595292,0.17793482346795791,0.47280934381318307,0.11912490550714616,-116.44242208019071,-0.1066623324349703,0.47280934381318307,-0.05304611155983431,-14.54673065650563,-1.9968929733984575,0.15913697353001446,0.6666666666666666,1.0,0.6666666666666666,0.6666666666666666,0.16187082199633893,0.9604713564465632,-0.06205155843117816,0.06864425961175179,0.19254879999504013,0.23686667813472925,0.15760311460439436,0.11889534529550234,-0.11889534529550233,0.12223904023117148,0.11370362544728234,0.11541070840406016,0.117117791360838,0.11882487431761582,0.12053195727439366,0.14516456781188303,0.16809009539259456,0.19101562297330615,0.2139411505540177,1.0,0.3333333333333333,0.1673088168697586,1.7020881322823083,0.47280934381318307,0.0,0.0,0.0,0.0
ID111_IZDA_aug3_023,0.08397655730073258,0.23686599030900587,0.23778862711383464,0.5538697589480084,-0.9961495110450336,0.49229902209006726,0.11462659143217871,0.11462659143217871,0.11889431355691732,0.11462659143217871,0.11462659143217871,0.16825023773121128,2.996147036824161,0.12388839167810445,0.09049054989546769,0.09747410036207951,0.15521522940632887,0.128945114806204,0.09285929893478767,0.21743394317618955,0.17414796931080442,0.1287864222641355,0.09284632494287622,0.21454303353207385,0.1737740028460591,0.17793621360610007,0.472809343813183,0.1191238773402399,-116.44237903772351,-0.1066614516821195,0.472809343813183,-0.05304557359135076,-14.546815005229883,-1.9968886233291023,0.1591361668519435,0.6666666666666666,1.0,0.6666666666666666,0.6666666666666666,0.16187083672913294,0.9604708781969279,-0.06205230821626458,0.06864366393720198,0.19254840876237087,0.23686599030900587,0.15760311460439433,0.11889431355691732,-0.11889431355691732,0.12223939887682717,0.11370395462734996,0.1154110434772454,0.11711813232714084,0.11882522117703628,0.12053231002693172,0.1451647171632629,0.16809003544969864,0.1910153537361344,0.21394067202257014,1.0,0.3333333333333333,0.16730865419012508,1.7020874093500549,0.47280934381318296,0.0,0.0,0.0,0.0
ID111_IZDA_aug3_027,0.08353678580500533,0.2369827573568252,0.24021496989253235,0.5494811857403848,-0.9941799877868993,0.4883599755737987,0.11480183142965378,0.11480183142965378,0.12010748494626618,0.11480183142965378,0.11480183142965378,0.1700232801668989,2.99417433138443,0.12336269484916675,0.09012283063820002,0.09777947855665446,0.15467767449689263,0.12840933396689336,0.09245405170024326,0.2170330121863965,0.17345494743840195,0.12821204660392163,0.09243792236853007,0.21343901884025043,0.17299003045674805,0.17870185591371518,0.4707333021779433,0.12045853152779416,-115.62471095810486,-0.10861096387718813,0.4707333021779433,-0.052095262198214504,-14.639929509841894,-2.015300587475307,0.15985649249388356,0.6666666666666666,1.0,0.6666666666666666,0.6666666666666666,0.16221675424259346,0.951385677312276,-0.0762890045360446,0.0693440887654157,0.1921659658425632,0.2369827573568252,0.15691110072598108,0.12010748494626618,-0.12010748494626618,0.12218092592717142,0.11156961889394662,0.11369188030059157,0.11581414170723654,0.1179364031138815,0.12005866452052646,0.14514129221310218,0.1681016584990329,0.1910620247849637,0.21402239107089444,1.0,0.3333333333333333,0.16686999511096987,1.6867984558413063,0.47073330217794324,0.0,0.0,0.0,0.0
ID111_IZDA_aug3_052,0.08397655730073258,0.23686599030900587,0.23778862711383464,0.5538697589480084,-0.9961495110450336,0.49229902209006726,0.11462659143217871,0.11462659143217871,0.11889431355691732,0.11462659143217871,0.11462659143217871,0.16825023773121128,2.996147036824161,0.12388839167810445,0.09049054989546769,0.09747410036207951,0.15521522940632887,0.128945114806204,0.09285929893478767,0.21743394317618955,0.17414796931080442,0.1287864222641355,0.09284632494287622,0.21454303353207385,0.1737740028460591,0.17793621360610007,0.472809343813183,0.1191238773402399,-116.44237903772351,-0.1066614516821195,0.472809343813183,-0.05304557359135076,-14.546815005229883,-1.9968886233291023,0.1591361668519435,0.6666666666666666,1.0,0.6666666666666666,0.6666666666666666,0.16187083672913294,0.9604708781969279,-0.06205230821626458,0.06864366393720198,0.19254840876237087,0.23686599030900587,0.15760311460439433,0.11889431355691732,-0.11889431355691732,0.12223939887682717,0.11370395462734996,0.1154110434772454,0.11711813232714084,0.11882522117703628,0.12053231002693172,0.1451647171632629,0.16809003544969864,0.1910153537361344,0.21394067202257014,1.0,0.3333333333333333,0.16730865419012508,1.7020874093500549,0.47280934381318296,0.0,0.0,0.0,0.0
ID111_IZDA_aug3_064,0.08584817011799308,0.23965739615129178,0.24106948964815467,0.5550945351858793,-0.9966977776322693,0.4933955552645385,0.11652909446953763,0.11652909446953763,0.12053474482407733,0.11652909446953763,0.11652909446953763,0.17055597289199964,2.996695958183549,0.12521394717373793,0.09146138784235101,0.09831345139931659,0.15685438472673774,0.1303306820834789,0.09385934292524711,0.21971252682518733,0.176015740118414,0.1301817345140683,0.09384716563868041,0.21699914181500382,0.17566473814164293,0.17659757516317204,0.47790269880572067,0.12073425534658302,-116.70568516060908,-0.10785514602203537,0.47790269880572067,-0.05425889688022911,-14.181003086477045,-1.9764508595594317,0.1611164691869768,0.6666666666666666,1.0,0.6666666666666666,0.6666666666666666,0.16330654995644658,0.9633965017845452,-0.057464966438088926,0.06959076737088389,0.1948148869072501,0.23965739615129178,0.15930089960190688,0.12053474482407733,-0.12053474482407733,0.12312830168175415,0.11511700097267474,0.11671926111449063,0.1183215212563065,0.11992378139812239,0.12152604153993826,0.14643412057566166,0.1697399394695692,0.19304575836347673,0.21635157725738427,1.0,0.3333333333333333,0.16916281123816101,1.70634797272791,0.47790269880572067,0.0,0.0,0.0,0.0
ID111_IZDA_aug3_065,0.07973946445272734,0.22888404660385478,0.2240099817273402,0.554452162332692,-0.9964102972934529,0.4928205945869056,0.10812360441438541,0.10812360441438541,0.1120049908636701,0.10812360441438541,0.10812360441438541,0.1584940575487896,2.9964081470588604,0.12123571437063425,0.08851569145653972,0.0951597925661975,0.15179706409022684,0.12613998037912688,0.09085983049971388,0.21216937740721944,0.17032694882765068,0.12599565348426725,0.09084803097881575,0.20954016744677378,0.16998683568852774,0.18288415275778022,0.4626421580842241,0.11220656603192566,-116.56511621624517,-0.10036054670556749,0.4626421580842241,-0.050180415757908006,-15.537154265342789,-2.020066395181347,0.15232510215650935,0.6666666666666666,1.0,0.6666666666666666,0.6666666666666666,0.15809543914402607,0.9618346246249465,-0.05991412777089757,0.06466611162572151,0.18683582697594975,0.22888404660385478,0.1542140526947414,0.1120049908636701,-0.1120049908636701,0.12076044218946937,0.11299766929089998,0.11455022387061385,0.11610277845032774,0.11765533303004161,0.1192078876097555,0.14238516307234644,0.16400988395522353,0.18563460483810063,0.20725932572097772,1.0,0.3333333333333333,0.16303319135759578,1.7041137274592497,0.46264215808422415,0.0,0.0,0.0,0.0
ID112_DCHA,0.07693900897651633,0.2255604049241914,0.2228216848421229,0.5621554734388495,-0.9998468536301226,0.499693707260245,-0.11061476841721474,-0.11061476841721474,0.11141084242106145,0.11061476841721474,0.11061476841721474,0.15756274650303723,2.9998468497209547,0.11881562920617575,0.08675525933433197,0.09019071505745832,0.14838336776530983,0.12366928633092626,0.08912875944998963,0.20675532997780557,0.16691419354889772,0.12369888783815955,0.08913117953672091,0.20729458205371037,0.16698395089771118,0.16700258459111386,0.4538595299304513,0.11141937448410572,-120.70906666991513,-0.09579519948304056,0.4538595299304513,-0.0568995322163008,-15.488280405650455,-2.0564692485088614,0.15051386396033337,0.6666666666666666,1.0,0.6666666666666666,0.6666666666666666,0.1504904359729704,0.9921214814453875,0.012375232114087918,0.0643230798624428,0.18477270094768827,0.2255604049241914,0.1512865099768171,0.11141084242106145,-0.11141084242106145,0.11494563650697667,0.11335348849928324,0.11367191810082193,0.11399034770236062,0.1143087773038993,0.11462720690543798,0.13706859019041961,0.15919154387386256,0.18131449755730553,0.20343745124074847,1.0,0.3333333333333333,0.1601447355535156,1.730857225918781,0.4538595299304513,0.0,0.0,0.0,0.0
ID112_IZDA,0.11184018038463799,0.2803810219160044,0.3032413835147473,0.552573498808999,-0.9955685842473153,0.4911371684946307,0.14578041398761532,0.14578041398761532,0.15162069175737364,0.14578041398761532,0.14578041398761532,0.21458305158335522,2.9955653064962364,0.14089818410859556,0.10305545145413399,0.11163001734713325,0.17687254671662736,0.14681686381528344,0.10565315677027472,0.24954879586379053,0.19840522598805402,0.14659969678833557,0.10563540216621876,0.24559265372626965,0.19789346164003643,0.16199297598039689,0.5379016822332658,0.15195775959873953,-116.18306152158641,-0.13636519971502364,0.5379016822332658,-0.06704992922404934,-10.443717065978074,-1.803462289026559,0.19414378252029887,0.6666666666666666,1.0,0.6666666666666666,0.6666666666666666,0.18514083851418026,0.9575895724620712,-0.06656887976137531,0.08753824720083694,0.2250984972455142,0.2803810219160044,0.17930056074442194,0.15162069175737364,-0.15162069175737364,0.13460060792838907,0.12292005238887242,0.12525616349677576,0.1275922746046791,0.12992838571258242,0.13226449682048574,0.16375669072591212,0.1929127735234352,0.22206885632095827,0.2512249391184813,1.0,0.3333333333333333,0.19308044988608417,1.6975751805790174,0.5379016822332658,0.0,0.0,0.0,0.0
ID114_DCHA,0.07076167007908708,0.20931515346134968,0.1865573611993481,0.5548296398693394,-0.9965792495191879,0.4931584990383755,0.09012348312709477,0.09012348312709477,0.09327868059967405,0.09012348312709477,0.09012348312709477,0.13199142036895412,2.9965772970365916,0.11571091322008323,0.08436562368512793,0.09036235521260762,0.1446159343322677,0.12025068247233965,0.08667796151281243,0.20070338524775883,0.1622796829396502,0.1201333584542764,0.08666836962625285,0.19856608798801098,0.16200320335407598,0.20076765092162996,0.44138809918470095,0.09343863262959767,-116.6470178295013,-0.0835141881960225,0.44138809918470095,-0.0419065440909681,-18.423668538782785,-2.0351508966122998,0.13508177426436954,0.6666666666666666,1.0,0.6666666666666666,0.6666666666666666,0.1502845638674796,0.9627446425500141,-0.05848718219244506,0.05385447135387493,0.17334479392162241,0.20931515346134968,0.14712936639490032,0.09327868059967405,-0.09327868059967404,0.11919167033425491,0.11288127538909636,0.11414335437812807,0.11540543336715978,0.1166675123561915,0.1179295913452232,0.13721636695967387,0.15524106358509282,0.1732657602105118,0.19129045683593074,1.0,0.3333333333333333,0.15358132490539236,1.7054267284495368,0.44138809918470095,0.0,0.0,0.0,0.0
ID114_IZDA,0.052704283147449474,0.1872091940847622,0.18829051618673043,0.44819529342214054,-0.946315928673421,0.3926318573468415,0.08119905337612006,0.08119905337612006,0.09414525809336521,0.08119905337612006,0.08119905337612006,0.13439444808508402,2.945826806185409,0.09805595550396107,0.0716377985577039,0.08355787926763594,0.12370302815814177,0.10199660444557752,0.07333772980729457,0.17496230374341254,0.1379331805175242,0.10151520802925282,0.0732983729910876,0.16619268215656358,0.13679874714335657,0.21323029670331364,0.3733370660675561,0.09677883173095661,-106.60292551833962,-0.09274392732242505,0.3733370660675561,-0.027653321970814868,-25.42206216819506,-2.5748285158196693,0.12798576933620373,0.6666666666666666,1.0,0.6666666666666666,1.0,0.13739189340643054,0.85114361687044,-0.23169823332640935,0.054354790103131205,0.15077648984022365,0.1872091940847622,0.12444568868918537,0.09414525809336521,-0.09414525809336521,0.10601014070864213,0.08011773127415181,0.08529621316104988,0.09047469504794795,0.095653176934846,0.10083165882174407,0.12224995138386614,0.13848976205909014,0.15472957273431417,0.17096938340953818,0.6666666666666666,0.3333333333333333,0.13254468824695753,1.3231047624062402,0.3733370660675561,0.0,0.0,0.0,1.0
ID114_IZDA_aug2_036,0.05270396528546252,0.18720849237514467,0.1882886592816827,0.4482357560267878,-0.9463360746875175,0.3926721493750351,0.08120081973791828,0.08120081973791828,0.09414432964084135,0.08120081973791828,0.08120081973791828,0.13439262816189337,2.9458473226094233,0.09805582865136896,0.07163769472922667,0.08355597208932022,0.12370261704467529,0.10199648132171801,0.07333767652483571,0.1749611798570324,0.13793295847160814,0.10151518511035573,0.07329832790093796,0.16619338370878634,0.13679876123516357,0.21322165414109862,0.3733368178437513,0.09677684717609165,-106.60548634045303,-0.09274078948129176,0.3733368178437513,-0.027656899966036055,-25.421604761813654,-2.574809630734316,0.12798405662732384,0.6666666666666666,1.0,0.6666666666666666,1.0,0.13738911585084018,0.8511720704494781,-0.23165475456481033,0.05435425406081662,0.1507763405471901,0.18720849237514467,0.1244456059479171,0.09414432964084135,-0.09414432964084135,0.1060076726372264,0.08012065283138024,0.08529805679254947,0.0904754607537187,0.09565286471488793,0.10083026867605717,0.12224783658481005,0.13848800053239368,0.15472816447997736,0.17096832842756102,0.6666666666666666,0.3333333333333333,0.13254428855476008,1.323254624997354,0.37333681784375133,0.0,0.0,0.0,1.0
ID114_IZDA_aug2_043,0.05398297947701975,0.18967638238898324,0.191385354626804,0.4500677070912105,-0.9472472381586476,0.3944944763172951,0.08265473649860525,0.08265473649860525,0.095692677313402,0.08265473649860525,0.08265473649860525,0.1365802064143778,2.9467750896449303,0.09918372724094285,0.07246557284546037,0.0844837947901363,0.12512801107456323,0.10317500101286615,0.07418388239813274,0.17701320437964682,0.13952855869113134,0.10269019344790188,0.07414424670168175,0.16818144173455318,0.13838608678420825,0.21217118432600052,0.37764379254014574,0.09832116859291955,-106.72178526533942,-0.09416347746820491,0.37764379254014574,-0.02828942743450588,-24.742618328860864,-2.547542652666435,0.12972716478414809,0.6666666666666666,1.0,0.6666666666666666,1.0,0.1389192049948453,0.8524642807259935,-0.2296796940117957,0.05524819300636863,0.15268787333741365,0.18967638238898324,0.12588126418004855,0.095692677313402,-0.095692677313402,0.10702164589037799,0.0809457642607845,0.08616094058670319,0.0913761169126219,0.0965912932385406,0.1018064695644593,0.12355259319009904,0.14008354048982008,0.15661448778954115,0.1731454350892622,0.6666666666666666,0.3333333333333333,0.1341429330689467,1.3300354712684253,0.3776437925401457,0.0,0.0,0.0,1.0
ID115_DCHA,0.1668413307543244,0.3336018724723149,0.3362431512289336,0.47624894607756973,-0.9600719490000424,0.4201438980000849,0.14832682705624167,0.14832682705624167,0.1681215756144668,0.14832682705624167,0.14832682705624167,0.23940215645467455,2.9598026444342964,0.17446411346088367,0.12746012839538315,0.14650330477680723,0.21981752081464204,0.1815030002703967,0.1305409084727217,0.3104032540236386,0.24539481210340996,0.1807669450923657,0.13048073189604273,0.29699450157040247,0.2436602633388755,0.20574543668963313,0.664562466188011,0.17158193494229207,-108.4735639551735,-0.16274031051934298,0.664562466188011,-0.0543686649698957,-7.8651198495348345,-1.441648908248973,0.2269819113526133,0.6666666666666666,1.0,0.6666666666666666,1.0,0.24131557062089545,0.8719284883908167,-0.1998200465417756,0.09706503693759644,0.26893442513132054,0.3336018724723149,0.22152082206267032,0.1681215756144668,-0.16812157561446683,0.1852750454160732,0.14568554829962294,0.15360344772291298,0.16152134714620303,0.1694392465694931,0.17735714599278316,0.21494041082732154,0.24460577623856986,0.2742711416498182,0.30393650706106656,0.6666666666666666,0.3333333333333333,0.23582573421513633,1.4260691135882106,0.664562466188011,0.0,0.0,0.0,1.0
ID115_DCHA_aug2_035,0.16384909718870405,0.32975837191505186,0.33051670317788295,0.45264896912421476,-0.9485279474132712,0.39705589482654213,0.14303224119984131,0.14303224119984131,0.16525835158894148,0.14303224119984131,0.14303224119984131,0.23581485429430715,2.9480786428587047,0.17300975223812284,0.1263893946169999,0.14701090520645999,0.2181931391231986,0.1799575909792897,0.12940406205454652,0.308416861913025,0.24334534927520113,0.1791311271527215,0.1293364940714438,0.2933611307766015,0.24139774826362878,0.21279731466398122,0.6587584125672727,0.16968300657101637,-106.88686817676466,-0.1623663068878417,0.6587584125672727,-0.04929001021082052,-8.16871000870472,-1.45655284596337,0.22504600933255714,0.6666666666666666,1.0,0.6666666666666666,1.0,0.2418122479115244,0.8542985352973852,-0.2268745304936833,0.09541195377570919,0.2657976087084298,0.32975837191505186,0.21958613752242426,0.16525835158894148,-0.16525835158894145,0.18672613071521055,0.14227390993701025,0.1511643540926503,0.16005479824829036,0.16894524240393044,0.1778356865595705,0.2153325789551788,0.24393902719514707,0.27254547543511537,0.3011519236750836,0.6666666666666666,0.3333333333333333,0.23370144571561388,1.3395759345308664,0.6587584125672727,0.0,0.0,0.0,1.0
ID115_DCHA_aug2_062,0.16683979668712753,0.3335996676008131,0.3362365366144283,0.4763261113923342,-0.960109219590467,0.42021843918093393,0.14833353379522926,0.14833353379522926,0.16811826830721416,0.14833353379522926,0.14833353379522926,0.23939585567977642,2.9598404209590092,0.1744638839457873,0.12745991846433358,0.14649640173441084,0.21981629398641112,0.18150279359072843,0.13054089157551715,0.3103994889302167,0.24539432505301756,0.18076711077865934,0.13048074544181246,0.2969975198855546,0.24366065378644597,0.20572753633615953,0.6645624661880111,0.17157522926618987,-108.47901858309127,-0.16272877388880536,0.6645624661880111,-0.05438203238562975,-7.8648133423754,-1.4416261677243574,0.22697647863869858,0.6666666666666666,1.0,0.6666666666666666,1.0,0.24130555657465522,0.8719890953676808,-0.19972676437957154,0.09706312746286383,0.2689343836420372,0.3335996676008131,0.22152082206267032,0.16811826830721416,-0.16811826830721416,0.18526613380558385,0.14569666478161405,0.153610558586408,0.16152445239120197,0.16943834619599593,0.1773522400007899,0.2149328405646297,0.24459954732367553,0.27426625408272143,0.30393296084176724,0.6666666666666666,0.3333333333333333,0.23582465003128034,1.4263498093137248,0.664562466188011,0.0,0.0,0.0,1.0
ID115_IZDA,0.22555435027536944,0.3847939475952626,0.3760320289485366,0.558233472045696,-0.9981001559462138,0.49620031189242797,0.18328007514385447,0.18328007514385447,0.1880160144742683,0.18328007514385447,0.18328007514385447,0.2659791376034204,2.9980995539970463,0.20392528232148044,0.14888223337150172,0.15886083720502664,0.25516558836541864,0.21218211177942556,0.15285976536121917,0.35629883314146593,0.2864735375029713,0.2120060088773483,0.15284536797620435,0.35309075813468965,0.2860585427031982,0.18003572416486777,0.7783498138372511,0.18819486991629802,-117.50184592297316,-0.16692808862393926,0.7783498138372511,-0.0869040982415134,-5.455123197240631,-1.1984406728396282,0.25578663796323675,0.6666666666666666,1.0,0.6666666666666666,0.6666666666666666,0.2641858772761642,0.9722427324774794,-0.04358720057294225,0.10855109656867938,0.31450675765328034,0.3847939475952626,0.2594499379457504,0.1880160144742683,-0.18801601447426827,0.20151387245140812,0.19204199379058048,0.193936369522746,0.19583074525491154,0.19772512098707706,0.1996194967192426,0.238169887480179,0.2748259025089499,0.3114819175377208,0.3481379325664917,1.0,0.3333333333333333,0.27419843804282173,1.7172547157401288,0.7783498138372512,0.0,0.0,0.0,0.0
ID115_IZDA_aug2_003,0.22777681545644543,0.3866233926248228,0.37776224560085997,0.5535696178126095,-0.9960150615153219,0.49203012303064403,0.18198339922262655,0.18198339922262655,0.18888112280042998,0.18198339922262655,0.18198339922262655,0.2672963042801262,2.9960124113714772,0.20496212920602994,0.149641891581692,0.16109961307788037,0.25665180193824966,0.2132460965164939,0.15360105008200087,0.3587387764655582,0.28794981177590184,0.21298960903744688,0.15358008081378471,0.35406633176773533,0.287345386926817,0.18385333386864647,0.7821079322736085,0.1892585911445461,-116.38071898224409,-0.16954945448716116,0.7821079322736085,-0.08409397603350985,-5.45291723061088,-1.1944465739536387,0.2571862687031242,0.6666666666666666,1.0,0.6666666666666666,0.6666666666666666,0.2676003676690063,0.9597857664693785,-0.06312636917072187,0.10905056709366702,0.31561572627181494,0.3866233926248228,0.26070264409120286,0.18888112280042998,-0.18888112280042996,0.20463999340219627,0.1908445462465894,0.19360363567771077,0.19636272510883215,0.1991218145399535,0.2018809039710749,0.24103667324672157,0.27743335309124684,0.3138300329357722,0.3502267127802975,1.0,0.3333333333333333,0.27554601276764734,1.701042904921927,0.7821079322736085,0.0,0.0,0.0,0.0
ID115_IZDA_aug2_017,0.22555601178760562,0.3847983405995636,0.3760452079614396,0.5582328629822764,-0.9980998842188077,0.49619976843761504,0.18328615934097672,0.18328615934097672,0.1880226039807198,0.18328615934097672,0.18328615934097672,0.26598847161302286,2.9980992820973835,0.20392526639182032,0.14888227853143396,0.15886120857266803,0.2551657175471817,0.21218216201199921,0.15285976946800947,0.3562997482306675,0.2864736558784018,0.2120060403203148,0.15284537054684055,0.35309133093271794,0.2860586168000328,0.18003137612590533,0.7783498138372511,0.18820149130962438,-117.50166716536154,-0.16693423291464057,0.7783498138372511,-0.08690663503074528,-5.455015354608878,-1.1984524730202062,0.2557918318399832,0.6666666666666666,1.0,0.6666666666666666,0.6666666666666666,0.26418638258549343,0.9722407462817948,-0.043590317516536775,0.10855490102200296,0.31450913060409175,0.3847983405995636,0.2594499379457504,0.1880226039807198,-0.1880226039807198,0.20151218125858686,0.19203929197910072,0.19393386983499794,0.19582844769089516,0.1977230255467924,0.19961760340268964,0.2381694131267822,0.27482664499497755,0.3114838768631729,0.3481411087313683,1.0,0.3333333333333333,0.2741994479617623,1.7172526011901428,0.7783498138372512,0.0,0.0,0.0,0.0
ID116_DCHA,0.12398740277572151,0.28392568337195034,0.27423657063913953,0.5162556461007375,-0.9790062148057684,0.4580124296115371,0.12552551059407255,0.12552551059407255,0.13711828531956977,0.12552551059407255,0.12552551059407255,0.19460635444309143,2.9789322397185556,0.15152067524833485,0.11061368921461474,0.12342652048423419,0.19027121227260102,0.15757585112329875,0.11343398002369325,0.26684227513580233,0.21288421264961285,0.15714478114333152,0.11339873767165531,0.2589894526519454,0.21186837589783553,0.2023642255128731,0.5775404794767115,0.13858066765060456,-111.66895611021415,-0.128787555822741,0.5775404794767115,-0.05116998057153907,-10.512510481093415,-1.6227947565969623,0.1894737275236342,0.6666666666666666,1.0,0.6666666666666666,0.6666666666666666,0.20410626788440106,0.9074328456690461,-0.1448923227580792,0.0791652789400735,0.23115077279932253,0.28392568337195034,0.19251349315890384,0.13711828531956977,-0.13711828531956977,0.1584001727778778,0.1352146233268834,0.13985173321708227,0.14448884310728116,0.14912595299748002,0.1537630628876789,0.1835052748966923,0.2086103770155068,0.23371547913432134,0.25882058125313584,1.0,0.3333333333333333,0.203295681849305,1.5698588712085753,0.5775404794767115,0.0,0.0,0.0,0.0
ID116_IZDA,0.14313251689073864,0.3120137570843765,0.32156350035027653,0.5576004403844075,-0.9978176553203245,0.49563531064064936,0.15644052608287143,0.15644052608287143,0.16078175017513827,0.15644052608287143,0.15644052608287143,0.22746260095233173,2.9978168609709877,0.16095306252979885,0.11761492493827956,0.12587346045440315,0.20164467200612424,0.167597499381648,0.12068418262177232,0.28288280672679494,0.2263667947950224,0.16743607371550698,0.12067098518187047,0.27994210763046606,0.2259863875944126,0.16909526032245517,0.614477770902853,0.16095747845079583,-117.32242037611994,-0.14300069046401698,0.614477770902853,-0.07387903894916889,-8.335797618214155,-1.5502133845346713,0.21177369174753952,0.6666666666666666,1.0,0.6666666666666666,0.6666666666666666,0.20916714772655118,0.9702491152902215,-0.046715572132591796,0.09282738674439524,0.2528381233712915,0.3120137570843765,0.20482592363428434,0.16078175017513827,-0.16078175017513824,0.15557323100150508,0.1468907828169714,0.14862727245387813,0.15036376209078486,0.15210025172769162,0.15383674136459835,0.18686133621807935,0.21814944143465365,0.24943754665122797,0.28072565186780224,1.0,0.3333333333333333,0.21842810937143495,1.7150565891506304,0.614477770902853,0.0,0.0,0.0,0.0
ID117_DCHA,0.0662975318452218,0.21182699631050414,0.21678200291523292,0.5542743325046549,-0.996330683899199,0.4926613677983981,0.10459327734452843,0.10459327734452843,0.10839100145761646,0.10459327734452843,0.10459327734452843,0.15338208438682885,2.996328437170264,0.10969721990346391,0.08015147416218954,0.08634254820137684,0.13748642457723043,0.11420765089166107,0.08223367730756727,0.19290647159419672,0.15426384971118406,0.11406643492774268,0.08222213212245795,0.19033393361179723,0.15393106762764192,0.173446434025924,0.41869898601627953,0.10859041082113285,-116.52718900591826,-0.09715828636243093,0.41869898601627953,-0.048498914559176196,-18.19727633639391,-2.2712934907697893,0.14337139751186426,0.6666666666666666,1.0,0.6666666666666666,0.6666666666666666,0.14336405278518116,0.9614132111768694,-0.06057488011379544,0.06257957386928797,0.17168106777355954,0.21182699631050414,0.13956632867209315,0.10839100145761646,-0.10839100145761646,0.10723371896597571,0.09963827073979965,0.10115736038503487,0.10267645003027008,0.10419553967550528,0.1057146293207405,0.1281523744348814,0.14907102990378707,0.16998968537269277,0.19090834084159847,1.0,0.3333333333333333,0.1486579203464807,1.7034950816864087,0.4186989860162795,0.0,0.0,0.0,0.0
ID117_IZDA,0.1033848111823576,0.26291853061462606,0.26457717707167805,0.537924260792367,-0.9889554675438776,0.47791093508775534,0.12421722227017393,0.12421722227017393,0.13228858853583902,0.12421722227017393,0.12421722227017393,0.18743221500157886,2.98893506206864,0.1374276617512356,0.10038867710720563,0.11036443400715225,0.17248144015295896,0.14301960009052933,0.10295345330365702,0.24224243909526053,0.19322183232635942,0.14271947145205977,0.10292891612958979,0.23677498130475813,0.19251456502548756,0.1860820048559098,0.5241784147722001,0.13302522887403004,-113.96747698493323,-0.12155528653213818,0.5241784147722001,-0.05403724486942185,-12.055505524718031,-1.8091104927101662,0.1771076945938541,0.6666666666666666,1.0,0.6666666666666666,0.6666666666666666,0.18279750452306515,0.932971966499258,-0.10509297053619811,0.07637685220188231,0.21306718184051168,0.26291853061462606,0.17472613825740002,0.13228858853583902,-0.13228858853583902,0.13870130834445213,0.1225585758131219,0.12578712231938796,0.129015668825654,0.13224421533192005,0.13547276183818607,0.1635447527984869,0.1883881972525217,0.2132316417065565,0.23807508616059128,1.0,0.3333333333333333,0.1856383681447683,1.6463643699990018,0.5241784147722001,0.0,0.0,0.0,0.0
ID117_IZDA_aug2_001,0.10589756872393165,0.2659621114765601,0.2672315509232502,0.5383407616807443,-0.9891447237239684,0.47828944744793694,0.12553435635031585,0.12553435635031585,0.1336157754616251,0.12553435635031585,0.12553435635031585,0.18930654921087148,2.989125012832988,0.1391247525179134,0.10162563266157114,0.1116652074319406,0.17459860175189615,0.14478307516766525,0.10422517959585569,0.2451703492364079,0.1956007249246942,0.14448257272050247,0.10420061186086294,0.23969608175502732,0.19489257672599525,0.18621725359158262,0.5306547835064301,0.13434695179560016,-114.01957634922277,-0.12271337014514762,0.5306547835064301,-0.05468575906384868,-11.774730780214647,-1.7858637516691536,0.17905370466625772,0.6666666666666666,1.0,0.6666666666666666,0.6666666666666666,0.18496634694678596,0.9335508483246974,-0.104188657137096,0.07714310393074984,0.2155994774136534,0.2659621114765601,0.1768849278354767,0.1336157754616251,-0.1336157754616251,0.14042775512624428,0.12426491690362577,0.12749748454814946,0.13073005219267317,0.13396261983719687,0.13719518748172058,0.16553462639630745,0.19064149766637062,0.2157483689364338,0.24085524020649696,1.0,0.3333333333333333,0.18788078553871304,1.6478259637595531,0.5306547835064301,0.0,0.0,0.0,0.0
ID117_IZDA_aug2_053,0.10338468526448871,0.2629180745968506,0.26457580901835187,0.5379249836398271,-0.9889557960660552,0.4779115921321105,0.12421670136144264,0.12421670136144264,0.13228790450917594,0.12421670136144264,0.12421670136144264,0.18743123538877307,2.9889353918069776,0.13742766071192164,0.1003886702961413,0.11036431930355252,0.17248141356849256,0.14301959281862786,0.10295345270913889,0.24224230662268362,0.1932218151897805,0.1427194702455952,0.10292891603095464,0.2367749593265359,0.19251456218239693,0.18608240561134617,0.5241784147722001,0.1330245189436323,-113.96756703799578,-0.12155455288339828,0.5241784147722001,-0.05403714753298805,-12.05553531166012,-1.809107909558373,0.17710716030301255,0.6666666666666666,1.0,0.6666666666666666,0.6666666666666666,0.18279734140513332,0.9329729670888418,-0.10509140751719355,0.07637645727890423,0.21306695271739334,0.2629180745968506,0.17472613825740002,0.13228790450917594,-0.13228790450917594,0.138701373235408,0.12255896693994142,0.12578744819903473,0.12901592945812804,0.13224441071722137,0.13547289197631468,0.1635447135076965,0.18838805377998502,0.2132313940522736,0.2380747343245621,1.0,0.3333333333333333,0.1856382550953051,1.646366906917582,0.5241784147722001,0.0,0.0,0.0,0.0
ID118_DCHA,0.18833467465916315,0.3492867642675464,0.3376883444617077,0.4354848138373491,-0.939941821324062,0.3798836426481241,0.1442030183939283,0.1442030183939283,0.16884417223085385,0.1442030183939283,0.1442030183939283,0.24131117238427757,2.9393283123775698,0.18656893524950682,0.13621653262987926,0.15891933644772838,0.2352057253235727,0.19395752202495845,0.139499862641236,0.3316667390610636,0.2622313225954943,0.19304125633858318,0.13942495286004,0.3149750831408294,0.2600720992631635,0.22332235366467304,0.7101719483409316,0.17415485604360084,-105.81416524627703,-0.1675632076342124,0.7101719483409316,-0.04746035536003862,-7.335397378389363,-1.3379223917318948,0.23732199810411386,0.6666666666666666,1.0,0.6666666666666666,1.0,0.26136513661723604,0.8423796138475224,-0.24506770222927732,0.097482228288583,0.28315754490119127,0.3492867642675464,0.23672398278031048,0.16884417223085385,-0.16884417223085385,0.2050837458736181,0.15580143819976702,0.16565789973453723,0.17551436126930747,0.18537082280407768,0.1952272843388479,0.23392434955240377,0.2627649532311894,0.2916055569099751,0.32044616058876074,0.6666666666666666,0.3333333333333333,0.2505558318746297,1.2758267492622262,0.7101719483409314,0.0,0.0,0.0,1.0
ID118_IZDA,0.20757585018841568,0.3686086002413648,0.35902386446229256,0.5431046373083102,-0.9913042222530695,0.4826084445061388,0.1698049679429728,0.1698049679429728,0.17951193223114628,0.1698049679429728,0.1698049679429728,0.2542390960063048,2.991291582831473,0.19578925466961453,0.14294207926440503,0.15597167232112577,0.24542868650297742,0.2036725160552389,0.14667149223114462,0.343506351644252,0.2750755696199575,0.20331156874104309,0.14664198279438218,0.3369309571233431,0.2742249802394506,0.190402130976024,0.7468019362618019,0.18029755761084304,-114.64932853325682,-0.1638683712617898,0.7468019362618019,-0.07519551968331292,-6.083997713746492,-1.2525805309586944,0.24537663806527174,0.6666666666666666,1.0,0.6666666666666666,0.6666666666666666,0.25864094304210744,0.9405480948139646,-0.09325115413189591,0.10364126239640216,0.30051530004982496,0.3686086002413648,0.24893397875393397,0.17951193223114628,-0.17951193223114625,0.198803632298392,0.17938970372204507,0.18327248943731447,0.18715527515258384,0.19103806086785324,0.19492084658312261,0.23276462588698657,0.26672561947558115,0.3006866130641757,0.33464760665277027,1.0,0.3333333333333333,0.2630436276795262,1.6645199999793725,0.7468019362618019,0.0,0.0,0.0,0.0
ID119_DCHA,0.15983717453231147,0.32239551561630936,0.31043298002531716,0.5624085530969205,-0.9999593552799714,0.4999187105599429,-0.15464515857065358,-0.15464515857065358,0.15521649001265858,0.15464515857065358,0.15464515857065358,0.21951075231735853,2.9999593550046355,0.17197097210499263,0.1255173087140249,0.13088773847906032,0.21472316692088436,0.17892820036513268,0.12897085488221585,0.2987028457072131,0.24146957977348252,0.17894944496265927,0.12897259174541612,0.2990898595584911,0.24151964367017484,0.1736650052472564,0.656753566823611,0.15521964447420825,-120.36528147060659,-0.1339266358944588,0.656753566823611,-0.07846524216933676,-7.589542723496223,-1.4065617246036943,0.21288196667555612,0.6666666666666666,1.0,0.6666666666666666,0.6666666666666666,0.21834652416586536,0.9959413169932604,0.006375321170630899,0.08961428229147728,0.2649932660334438,0.32239551561630936,0.21891785560787033,0.15521649001265858,-0.15521649001265858,0.16775035704565577,0.1666076941616458,0.1668362267384478,0.1670647593152498,0.16729329189205178,0.16752182446885377,0.19867938875978647,0.2296084204739172,0.2605374521880479,0.29146648390217866,1.0,0.3333333333333333,0.23082256860505898,1.7317340186932608,0.656753566823611,0.0,0.0,0.0,0.0
ID119_DCHA_aug3_046,0.162098783493883,0.32448723727106454,0.311941591196592,0.5609435880134989,-0.999307782173814,0.49861556434762794,-0.15360076247915633,-0.15360076247915633,0.155970795598296,0.15360076247915633,0.15360076247915633,0.2206014784018967,2.999307702294461,0.17317702025483342,0.12639184818532928,0.1306014285522112,0.2160640312404446,0.1801911452003714,0.1299039768808308,0.30022092762921515,0.2431380443255302,0.18027927337963653,0.12991118184629458,0.3018263628943835,0.24334572253910372,0.17029510327146324,0.6615201206166017,0.15602480652294648,-121.50762780716148,-0.133022162347609,0.6615201206166017,-0.08154044747785749,-7.425406170071516,-1.3936319065637002,0.21411474595073096,0.6666666666666666,1.0,0.6666666666666666,0.6666666666666666,0.2181366737530609,0.9832485799204281,0.02631003280473299,0.0900497808243963,0.26715661055268214,0.32448723727106454,0.22050670687220056,0.155970795598296,-0.155970795598296,0.17088647479190822,0.1661464085536289,0.16709442180128475,0.16804243504894062,0.16899044829659648,0.16993846154425235,0.20160662728773948,0.23232677978357075,0.263046932279402,0.2937670847752333,1.0,0.3333333333333333,0.23244983938754255,1.726657059954107,0.6615201206166017,0.0,0.0,0.0,0.0
ID119_DCHA_aug3_062,0.15743609055419044,0.3184601782414498,0.30225167094119176,0.5598991757144307,-0.9988427388419145,0.4976854776838289,0.14815591228074584,0.14815591228074584,0.15112583547059588,0.14815591228074584,0.14815591228074584,0.21376547237774027,2.9988425155468716,0.17112179216979756,0.1248750404224841,0.1325885006260503,0.21392542335352444,0.1779864124845129,0.1282627883932173,0.29788749201813947,0.240244665071456,0.17787597777321493,0.12825375974554143,0.2958756975899008,0.23998442046240914,0.18422423284469827,0.6531288637831576,0.15121335747197218,-118.05050501751069,-0.13345084161538207,0.6531288637831576,-0.0711080329505229,-7.912741340453037,-1.4099417391163467,0.20937134711269778,0.6666666666666666,1.0,0.6666666666666666,0.6666666666666666,0.22067954445090254,0.9783389446390076,-0.034018541386800015,0.08725254179045562,0.26162005142492784,0.3184601782414498,0.21770962126105253,0.15112583547059588,-0.15112583547059588,0.17030426596070394,0.1643644195810039,0.1655523888569439,0.1667403581328839,0.16792832740882394,0.16911629668476394,0.1999354484168531,0.22956663087300228,0.2591978133291515,0.28882899578530064,1.0,0.3333333333333333,0.2290822927495637,1.7230352000415052,0.6531288637831576,0.0,0.0,0.0,0.0
ID119_IZDA,0.17857712001763237,0.3453313005578826,0.34644839852264186,0.553384911682084,-0.9959323034815153,0.4918646069630306,0.16683263297347362,0.16683263297347362,0.17322419926132093,0.16683263297347362,0.16683263297347362,0.24514271487987466,2.995929542043519,0.18068373410231103,0.1319737778849627,0.14227096379743198,0.22638415566190354,0.18805570509964323,0.13542623931740835,0.317143217744166,0.2539823665260488,0.18781803875859016,0.1354068087811887,0.3128136386191722,0.2534222945768945,0.178420249616879,0.6895455031510058,0.1735775894767572,-116.3432794358336,-0.15555181588576947,0.6895455031510058,-0.07702475019888949,-6.849160004940008,-1.3690614148188187,0.2319605011738377,0.6666666666666666,1.0,0.6666666666666666,0.6666666666666666,0.2362400673381826,0.9593697715092622,-0.06377849573707971,0.100011038073681,0.28071763145463247,0.3453313005578826,0.2298485010503353,0.17322419926132093,-0.1732241992613209,0.17849866758440897,0.16571553500871436,0.16827216152385327,0.1708287880389922,0.17338541455413112,0.17594204106927006,0.21186519417910368,0.2452317207737984,0.27859824736849315,0.3119647739631879,1.0,0.3333333333333333,0.24397890620408996,1.7004000372062824,0.6895455031510059,0.0,0.0,0.0,0.0
ID119_IZDA_aug3_010,0.17857695721173375,0.34533113729154474,0.3464479087236284,0.5533966424842645,-0.9959375599068291,0.49187511981365845,0.16683654500251344,0.16683654500251344,0.1732239543618142,0.16683654500251344,0.16683654500251344,0.24514215207942988,2.995934805605919,0.18068363399662857,0.13197369681145138,0.14226810232344977,0.2263836582090884,0.18805562629552783,0.1354262328747366,0.3171417821658197,0.2539821808204319,0.18781811452722788,0.13540681497569335,0.31281501890007674,0.25342247312926514,0.17841226535544347,0.6895455031510058,0.17357688601802293,-116.3456460842836,-0.15554800379085224,0.6895455031510058,-0.07703086314195595,-6.849032715999437,-1.369056641174025,0.23196004887558885,0.6666666666666666,1.0,0.6666666666666666,0.6666666666666666,0.23623591040963604,0.9593960676031512,-0.06373727397034383,0.10001089668088486,0.2807182968780088,0.34533113729154474,0.22984850105033527,0.1732239543618142,-0.1732239543618142,0.1784945922890313,0.1657197735704298,0.1682747373141501,0.1708297010578704,0.1733846648015907,0.175939628545311,0.21186190128953397,0.24522921029003666,0.2785965192905394,0.3119638282910421,1.0,0.3333333333333333,0.2439787949882351,1.7004408680015335,0.6895455031510058,0.0,0.0,0.0,0.0
ID119_IZDA_aug3_019,0.18207151655511578,0.3508528214450879,0.358430158339306,0.5567724678772702,-0.9974479170402422,0.4948958340804843,0.1739812902782351,0.1739812902782351,0.179215079169653,0.1739812902782351,0.1739812902782351,0.25355645189166426,2.997446830594573,0.18183464276119596,0.13285391026284846,0.14240791688897286,0.22779653428814034,0.18931322365785755,0.1363269261749696,0.31939085293891495,0.25568845666394596,0.1891186085354215,0.13631101531368134,0.3158455399266737,0.25522983694322865,0.1718200580146043,0.6941283059959575,0.1794442036964827,-117.10429093747047,-0.15973740544017156,0.6941283059959575,-0.08175685624769963,-6.6010846837291535,-1.368175736886084,0.237287537227291,0.6666666666666666,1.0,0.6666666666666666,0.6666666666666666,0.23660989089007042,0.9678254548607829,-0.05051814485665151,0.10346987420143926,0.2846348279202693,0.3508528214450879,0.23137610199865252,0.179215079169653,-0.17921507916965304,0.17687153116685278,0.16640395338401698,0.16849746894058415,0.1705909844971513,0.17268450005371846,0.1747780156102856,0.2116677892224998,0.2464640472781468,0.28126030533379387,0.3160565633894409,1.0,0.3333333333333333,0.24635443068549007,1.712180454100493,0.6941283059959575,0.0,0.0,0.0,0.0
ID119_IZDA_aug3_033,0.17857695721173375,0.34533113729154474,0.3464479087236284,0.5533966424842645,-0.9959375599068291,0.49187511981365845,0.16683654500251344,0.16683654500251344,0.1732239543618142,0.16683654500251344,0.16683654500251344,0.24514215207942988,2.995934805605919,0.18068363399662857,0.13197369681145138,0.14226810232344977,0.2263836582090884,0.18805562629552783,0.1354262328747366,0.3171417821658197,0.2539821808204319,0.18781811452722788,0.13540681497569335,0.31281501890007674,0.25342247312926514,0.17841226535544347,0.6895455031510058,0.17357688601802293,-116.3456460842836,-0.15554800379085224,0.6895455031510058,-0.07703086314195595,-6.849032715999437,-1.369056641174025,0.23196004887558885,0.6666666666666666,1.0,0.6666666666666666,0.6666666666666666,0.23623591040963604,0.9593960676031512,-0.06373727397034383,0.10001089668088486,0.2807182968780088,0.34533113729154474,0.22984850105033527,0.1732239543618142,-0.1732239543618142,0.1784945922890313,0.1657197735704298,0.1682747373141501,0.1708297010578704,0.1733846648015907,0.175939628545311,0.21186190128953397,0.24522921029003666,0.2785965192905394,0.3119638282910421,1.0,0.3333333333333333,0.2439787949882351,1.7004408680015335,0.6895455031510058,0.0,0.0,0.0,0.0
ID119_IZDA_aug3_037,0.17857695721173375,0.34533113729154474,0.3464479087236284,0.5533966424842645,-0.9959375599068291,0.49187511981365845,0.16683654500251344,0.16683654500251344,0.1732239543618142,0.16683654500251344,0.16683654500251344,0.24514215207942988,2.995934805605919,0.18068363399662857,0.13197369681145138,0.14226810232344977,0.2263836582090884,0.18805562629552783,0.1354262328747366,0.3171417821658197,0.2539821808204319,0.18781811452722788,0.13540681497569335,0.31281501890007674,0.25342247312926514,0.17841226535544347,0.6895455031510058,0.17357688601802293,-116.3456460842836,-0.15554800379085224,0.6895455031510058,-0.07703086314195595,-6.849032715999437,-1.369056641174025,0.23196004887558885,0.6666666666666666,1.0,0.6666666666666666,0.6666666666666666,0.23623591040963604,0.9593960676031512,-0.06373727397034383,0.10001089668088486,0.2807182968780088,0.34533113729154474,0.22984850105033527,0.1732239543618142,-0.1732239543618142,0.1784945922890313,0.1657197735704298,0.1682747373141501,0.1708297010578704,0.1733846648015907,0.175939628545311,0.21186190128953397,0.24522921029003666,0.2785965192905394,0.3119638282910421,1.0,0.3333333333333333,0.2439787949882351,1.7004408680015335,0.6895455031510058,0.0,0.0,0.0,0.0
ID119_IZDA_aug3_074,0.17992254570407273,0.34796799585033117,0.3529974903147801,0.5584613640499348,-0.998201817227577,0.49640363445515373,0.17217371905462084,0.17217371905462084,0.17649874515739006,0.17217371905462084,0.17217371905462084,0.24968184913174185,2.998201277994101,0.18097720355845254,0.13221015444568238,0.14113151863293005,0.22661417550904053,0.18840639975115625,0.13569186311508702,0.31739607218075494,0.254435400435954,0.18824557639698736,0.135678714917516,0.31446634543048924,0.2540564126119323,0.1717607297806663,0.6909064972362134,0.17665764799323638,-117.56964457398128,-0.15659797951940438,0.6909064972362134,-0.08176183342454121,-6.682913985652955,-1.3701224395523977,0.23466922833943712,0.6666666666666666,1.0,0.6666666666666666,0.6666666666666666,0.23462719184817366,0.9729960508220141,-0.04240498523078201,0.1019015980282503,0.28276862392195645,0.34796799585033117,0.23030216574540444,0.17649874515739006,-0.17649874515739006,0.17579427679571033,0.16714422459017192,0.1688742350312796,0.17060424547238728,0.17233425591349497,0.17406426635460265,0.21022902060663448,0.24466376441755866,0.27909850822848287,0.313533252039407,1.0,0.3333333333333333,0.2448962676345999,1.7180458652981196,0.6909064972362133,0.0,0.0,0.0,0.0
ID11_DCHA,0.3953057281884551,0.5131706839151889,0.515358646797619,0.4951913184763449,-0.9691322099727656,0.43826441994553134,0.23112836521034424,0.23112836521034424,0.2576793233988095,0.23112836521034424,0.23112836521034424,0.36634297342243066,2.9689717512695526,0.2687754606756991,0.19634460020925898,0.22304896458109322,0.3382739295032497,0.2796309578180601,0.20116911888656686,0.4768618693112935,0.3779826528401455,0.278643677267422,0.20108840324794033,0.45887653220543656,0.3756560796286929,0.20123125942278813,1.024153404947948,0.26175082397090005,-109.88105085050026,-0.24615064437938425,1.024153404947948,-0.0890132244167069,-3.279921216149044,-0.9316673882889244,0.34766151409554413,0.6666666666666666,1.0,0.6666666666666666,0.6666666666666666,0.3679354265044479,0.8875672316722251,-0.17569231635798532,0.1487712267289033,0.4144212556247768,0.5131706839151889,0.3413844683159826,0.2576793233988095,-0.2576793233988095,0.2820423187048447,0.2289404023279142,0.2395607856033003,0.2501811688786864,0.2608015521540725,0.2714219354294586,0.3282679917469135,0.3744936647889824,0.42071933783105125,0.4669450108731201,0.6666666666666666,0.3333333333333333,0.3629994160640184,1.4945771951612248,1.024153404947948,0.0,0.0,0.0,0.0
ID11_IZDA,0.6296618559658307,0.6509935550002617,0.6603265790256939,0.5623412289208058,-0.9999294300958023,0.4998588601916047,0.32856191377588817,0.32856191377588817,0.33016328951284696,0.32856191377588817,0.32856191377588817,0.4669268939484958,2.999929429265764,0.3384422796329455,0.24723424205738728,0.2595838552895114,0.4232113240605013,0.35237862477676307,0.2538633020570893,0.591628536307732,0.47575164540649784,0.35231907863503287,0.2538584338310776,0.5905437813901167,0.4756113221132806,0.16510792622681078,1.2926540859750912,0.33017493992533226,-119.51867601409637,-0.28731662818437215,1.2926540859750912,-0.1626795811509853,-1.8796654714374565,-0.730660236460011,0.4391433389920013,0.6666666666666666,1.0,0.6666666666666666,0.6666666666666666,0.4324860710619892,0.994651955712182,-0.008400589514903608,0.19061986407677453,0.5303186137467044,0.6509935550002617,0.43088469532503043,0.33016328951284696,-0.33016328951284696,0.3224316412243735,0.31922888975045594,0.31986944004523943,0.320509990340023,0.32115054063480647,0.32179109092959,0.3881440239795511,0.4538564067347287,0.5195687894899065,0.585281172245084,1.0,0.3333333333333333,0.4581345711927267,1.731500785774525,1.2926540859750912,0.0,0.0,0.0,0.0
ID120_DCHA,0.25304238021160863,0.40944521822153984,0.40820035759899453,0.4825524506810238,-0.9631066355152266,0.42621327103045287,0.18103697155675036,0.18103697155675036,0.20410017879949727,0.18103697155675036,0.18103697155675036,0.2904782074934663,2.9628769486921587,0.215287080249094,0.15725392595105273,0.17984769596981873,0.271078444732392,0.22394618958382892,0.16109650386913743,0.38222419414116793,0.3027321148110089,0.22308859884136037,0.16102639108871872,0.3666014224860475,0.3007111617531089,0.20617229058964542,0.820135297065625,0.20797263659181806,-108.9260114105277,-0.1967292631222748,0.820135297065625,-0.06745527853562827,-5.194802025622174,-1.162597306409501,0.27743991217944236,0.6666666666666666,1.0,0.6666666666666666,1.0,0.2964416395979553,0.8769556823391969,-0.1920764547902053,0.11783729317154049,0.3308201334367742,0.40944521822153984,0.27337843235520837,0.20410017879949727,-0.20410017879949724,0.22840824666478948,0.1822818321792957,0.19150711507639445,0.2007323979734932,0.20995768087059197,0.21918296376769072,0.26461564097613954,0.3008230352874896,0.3370304295988397,0.3732378239101898,0.6666666666666666,0.3333333333333333,0.2904263419019291,1.448954602732362,0.820135297065625,0.0,0.0,0.0,1.0
ID120_IZDA,0.21928058440763923,0.39013260222204404,0.4149310564096059,0.5362649763700691,-0.9882007676128832,0.47640153522576656,0.19437703648392227,0.19437703648392227,0.20746552820480296,0.19437703648392227,0.19437703648392227,0.29398385672966965,2.988177472252493,0.19802964021645145,0.14480252858854395,0.16012364753134845,0.24893644690342953,0.20625674612578146,0.14839133372957117,0.3515198315648977,0.2787882007153876,0.20577005885741667,0.14835154435698394,0.34265382627287305,0.2776412991986902,0.17475437518086587,0.7554667502565262,0.20870043421104945,-113.76398306571612,-0.19100538416242133,0.7554667502565262,-0.08410002652108042,-5.502854682013942,-1.2807263685746584,0.26821762928698734,0.6666666666666666,1.0,0.6666666666666666,0.6666666666666666,0.26491074180638946,0.9307109229524013,-0.10862427162985633,0.1197802785566109,0.313176973657108,0.39013260222204404,0.25182225008550874,0.20746552820480296,-0.20746552820480296,0.19575556573812178,0.16957858229636036,0.17481397898471265,0.18004937567306492,0.18528477236141722,0.19052016904976948,0.2346309730349062,0.27350638033169067,0.3123817876284751,0.3512571949252596,1.0,0.3333333333333333,0.27035814789992874,1.6405382809055464,0.7554667502565262,0.0,0.0,0.0,0.0
ID120_IZDA_aug2_042,0.21865229347718568,0.3900246155536486,0.4163005957190985,0.5339174456636347,-0.9871310321845356,0.4742620643690711,0.1944288207884401,0.1944288207884401,0.20815029785954925,0.1944288207884401,0.1944288207884401,0.29500788271513034,2.987103311421822,0.19759691691584316,0.14449682654635024,0.16022460956246545,0.24846931113451717,0.20581382876981827,0.14806028020023088,0.35108598434419247,0.27820906389140093,0.20530360434242953,0.14801856653487716,0.34179120149822356,0.27700669594864724,0.17497056317785845,0.7537732509418473,0.20950270475117497,-113.4862602389675,-0.19214659347269353,0.7537732509418473,-0.08349293332311092,-5.520202058584223,-1.2856193108091454,0.2685349844364081,0.6666666666666666,1.0,0.6666666666666666,0.6666666666666666,0.26497922738505825,0.9276251137663054,-0.11344147308398486,0.12017563050111155,0.31280084842818956,0.3900246155536486,0.2512577503139491,0.20815029785954925,-0.20815029785954925,0.1955957947652085,0.16815284062299019,0.17364143145143385,0.1791300222798775,0.18461861310832117,0.19010720393676483,0.23448155892289652,0.27336732308058453,0.31225308723827255,0.35113885139596057,1.0,0.3333333333333333,0.26997054992300284,1.6322865905527326,0.7537732509418473,0.0,0.0,0.0,0.0
ID120_IZDA_aug2_056,0.21811372115781616,0.38745073337004304,0.40752256143860244,0.5223766738158011,-0.9818375354668839,0.46367507093376753,0.18776096293224237,0.18776096293224237,0.20376128071930122,0.18776096293224237,0.18776096293224237,0.28904902590964304,2.981782220887586,0.19794887738746084,0.144717495295121,0.16198732158147913,0.24903751197903395,0.2061152726391741,0.14826884472401752,0.35181489112842834,0.27862960607394477,0.20552031096422965,0.14822020332059843,0.34097644578274927,0.27722755080822287,0.1828220810952524,0.7548296386715267,0.20563727781759436,-112.25478445007805,-0.19031912708278415,0.7548296386715267,-0.07788016367906236,-5.650040950081636,-1.2796739951700926,0.26550130839434744,0.6666666666666666,1.0,0.6666666666666666,0.6666666666666666,0.2676101973442344,0.9139420494453114,-0.13476818813472344,0.11764163027371147,0.311103333469895,0.38745073337004304,0.25160987955717556,0.20376128071930122,-0.20376128071930122,0.19968977043780067,0.16768913486368298,0.17408926197850652,0.18048938909333007,0.18688951620815358,0.19328964332297713,0.23724196302424913,0.2747941556106976,0.31234634819714613,0.34989854078359456,1.0,0.3333333333333333,0.26963785661377754,1.5915642875893037,0.7548296386715266,0.0,0.0,0.0,0.0
ID120_IZDA_aug2_061,0.2090589366297339,0.37901581690345343,0.39796108447019796,0.5151202185925787,-0.9784791733967941,0.45695834679358843,0.18194312874416518,0.18194312874416518,0.19898054223509898,0.18194312874416518,0.18194312874416518,0.28243062739949104,2.9784014236467122,0.1938559441215156,0.14172260562197822,0.15955021679216042,0.24400104071107798,0.2018385794281885,0.14517825718482277,0.3448815286883831,0.27287061126253737,0.2012050540068693,0.1451264629821163,0.33334056572684906,0.2713776787084998,0.18577366289351102,0.7390863662401623,0.20115684567907988,-111.56427767454241,-0.1870770373323265,0.7390863662401623,-0.0739341508811488,-5.940056420272016,-1.3075234665804127,0.25973152607090266,0.6666666666666666,1.0,0.6666666666666666,0.6666666666666666,0.26339953557098794,0.9062697519393601,-0.14669978392351446,0.1148814696229321,0.3042060169790767,0.37901581690345343,0.24636212208005412,0.19898054223509898,-0.19898054223509898,0.19707268815928825,0.16299786117742066,0.16981282657379418,0.1766277919701677,0.1834427573665412,0.19025772276291472,0.23346131390812128,0.2698499396569543,0.30623856540578737,0.34262719115462037,1.0,0.3333333333333333,0.2639816512750674,1.5658243076608072,0.7390863662401623,0.0,0.0,0.0,0.0
ID121_DCHA,0.1738164878884597,0.34111875823987564,0.3438447477201776,0.5401582544825634,-0.9899697289890301,0.4799394579780606,-0.1619311854683157,-0.1619311854683157,0.1719223738600888,0.1619311854683157,0.1619311854683157,0.24354517642182133,2.989952904969271,0.17765288475416965,0.1297473734052006,0.1289952594561401,0.221163361271216,0.18502388936586125,0.13343143056359064,0.30714863928337843,0.24959061422450898,0.185395405373191,0.13346180404939692,0.31391656419360764,0.2504661092291667,0.145822152647837,0.6795115269994493,0.17279112873677235,-125.74787965178204,-0.1402365202804909,0.6795115269994493,-0.10094796951770399,-6.5210975280755505,-1.3785247874541078,0.23078301670881993,0.6666666666666666,1.0,0.6666666666666666,0.6666666666666666,0.2165126539413767,0.936134670535755,0.10015124068612304,0.09925942882784174,0.2805995171752615,0.34111875823987564,0.2265038423331498,0.1719223738600888,-0.1719223738600888,0.17918757277155994,0.15920519598801378,0.16320167134472302,0.16719814670143224,0.17119462205814148,0.1751910974148507,0.21157380986522306,0.2439600469588862,0.27634628405254935,0.3087325211462125,1.0,0.3333333333333333,0.24070485931146723,1.6542000791053828,0.6795115269994494,0.0,0.0,0.0,0.0
ID121_IZDA,0.17278903483080593,0.3368220461185759,0.3293050018574588,0.5556650370820471,-0.9969529542151168,0.49390590843023385,-0.1593970514929215,-0.1593970514929215,0.1646525009287294,0.1593970514929215,0.1593970514929215,0.23297238381772878,2.9969514052267687,0.1782329196750687,0.13011230626911974,0.13255643291583533,0.22218642692852322,0.18551391862764982,0.13375869442158167,0.30863859471694227,0.25029281383793134,0.1857093391836992,0.13377467113151692,0.3121985803519186,0.2507533316009704,0.16123890841029953,0.6811611364982689,0.16490392751054245,-123.1643384015754,-0.1380418958812063,0.6811611364982689,-0.09020942461807654,-6.811706059108887,-1.3608996576345704,0.22399117866625776,0.6666666666666666,1.0,0.6666666666666666,0.6666666666666666,0.22179826273028175,0.9648406844269399,0.055200052399276715,0.09506216573394702,0.2772383088210419,0.3368220461185759,0.22705371216608963,0.1646525009287294,-0.1646525009287294,0.17742499462565442,0.16691409575403862,0.1690162755283618,0.17111845530268494,0.1732206350770081,0.17532281485133125,0.2093044049242387,0.241183815222823,0.2730632255214073,0.3049426358199916,1.0,0.3333333333333333,0.23999238517836763,1.7083316097914882,0.6811611364982689,0.0,0.0,0.0,0.0
ID122_DCHA,0.16489682314743484,0.34166073955687726,0.3732523543965227,0.5535283787049686,-0.9959965854295408,0.4919931708590817,0.17979495690363553,0.17979495690363553,0.18662617719826136,0.17979495690363553,0.17979495690363553,0.26410602259831395,2.9959939106375444,0.1706959148227576,0.12487457055354481,0.1350945415388507,0.21430289690122206,0.17789909027489664,0.12801207990540256,0.30260384575174865,0.24042270770218674,0.17764507567828072,0.12799131280898499,0.2979764496716858,0.23982411031725653,0.15889045703761376,0.6517298642741091,0.18700087360164386,-116.37232712031364,-0.1675390207788643,0.6517298642741091,-0.08306625815719193,-7.024594232753334,-1.4930098313957263,0.237647144577743,0.6666666666666666,1.0,0.6666666666666666,0.6666666666666666,0.22407450838599546,0.9596925235590406,-0.06327254199460369,0.10774867364324699,0.2739023476522097,0.34166073955687726,0.21724328809136964,0.18662617719826136,-0.18662617719826136,0.16186578265324172,0.14820334206399005,0.1509358301818404,0.15366831829969071,0.15640080641754106,0.15913329453539138,0.1978247740339688,0.23378376541469592,0.26974275679542303,0.30570174817615015,1.0,0.3333333333333333,0.2344474519285966,1.7008993780808397,0.651729864274109,0.0,0.0,0.0,0.0
ID122_IZDA,0.21988822857072446,0.3764305581211974,0.3575408943435432,0.5573256030925965,-0.9976949548078159,0.4953899096156321,0.17380937056433915,0.17380937056433915,0.1787704471717716,0.17380937056433915,0.17380937056433915,0.2529169233685243,2.9976940685878697,0.20223558606283268,0.14758388366248565,0.15766908871766183,0.2529536687081933,0.21034069445904713,0.15156031055347086,0.3525040561612603,0.2839446240236728,0.21015621997002953,0.15154522874498014,0.34914347555398817,0.2835099011841849,0.18671006589944203,0.7717507800200489,0.17897684103064737,-117.24812095876872,-0.15911616706881537,0.7717507800200489,-0.0819436086747371,-5.7000008330777305,-1.194984716649235,0.24772814630129472,0.6666666666666666,1.0,0.6666666666666666,0.6666666666666666,0.26221133661411544,0.9694235662085413,-0.04801088618411278,0.10321316579777211,0.308938352271056,0.3764305581211974,0.257250260006683,0.1787704471717716,-0.17877044717177162,0.20262118755685826,0.19269903434199334,0.19468346498496633,0.19666789562793932,0.19865232627091228,0.20063675691388527,0.2373830616697261,0.2721449357825939,0.30690680989546176,0.3416686840083296,1.0,0.3333333333333333,0.27073248085562523,1.7141020228515316,0.771750780020049,0.0,0.0,0.0,0.0
ID123_DCHA,0.17266643395682968,0.34016566893079414,0.34292025041436547,0.5589945191851107,-0.998439573596154,0.49687914719230813,-0.1675466439221695,-0.1675466439221695,0.17146012520718273,0.1675466439221695,0.1675466439221695,0.24254438716173554,2.9984391675631716,0.17729414024553553,0.1294941529299889,0.1327908746795817,0.2212541011223672,0.18460970944862445,0.13306072052319565,0.308326026297492,0.24914539235293723,0.184755229769607,0.1330726176132717,0.3109769769588133,0.2494883178570416,0.1572767979302597,0.6775767563780168,0.17159405742439693,-122.26390026181467,-0.1450996499554244,0.6775767563780168,-0.09160028453111121,-6.735312867624348,-1.3866896291007635,0.2292187048059604,0.6666666666666666,1.0,0.6666666666666666,0.6666666666666666,0.22194543750765905,0.9748455526465036,0.039502232896960136,0.09899254944365389,0.278391905095919,0.34016566893079414,0.22585891879267228,0.17146012520718273,-0.1714601252071828,0.17261902500862464,0.16479206243859815,0.16635745495260346,0.16792284746660874,0.16948823998061405,0.17105363249461933,0.20612835379305852,0.2396376825774924,0.2731470113619264,0.30665634014636023,1.0,0.3333333333333333,0.23990722787279647,1.7198963979609905,0.6775767563780168,0.0,0.0,0.0,0.0
ID123_IZDA,0.2103540729124767,0.3674919098409481,0.3469019867806298,0.5624983621647451,-0.9999992720726902,0.49999854414538025,0.1733655535695201,0.1733655535695201,0.1734509933903149,0.1733655535695201,0.1733655535695201,0.24529677701938946,2.9999992720726016,0.19788705026674233,0.14439029634476463,0.15107485820858083,0.24706684738719892,0.20583318393913003,0.14837533284821022,0.3433214249083704,0.2777607025837712,0.20583000691355066,0.14837507310881962,0.34326354888113453,0.27775321577305645,0.1791505231034972,0.7555737427422144,0.17345105652020681,-119.95111600492338,-0.1502869596429625,0.7555737427422144,-0.08659733696396527,-5.851739226237492,-1.2128365411991442,0.24083156641018805,0.6666666666666666,1.0,0.6666666666666666,0.6666666666666666,0.2519433540681996,0.9994568444991487,-0.0008531865621059792,0.10014197772510629,0.30279978096640386,0.3674919098409481,0.25185791424740483,0.1734509933903149,-0.17345099339031486,0.194126356271428,0.19395547662983845,0.19398965255815637,0.19402382848647426,0.19405800441479218,0.19409218034311007,0.228799466985332,0.26347257769923604,0.29814568841314004,0.3328187991270441,1.0,0.3333333333333333,0.2647980821383699,1.732045133938718,0.7555737427422146,0.0,0.0,0.0,0.0
ID123_IZDA_aug2_002,0.21148954871347247,0.36750030466717704,0.3440581496368059,0.56078383125133,-0.9992366756698915,0.49847335133978304,0.1692839531617168,0.1692839531617168,0.17202907481840296,0.1692839531617168,0.1692839531617168,0.24331682340432478,2.9992365785345028,0.1987120804033798,0.14497839225677028,0.15347108764470202,0.24829980207951569,0.20665131134560366,0.14894172333076824,0.3452908867968025,0.27890152999306783,0.20654923573682363,0.1489333780858978,0.3434313705397381,0.2786609840036053,0.18577618725436953,0.7584427643647252,0.17209476941965932,-118.41681213725127,-0.15135889407343983,0.7584427643647252,-0.08189685492417226,-5.918374976296292,-1.2064644483786517,0.2403682552917928,0.6666666666666666,1.0,0.6666666666666666,0.6666666666666666,0.2555593764449279,0.9824090237472362,-0.027628324779259163,0.09932103265484722,0.3026530361812652,0.36750030466717704,0.2528142547882417,0.17202907481840296,-0.17202907481840296,0.19821635150546024,0.19272610819208794,0.1938241568547624,0.19492220551743686,0.19602025418011132,0.19711830284278578,0.23207314213780358,0.2659299327701469,0.29978672340249035,0.33364351403483367,1.0,0.3333333333333333,0.2655118005622804,1.7261031758121816,0.7584427643647251,0.0,0.0,0.0,0.0
ID123_IZDA_aug2_039,0.2078289509499236,0.36543954997414446,0.34545027262492556,0.5619125267070187,-0.9997388325502382,0.4994776651004762,-0.17111333628038072,-0.17111333628038072,0.17272513631246278,0.17111333628038072,0.17111333628038072,0.24428086545410085,2.9997388211811753,0.19661189543124985,0.1434604537021242,0.14896771304144163,0.2453299450238216,0.20452199995755888,0.1474489200818189,0.34064871284099724,0.2759617729199832,0.2045819337200957,0.1474538199979728,0.34174052906542346,0.2761030096599247,0.175722433131386,0.7508683772975079,0.17274769582309657,-120.92597883952912,-0.14818849614511914,0.7508683772975079,-0.08878026820435445,-5.873865317348636,-1.2196977965808642,0.2395300712341879,0.6666666666666666,1.0,0.6666666666666666,0.6666666666666666,0.24867765906708725,0.9897113462274543,0.016160676030470018,0.09972290394581518,0.30139657833925376,0.36543954997414446,0.2502894590991693,0.17272513631246278,-0.17272513631246278,0.19432621369376374,0.19110261362959965,0.19174733364243246,0.1923920536552653,0.1930367736680981,0.19368149368093093,0.22854888094983988,0.26277154820591603,0.2969942154619922,0.3312168827180683,1.0,0.3333333333333333,0.2632039456074089,1.7300154302805573,0.7508683772975078,0.0,0.0,0.0,0.0
ID123_IZDA_aug2_040,0.2103574883483869,0.36750175368484356,0.34693151831231606,0.5624983129181431,-0.9999992501852791,0.4999985003705584,0.17337903695791348,0.17337903695791348,0.17346575915615803,0.17337903695791348,0.17337903695791348,0.24531765986313295,2.9999992501851853,0.19788701822361507,0.1443904004186026,0.151075793647136,0.247067154724939,0.20583329929060032,0.14837534227883012,0.34332352627163154,0.2777609744149547,0.2058300745806283,0.14837507864097702,0.34326478157553003,0.27775337523371835,0.17914089698120753,0.7555737427422146,0.17346582418978454,-119.95038652256879,-0.15030085774273777,0.7555737427422146,-0.08660279628071219,-5.851484155226607,-1.2128683713014852,0.2408434028751349,0.6666666666666666,1.0,0.6666666666666666,0.6666666666666666,0.25194463644564946,0.9994487391396534,-0.0008659184263252653,0.10015050274399062,0.30280502129323905,0.36750175368484356,0.2518579142474049,0.17346575915615803,-0.17346575915615808,0.19412271672693007,0.19394927233044096,0.1939839612097388,0.1940186500890366,0.19405333896833443,0.19408802784763224,0.22879852411851276,0.26347433151009547,0.2981501389016782,0.3328259462932609,1.0,0.3333333333333333,0.2648002318405247,1.7320449633433321,0.7555737427422147,0.0,0.0,0.0,0.0
ID124_DCHA,0.059606240927627265,0.1948842034146833,0.18182436999167534,0.5600442833540478,-0.9989073765535811,0.4978147531071623,0.08917624737108634,0.08917624737108634,0.09091218499583767,0.08917624737108634,0.08917624737108634,0.1285926814414758,2.9989071775100826,0.10554975944211469,0.07700458489144898,0.08170201923286702,0.13190664255710552,0.10976010307240842,0.07910692802512227,0.18343533033031195,0.14813720080968304,0.10969555333217412,0.0791016507272936,0.1822594246189521,0.1479850863004502,0.1874664766141265,0.40282824025237457,0.09096189212537573,-118.10575125276746,-0.08023562780236575,0.40282824025237457,-0.04285218606079186,-21.091720897948942,-2.2691827753092553,0.12735139158976533,0.6666666666666666,1.0,0.6666666666666666,0.6666666666666666,0.13601201770887617,0.9789527916974162,-0.03305485511114309,0.05248817447996393,0.1605250382824187,0.1948842034146833,0.13427608008412484,0.09091218499583767,-0.09091218499583767,0.10570795604359695,0.10223608079409431,0.10293045584399484,0.10362483089389536,0.1043192059437959,0.10501358099369643,0.12354320551781421,0.14137845499203147,0.15921370446624877,0.17704895394046602,1.0,0.3333333333333333,0.1409565428629539,1.723538528669169,0.4028282402523745,0.0,0.0,0.0,0.0
ID124_DCHA_aug3_008,0.0570698844350876,0.19031349022673413,0.1764204393251645,0.5622813679008364,-0.9999028207343398,0.49980564146867956,0.08770814744986562,0.08770814744986562,0.08821021966258225,0.08770814744986562,0.08770814744986562,0.12475010965468362,2.999902819160321,0.10334721649757943,0.07538895217870623,0.07918952573023329,0.12903481575284723,0.10746893521286832,0.07747313184645453,0.17915289672477913,0.14501734850145,0.1074502659758821,0.07747160553320442,0.17881279833988875,0.14497335356341312,0.18447306264187854,0.3945200313550379,0.08821450607718301,-119.43517166767202,-0.07682709839194869,0.3945200313550379,-0.04335200151221617,-21.876339548846683,-2.30606178514204,0.12393262925191044,0.6666666666666666,1.0,0.6666666666666666,0.6666666666666666,0.1320087493310626,0.9937241296408003,-0.009857954435893735,0.05092819406746788,0.15713918669717206,0.19031349022673413,0.13150667711834596,0.08821021966258225,-0.08821021966258225,0.10260534277686852,0.10160119835143525,0.1018020272365219,0.10200285612160856,0.1022036850066952,0.10240451389178186,0.12014697226684164,0.13768860175681474,0.1552302312467879,0.172771860736761,1.0,0.3333333333333333,0.13792496080005195,1.7312934008242,0.3945200313550379,0.0,0.0,0.0,0.0
ID124_DCHA_aug3_028,0.05980384902569767,0.1958028953337483,0.18441749438958344,0.5618731191279276,-0.9997213086101882,0.49944261722037625,0.0913198863095243,0.0913198863095243,0.09220874719479172,0.0913198863095243,0.0913198863095243,0.13040891942583044,2.9997212956641706,0.10556643014939956,0.0770262492572079,0.08115618826972085,0.13187226812203903,0.10979654836555472,0.07913827788015994,0.18336462270404486,0.14817837945596918,0.10976349663694972,0.07913557571877297,0.18276251778006175,0.14810049149766308,0.18254174860994613,0.4029911916116615,0.0922215987730265,-119.04345681360205,-0.08062489362889863,0.4029911916116615,-0.044771082269494736,-20.755972854655706,-2.2744904998010917,0.12827859167799324,0.6666666666666666,1.0,0.6666666666666666,0.6666666666666666,0.13521925808915458,0.9893717423733561,-0.016694052528116864,0.053236745014551154,0.1612197756787783,0.1958028953337483,0.13433039720388715,0.09220874719479172,-0.09220874719479172,0.10448300902422401,0.10270528725368917,0.10306083160779614,0.1034163759619031,0.10377192031601008,0.10412746467011705,0.12274698628612887,0.14101096354803372,0.1592749408099386,0.17753891807184347,1.0,0.3333333333333333,0.14119000085664432,1.7298788754118721,0.40299119161166147,0.0,0.0,0.0,0.0
ID124_DCHA_aug3_068,0.06275007010702245,0.1974297960416855,0.1770420762337331,0.5416569635401931,-0.9906489867920709,0.481297973584142,0.08355562592313659,0.08355562592313659,0.08852103811686655,0.08355562592313659,0.08355562592313659,0.12538444486890218,2.9906343676137386,0.1089033580293291,0.07941159309249607,0.08638777351042803,0.13629697987620865,0.11317083258620783,0.08154796633587703,0.1895798781975674,0.15276752010020284,0.11298619688116197,0.08153287134708542,0.18621636071018108,0.15233241734753566,0.20665039255051013,0.41524731189132347,0.08893784427367614,-114.45079013994453,-0.0809616408786082,0.41524731189132347,-0.036812400767838344,-21.094291720801152,-2.178251099560535,0.128232072493141,0.6666666666666666,1.0,0.6666666666666666,0.6666666666666666,0.14338118282417112,0.9383421126660503,-0.09670063706061593,0.05110764518571803,0.16303184716928285,0.1974297960416855,0.13841577063044114,0.08852103811686655,-0.08852103811686655,0.11387417011854892,0.10394334573108899,0.10592951060858097,0.10791567548607296,0.10990184036356494,0.11188800524105694,0.13058529530317622,0.14729642048780356,0.16400754567243087,0.1807186708570582,1.0,0.3333333333333333,0.14462603512395045,1.6594514695128908,0.4152473118913234,0.0,0.0,0.0,0.0
ID124_DCHA_aug3_077,0.05960721361482298,0.19488947958538846,0.1818401985037909,0.5600392999043874,-0.9989051568314974,0.4978103136629948,0.08918224599307305,0.08918224599307305,0.09092009925189545,0.08918224599307305,0.08918224599307305,0.12860392359429568,2.9989049569782944,0.10554977215679066,0.07700466423993865,0.08170336586945147,0.13190695351633544,0.1097601877359936,0.079106934946838,0.18343687265090045,0.14813740032341707,0.10969556676412057,0.0791016518254294,0.18225966930936496,0.14798511795346597,0.18746085508955257,0.4028282402523745,0.09096991178308418,-118.10382739390809,-0.08024414073693377,0.4028282402523745,-0.042853269737714125,-21.09100157011886,-2.2692478442894677,0.1273577274657398,0.6666666666666666,1.0,0.6666666666666666,0.6666666666666666,0.1360139333429472,0.9789314154878676,-0.03308841441505355,0.05249274377782933,0.16052760436693586,0.19488947958538846,0.1342760800841248,0.09092009925189545,-0.09092009925189545,0.10570723359231542,0.1022315270746706,0.10292666837819957,0.10362180968172853,0.10431695098525749,0.10501209228878645,0.12354368279093002,0.14138013198954463,0.15921658118815926,0.17705303038677386,1.0,0.3333333333333333,0.14095769296118957,1.7235212434227059,0.40282824025237446,0.0,0.0,0.0,0.0
ID124_IZDA,0.11642240389321698,0.26826569127976124,0.24063908911744572,0.4241881427105477,-0.9341981845043921,0.36839636900878425,0.10188319301886048,0.10188319301886048,0.12031954455872286,0.10188319301886048,0.10188319301886048,0.17214349747184693,2.9334602617090884,0.14824112518939783,0.10811374538317917,0.12541194390436217,0.18656637083311167,0.15397239154660658,0.11080945052184865,0.2615301529295928,0.20806403515008723,0.15328684750066932,0.11075340350923535,0.24904156419042778,0.20644851825216212,0.23778185986375708,0.564157984721838,0.12448489859064293,-105.13640931972837,-0.1201661309462489,0.564157984721838,-0.03250524496956786,-12.430965291586945,-1.643593918427306,0.18033690782796674,0.6666666666666666,1.0,0.6666666666666666,1.0,0.20648901311380835,0.8348489924414264,-0.25651864551257797,0.06946652143975182,0.22023352262386495,0.26826569127976124,0.18805266157394598,0.12031954455872286,-0.12031954455872286,0.16638249826090076,0.129509795181176,0.13688433579712095,0.1442588764130659,0.15163341702901087,0.15900795764495582,0.18675913686467285,0.20713577546844494,0.22751241407221706,0.24788905267598915,0.6666666666666666,0.3333333333333333,0.1969961115464101,1.2334611453665483,0.564157984721838,0.0,0.0,0.0,1.0
ID124_IZDA_aug2_049,0.11642460310927395,0.26827822680264235,0.2406775139559393,0.4243281535023147,-0.9342698359838882,0.36853967196777654,0.10191021025158006,0.10191021025158006,0.12033875697796965,0.10191021025158006,0.10191021025158006,0.17216868336285532,2.9335335375453493,0.14824063786180758,0.1081135436821061,0.12540647905952593,0.18656537731808934,0.15397214375804597,0.11080928780087831,0.26152932795779343,0.20806367572050655,0.15328688992915057,0.11075326451511133,0.2490460261163878,0.2064488427327371,0.2377359784096166,0.5641571664519878,0.12450000174434944,-105.14469044391562,-0.12017601022264554,0.5641571664519878,-0.03252655839940044,-12.428915229606021,-1.6436163488053017,0.18034080456522855,0.6666666666666666,1.0,0.6666666666666666,1.0,0.20648093554371882,0.8349410049323959,-0.25637894612489487,0.06947761373517573,0.22024029617470098,0.26827822680264235,0.18805238881732925,0.12033875697796965,-0.12033875697796965,0.1663680165510623,0.1295109230982831,0.13688234178883893,0.14425376047939478,0.1516251791699506,0.15899659786050646,0.1867500586013783,0.2071321006516943,0.22751414270201034,0.24789618475232633,0.6666666666666666,0.3333333333333333,0.19699797216322976,1.2339882706657557,0.5641571664519878,0.0,0.0,0.0,1.0
ID124_IZDA_aug2_064,0.11680793389627689,0.2687531774885256,0.24047745345091445,0.46340565630799224,-0.953826034368037,0.4076520687360742,0.10496490410002701,0.10496490410002701,0.12023872672545723,0.10496490410002701,0.10496490410002701,0.1714096908704539,2.953465118502032,0.1485914621350498,0.10836098830536528,0.12355862513912583,0.18671616050074624,0.15435321368432378,0.11112334383117396,0.261145707100999,0.20851588322831924,0.1537852662714679,0.1110769109929039,0.25079938186243306,0.20717748834612465,0.2296641812311058,0.5657820790146624,0.12311466353500906,-107.59143748563805,-0.11735731026946096,0.5657820790146624,-0.037208629424583306,-12.090989116125753,-1.6246949552120271,0.17848052118947716,0.6666666666666666,1.0,0.6666666666666666,1.0,0.20386784896365098,0.862127083173756,-0.21488128264686682,0.06941986124196058,0.22096528895890766,0.2687531774885256,0.18859402633822078,0.12023872672545723,-0.12023872672545724,0.1637882733884986,0.13324062813763818,0.13935015718781027,0.14545968623798236,0.15156921528815442,0.15767874433832652,0.184781254208504,0.2057742350285094,0.22676721584851484,0.24776019666852023,0.6666666666666666,0.3333333333333333,0.1973220159166879,1.3791606572652986,0.5657820790146624,0.0,0.0,0.0,1.0
ID125_DCHA,0.0427981274278574,0.16709902783266375,0.1618076427804257,0.5538961178462121,-0.9961613168880603,0.49232263377612073,-0.07800424401388693,-0.07800424401388693,0.08090382139021285,0.07800424401388693,0.07800424401388693,0.1144887406210826,2.996158857825861,0.08882909795988503,0.0648361175320988,0.06586885361993286,0.110691797409544,0.09244739959980548,0.06666407088296092,0.15359916122050318,0.12471627037967445,0.09255521854661697,0.06667288567744088,0.15556330414173283,0.12497035081626018,0.16211367736162724,0.33948944071756554,0.08105955195054661,-123.55215582057316,-0.0675536569190263,0.33948944071756554,-0.044801276759595304,-27.57997897490476,-2.718311827608483,0.11067519253214358,0.6666666666666666,1.0,0.6666666666666666,0.6666666666666666,0.11026356952952926,0.9605316019936315,0.06195710703332962,0.046709843058108796,0.13780206405134968,0.16709902783266375,0.11316314690585517,0.08090382139021285,-0.08090382139021285,0.08909478381877682,0.08329562906612498,0.08445546001665534,0.08561529096718572,0.08677512191771608,0.08793495286824646,0.10469563262155421,0.12029648142433158,0.13589733022710898,0.15149817902988638,1.0,0.3333333333333333,0.11944053949958727,1.7021791315846773,0.33948944071756554,0.0,0.0,0.0,0.0
ID125_IZDA,0.023105990312906933,0.12516263758690704,0.12835254547564962,0.5611649989012897,-0.9994063137149459,0.4988126274298918,0.06327320292193277,0.06327320292193277,0.06417627273782481,0.06327320292193277,0.06327320292193277,0.09076794056947694,2.999406254959417,0.06471491257127275,0.047284469990926815,0.05004294511934077,0.08099353194985144,0.06738694651368463,0.048536158556515295,0.11343136576779078,0.09099786765784637,0.06735336643500085,0.04853341319959081,0.11281963586510134,0.0909187346176445,0.16577095685054993,0.24713536728507152,0.06419533151091908,-118.60381128841401,-0.05636036391310842,0.24713536728507152,-0.03073353164507435,-51.25198832738745,-3.841659871668387,0.08479864617132467,0.6666666666666666,1.0,0.6666666666666666,0.6666666666666666,0.08328152557758253,0.984486792093489,-0.024365678423840274,0.03705218834076999,0.10166817951098407,0.12516263758690704,0.0823784557616905,0.06417627273782481,-0.06417627273782481,0.06188943466497428,0.06008329503319021,0.060444522959547026,0.060805750885903835,0.06116697881226065,0.06152820673861746,0.07454407524936082,0.08719871583374739,0.09985335641813395,0.1125079970025205,1.0,0.3333333333333333,0.0877610207949348,1.7274246257433585,0.24713536728507152,0.0,0.0,0.0,0.0
ID126_IZDA,0.11950542750373287,0.27643040404990904,0.2609450829642724,0.4741873582649948,-0.9590750886365589,0.4181501772731176,0.11491195136107774,0.11491195136107774,0.1304725414821362,0.11491195136107774,0.11491195136107774,0.18582365858912223,2.9587920730966135,0.14922865096905882,0.10890838611023788,0.1243030397461303,0.1876897228872094,0.15511681289264712,0.11163218001774444,0.2634967283594185,0.20961188259611543,0.1545382022122369,0.1115848753984493,0.252956149864783,0.20824835922068496,0.2183014705183942,0.5683461291854548,0.1332271743134804,-108.32856565770872,-0.12646840176256272,0.5683461291854548,-0.041895385559480414,-11.40779102978776,-1.6467698239840798,0.1851005606306269,0.6666666666666666,1.0,0.6666666666666666,1.0,0.20500929984954339,0.8703173961967635,-0.2022990641684766,0.07532835694656594,0.22535116369110453,0.27643040404990904,0.18944870972848493,0.1304725414821362,-0.1304725414821362,0.1615184526888313,0.1303972724467144,0.13662150849513777,0.14284574454356117,0.14906998059198454,0.15529421664040793,0.18450084296104685,0.2074832332332624,0.23046562350547795,0.2534480137776935,0.6666666666666666,0.3333333333333333,0.19958743071958288,1.418564912445734,0.5683461291854548,0.0,0.0,0.0,1.0
ID126_IZDA_aug2_020,0.12129602800033495,0.27823590297635686,0.2620210130511836,0.46727726279398735,-0.9557178770511362,0.411435754102272,0.11472898977965579,0.11472898977965579,0.1310105065255918,0.11472898977965579,0.11472898977965579,0.18670211893623664,2.9553861443653715,0.15038495341881136,0.10974922420750685,0.12566504805997197,0.1891900215102837,0.15630982202769259,0.11248541893607643,0.2656612650492189,0.2112324117652543,0.15570440414770312,0.11243592268013611,0.2546323385151275,0.2098057159588721,0.22040714031493028,0.572686695877887,0.13401125394061764,-107.85226114156012,-0.12755863392795178,0.572686695877887,-0.04108297814389189,-11.308180541403226,-1.6347988729932255,0.186523574014658,0.6666666666666666,1.0,0.6666666666666666,1.0,0.207177082038565,0.8650251237951124,-0.21043317929657362,0.07563895120921964,0.22684779613522066,0.27823590297635686,0.190895565292629,0.1310105065255918,-0.1310105065255918,0.16350691319670108,0.13094387970482907,0.13745648640320346,0.14396909310157788,0.15048169979995227,0.15699430649832669,0.18645271115263223,0.2093985091085634,0.23234430706449455,0.2552901050204257,0.6666666666666666,0.3333333333333333,0.20107712284953003,1.3933412910557614,0.572686695877887,0.0,0.0,0.0,1.0
ID126_IZDA_aug2_050,0.11950660005037846,0.276437118695791,0.26096597291301493,0.47426093215537923,-0.9591107018067667,0.4182214036135335,0.11492821191453703,0.11492821191453703,0.13048298645650747,0.11492821191453703,0.11492821191453703,0.18583735235770363,2.958828182041093,0.14922826859809812,0.10890818910739704,0.12429892672688896,0.18768889780873207,0.1551165673347386,0.11163203005957723,0.26349561825952517,0.20961150859867156,0.15453817290295058,0.11158474311980146,0.2529589791764025,0.2082484948233248,0.21827352596994232,0.5683453831743581,0.133235366129882,-108.33371644450357,-0.12647241093648218,0.5683453831743581,-0.04190933141529807,-11.406745848566079,-1.6467851085726073,0.18510413111541557,0.6666666666666666,1.0,0.6666666666666666,1.0,0.20500323560008982,0.8703746271611507,-0.20221102391618867,0.07533438735533089,0.22535525397530928,0.276437118695791,0.18944846105811938,0.13048298645650747,-0.13048298645650747,0.16150890678125399,0.1303993576973131,0.13662126751410128,0.14284317733088944,0.14906508714767763,0.1552869969644658,0.1844945491641614,0.2074801915470688,0.23046583392997622,0.2534514763128836,0.6666666666666666,0.3333333333333333,0.19958840985920537,1.4188328880816177,0.5683453831743581,0.0,0.0,0.0,1.0
ID127_DCHA,0.38793409871720697,0.5084600899684233,0.5110223486483418,0.4929255830321006,-0.9680577281737326,0.43611545634746535,0.22871446020374464,0.22871446020374464,0.2555111743241709,0.22871446020374464,0.22871446020374464,0.3633291182720391,2.9678858416459346,0.2662156561160177,0.1944778510094438,0.22126055333360867,0.33510111396363274,0.27696756369522335,0.1992459527856929,0.472503649923876,0.3743936720187531,0.27597114486603036,0.19916449004231576,0.454351840359635,0.37204556402261224,0.20172915356297222,1.014357921256928,0.2596924178089772,-109.70455416885598,-0.24448580308176449,1.014357921256928,-0.0875605159814461,-3.346563836722374,-0.941242757309978,0.3446785346502591,0.6666666666666666,1.0,0.6666666666666666,0.6666666666666666,0.3649160212060689,0.8856061574317331,-0.1787240102120231,0.14751944527701746,0.4105023689242098,0.5084600899684233,0.3381193070856427,0.2555111743241709,-0.25551117432417086,0.27974562976467865,0.22615220152382615,0.23687088717199664,0.24758957282016714,0.25830825846833766,0.2690269441165081,0.3254885218054276,0.3712314138461765,0.41697430588692547,0.46271719792767435,0.6666666666666666,0.3333333333333333,0.35959889632626657,1.4864240721367896,1.014357921256928,0.0,0.0,0.0,0.0
ID127_IZDA,0.220158340420483,0.38471703394891354,0.38969513552161994,0.5580448387052325,-0.9980159920257949,0.49603198405158994,-0.18983180117320492,-0.18983180117320492,0.19484756776080997,0.18983180117320492,0.18983180117320492,0.2756473565146772,2.998015335543627,0.20000625709332218,0.1460939824457897,0.14940918236790543,0.24956660951597157,0.20827798191595387,0.15012162657157171,0.34781471649601153,0.2810851081133843,0.20846449001721834,0.15013687463909706,0.35121234351504554,0.28152462325610683,0.15521051889620877,0.7644559663251206,0.1950411454172874,-122.55292496883092,-0.16439916226215207,0.7644559663251206,-0.10494743376181256,-5.255036364625264,-1.2311111061040874,0.2598809551563115,0.6666666666666666,1.0,0.6666666666666666,0.6666666666666666,0.24980288885410185,0.9716341670129898,0.04454220441564495,0.11249529569764749,0.3147565231439355,0.38471703394891354,0.2548186554417069,0.19484756776080997,-0.19484756776080997,0.19488523277570863,0.1848536996004985,0.18686000623554053,0.18886631287058256,0.19087261950562456,0.1928789261406666,0.2328515930103496,0.2708179532449906,0.3087843134796316,0.3467506737142726,1.0,0.3333333333333333,0.2708987144183123,1.7165997851988133,0.7644559663251207,0.0,0.0,0.0,0.0
ID127_IZDA_aug2_052,0.22015802817953753,0.38471640383647,0.3896932451842893,0.5580506772865758,-0.9980185972817461,0.49603719456349243,-0.1898341811143925,-0.1898341811143925,0.19484662259214466,0.1898341811143925,0.1898341811143925,0.2756458993169808,2.998017942523106,0.2000063420551327,0.14609404115490798,0.14941146715572862,0.24956699547395383,0.20827803787942206,0.1501216311468944,0.347815735985193,0.2810852399939382,0.20846442233858425,0.1501368691059949,0.3512111106101254,0.28152446376821155,0.1552168519501229,0.7644559663251207,0.19503994474022324,-122.5512471505024,-0.16440122335168,0.7644559663251207,-0.10494197351270063,-5.2551212186469325,-1.2311114390562408,0.2598797258199626,0.6666666666666666,1.0,0.6666666666666666,0.6666666666666666,0.24980621396395472,0.9716528094388623,0.04451295000619399,0.11249475000426414,0.31475541193775497,0.38471640383647,0.2548186554417069,0.19484662259214466,-0.1948466225921447,0.1948822227220775,0.18485733976657315,0.18686231635767403,0.18886729294877488,0.19087226953987577,0.19287724613097662,0.232849058944956,0.2708158951678345,0.308782731390713,0.3467495676135915,1.0,0.3333333333333333,0.2708985223163448,1.7166200575854211,0.7644559663251207,0.0,0.0,0.0,0.0
ID22_DCHA,0.3216869680864029,0.4706157856014632,0.49605980944895534,0.5043377010522627,-0.9734449169191293,0.4468898338382584,0.22437824836014134,0.22437824836014134,0.24802990472447767,0.22437824836014134,0.22437824836014134,0.3523584382029473,2.9733263361956714,0.24025863584544874,0.17566242512514227,0.19944941314451484,0.3026549176491645,0.25015065455292174,0.17989216656504076,0.4283633449455601,0.3382415665044213,0.24927118270286144,0.179820264883208,0.41234196410480106,0.336169049583821,0.18848424326093868,0.9157875473554343,0.25139020701682757,-110.62140936292901,-0.2352831336427268,0.9157875473554343,-0.08853746781573432,-3.886556634598271,-1.0581902784578894,0.32327710261720277,0.6666666666666666,1.0,0.6666666666666666,0.6666666666666666,0.32891417214948115,0.8957934373658778,-0.16295730447227863,0.14320013225975442,0.37711946919393197,0.4706157856014632,0.3052625157851448,0.24802990472447767,-0.24802990472447767,0.24623753724132189,0.19893422451264922,0.20839488705838374,0.2178555496041183,0.22731621214985281,0.23677687469558736,0.29111318691335014,0.33598883658537837,0.3808644862574067,0.42574013592943494,0.6666666666666666,0.3333333333333333,0.3274583780606847,1.527378907967434,0.9157875473554343,0.0,0.0,0.0,0.0
ID22_DCHA_aug2_060,0.3221898808996729,0.4736930028432625,0.5085517097146837,0.488604298244886,-0.9660015728370624,0.4320031456741248,0.22673451959146357,0.22673451959146357,0.25427585485734183,0.22673451959146357,0.22673451959146357,0.36170356788856667,2.9658067093157596,0.23946946718963333,0.1751516700314247,0.20149956734940658,0.3021252213117557,0.24937816997622572,0.17926139402273536,0.4289891281840515,0.33731563336692705,0.2483540628817249,0.17917766761072293,0.4103329201637533,0.33490227666686395,0.18929363107161126,0.9125272988151037,0.2587117813477277,-109.37462664196704,-0.24406084586985757,0.9125272988151037,-0.08582592452985349,-3.884817427636486,-1.0705112727515647,0.3279120980707819,0.6666666666666666,1.0,0.6666666666666666,0.6666666666666666,0.33171710153757955,0.881940296021856,-0.1843866241432326,0.1468062332503085,0.37789958442289734,0.4736930028432625,0.3041757662717013,0.25427585485734183,-0.25427585485734183,0.24695848325179892,0.1918758127200424,0.2028923468263937,0.21390888093274502,0.2249254150390963,0.2359419491454476,0.29230538717009164,0.33765229108838435,0.38299919500667706,0.4283460989249698,0.6666666666666666,0.3333333333333333,0.3277142459011473,1.4708434437346398,0.9125272988151039,0.0,0.0,0.0,0.0
ID22_DCHA_aug2_063,0.3224459839295871,0.4716598921047503,0.49897447233692355,0.49807283352371934,-0.9704951687194244,0.440990337438849,0.22437198166294697,0.22437198166294697,0.24948723616846177,0.22437198166294697,0.22437198166294697,0.35461149733152925,2.9703486348098176,0.240345226983035,0.17573967419017134,0.2005051415059376,0.302915071896138,0.2502458815355197,0.17993784647489622,0.429116838550151,0.33840625835171956,0.24931198671629642,0.17986149541470886,0.41210403187196065,0.33620549113584064,0.1896482316369213,0.9160052039773273,0.2532512764777468,-110.10927063985022,-0.2378127328661431,0.9160052039773273,-0.08707073632595869,-3.8883824288852566,-1.0601029502140078,0.32460211156726354,0.6666666666666666,1.0,0.6666666666666666,0.6666666666666666,0.33045032249795725,0.8901030071094469,-0.17176970419889367,0.14404152296123715,0.3775284138653212,0.4716598921047503,0.3053350679924424,0.24948723616846177,-0.2494872361684618,0.24728791044180332,0.1970574014307737,0.2071035032329796,0.21714960503518554,0.22719570683739146,0.2372418086395974,0.2921623067743927,0.3370367031069821,0.3819110994395715,0.4267854957721609,0.6666666666666666,0.3333333333333333,0.32784446715355087,1.5049302976712928,0.9160052039773273,0.0,0.0,0.0,0.0
ID22_IZDA,0.7996497921812471,0.7184243499382571,0.6893328328473204,0.4565948283114165,-0.9504786729747303,0.4009573459494606,0.2992447263029916,0.2992447263029916,0.3446664164236602,0.2992447263029916,0.2992447263029916,0.4916463536806634,2.950063056588517,0.38500056050661363,0.28105358353081883,0.32428277649509185,0.48482432635207984,0.4002428840903235,0.28794603100610605,0.6823485339210753,0.5410042352600013,0.3985539073341955,0.2878079478266004,0.6515803634113987,0.5370240818243501,0.2197356375116476,1.465940216967451,0.35353122692427336,-107.14209640787645,-0.33782620998155943,1.465940216967451,-0.10420067303082725,-1.7104796561183333,-0.6441831840886182,0.48487160983486266,0.6666666666666666,1.0,0.6666666666666666,1.0,0.5340684291098189,0.8571344045319604,-0.22253387837646116,0.1989932483028239,0.5836144266735415,0.7184243499382571,0.4886467389891503,0.3446664164236602,-0.3446664164236602,0.4191796236352655,0.3283362433939283,0.34650491944219575,0.3646735954904632,0.3828422715387306,0.40101094758699807,0.4790285688958638,0.5388775141564621,0.5987264594170605,0.6585754046776588,0.6666666666666666,0.3333333333333333,0.5162847380342386,1.3541288343128959,1.465940216967451,0.0,0.0,0.0,1.0
ID23_DCHA,0.36283382357455185,0.4933315514287558,0.49796755512975577,0.5599939436333816,-0.9988849538424585,0.4977699076849167,-0.24418092658951404,-0.24418092658951404,0.24898377756487788,0.24418092658951404,0.24418092658951404,0.3521817396401129,2.9988847465440798,0.2569754294171776,0.1876980348767834,0.19305654125516078,0.32077701953840176,0.26757811717090385,0.1928494343358354,0.4472126314268687,0.3611370984028513,0.26775670814008584,0.1928640351340798,0.4504660316713329,0.3615579564501792,0.15814890000152884,0.9820270991565117,0.24912270796326702,-121.91359398806497,-0.21146688554614226,0.9820270991565117,-0.13169616524548466,-3.2112107132322394,-0.9575959630409593,0.33253018316380045,0.6666666666666666,1.0,0.6666666666666666,0.6666666666666666,0.3225395154101401,0.978737844577056,0.03339230686163899,0.14375085100093213,0.403469739657854,0.4933315514287558,0.3273423663855039,0.24898377756487788,-0.24898377756487786,0.24915062483924175,0.2395449228885141,0.24146606327865963,0.24338720366880515,0.2453083440589507,0.2472294844490962,0.29798681015714457,0.34682299547504736,0.3956591807929502,0.444495366110853,1.0,0.3333333333333333,0.3477709128983963,1.7233639217564896,0.9820270991565117,0.0,0.0,0.0,0.0
ID23_DCHA_aug2_008,0.36175408142972526,0.4913763499258797,0.49238113482893214,0.5585476665972319,-0.9982403108707159,0.4964806217414315,-0.24022280938584806,-0.24022280938584806,0.24619056741446607,0.24022280938584806,0.24022280938584806,0.3482683150094045,2.9982397944834727,0.2568856542124862,0.18760764500736873,0.19218931854617488,0.32051846144426244,0.2674634908768882,0.192791456314065,0.4463831243255769,0.3609435715207688,0.2676853981764571,0.19280959846159237,0.45042562023661004,0.36146650654493095,0.15818830021567576,0.981747914948707,0.24640746314087397,-122.40418598302162,-0.20803905549661128,0.981747914948707,-0.13204692075016006,-3.2234062843581777,-0.9546130589875633,0.3302390330230726,0.6666666666666666,1.0,0.6666666666666666,0.6666666666666666,0.32128154695428435,0.9732868224108708,0.04194864871821683,0.1421381903686887,0.4025800112838508,0.4913763499258797,0.32724930498290233,0.24619056741446607,-0.24619056741446604,0.25115354054003164,0.2392180244827956,0.2416051276942428,0.24399223090569003,0.24637933411713722,0.24876643732858444,0.29919810241720124,0.34724266429437084,0.3952872261715405,0.4433317880487101,1.0,0.3333333333333333,0.3472530688272005,1.7183454485005618,0.981747914948707,0.0,0.0,0.0,0.0
ID23_DCHA_aug2_037,0.3638450297243299,0.4958499543489762,0.506045289103455,0.559993728774159,-0.9988848581360272,0.4977697162720544,-0.2481416748883249,-0.2481416748883249,0.2530226445517275,0.2481416748883249,0.2481416748883249,0.3578946284056381,2.998884650802055,0.25681886486450745,0.18761906547138485,0.19291326583977692,0.32064042767091244,0.26746009354349,0.19274881226804905,0.44741828869396216,0.36100232719678765,0.26764158930657034,0.19276365054924033,0.450724605708084,0.3614300305280263,0.15561147235126288,0.9815045739434737,0.2531638407247666,-121.91367614047162,-0.21489699419090846,0.9815045739434737,-0.1338327767709677,-3.1802315527515863,-0.9622654381351053,0.3359198584646613,0.6666666666666666,1.0,0.6666666666666666,0.6666666666666666,0.3222872216510886,0.9787369317725377,0.03339373989197277,0.14608269194301088,0.40486232014111995,0.4958499543489762,0.3271681913144912,0.2530226445517275,-0.2530226445517275,0.24770827946065133,0.2379463401338461,0.23989872799920714,0.2418511158645682,0.24380350372992923,0.2457558915952903,0.29733661443831627,0.34696494941598127,0.3965932843936463,0.4462216193713113,1.0,0.3333333333333333,0.3482551888698525,1.7233631764921362,0.9815045739434737,0.0,0.0,0.0,0.0
ID23_DCHA_aug2_057,0.3623180123751091,0.49396711328598375,0.501602881148584,0.5595345483566871,-0.9986802798305353,0.49736055966107034,-0.24553766833558083,-0.24553766833558083,0.250801440574292,0.24553766833558083,0.24553766833558083,0.3547649077694161,2.9986799894258827,0.25650199626782766,0.18737077027294097,0.1924017994219874,0.32018011379631267,0.26711235962117724,0.19251039533289144,0.44652112999703447,0.36051377870533174,0.2673080896553771,0.19252639734437502,0.4500867534103095,0.3609750257682379,0.15620894439567784,0.9802984587093673,0.25096709841866366,-122.08189647695285,-0.21264185836461094,0.9802984587093673,-0.13329637864521285,-3.199627042607895,-0.9614082178902815,0.3339201619661131,0.6666666666666666,1.0,0.6666666666666666,0.6666666666666666,0.3215023806644112,0.9768678169227463,0.03632795300405946,0.14480027922871344,0.403722948380956,0.49396711328598375,0.32676615290312244,0.250801440574292,-0.250801440574292,0.24842944495040292,0.23790190047298052,0.24000740936846499,0.24211291826394948,0.24421842715943395,0.24632393605491845,0.2975369786175191,0.3466445122846352,0.39575204595175145,0.4448595796188676,1.0,0.3333333333333333,0.3475236262352576,1.7217702647890085,0.9802984587093673,0.0,0.0,0.0,0.0
ID23_IZDA,0.5712823847575663,0.6123975420433146,0.5982956760153164,0.5624667712179161,-0.9999852314342966,0.4999704628685933,-0.298484098593287,-0.298484098593287,0.2991478380076582,0.298484098593287,0.298484098593287,0.42305997100805065,2.9999852313979454,0.3243881445651337,0.23681739137738106,0.2472137156481548,0.4051685935763105,0.3375763852515937,0.2432938815140315,0.5643286145926022,0.4556179710643238,0.337601065980999,0.24329589929999362,0.564778224622989,0.4556761323679536,0.17103622986674846,1.2388969501146274,0.29915004702437653,-120.22018760170405,-0.2584948120074856,1.2388969501146274,-0.15056952812538593,-2.107793886936954,-0.7503308516157715,0.4067458603158542,0.6666666666666666,1.0,0.6666666666666666,0.6666666666666666,0.4123019106238379,0.9975534710921772,0.0038429891625031266,0.17271308480121603,0.5021812210651111,0.6123975420433146,0.4129656500382091,0.2991478380076582,-0.2991478380076582,0.31391344345002764,0.3125859646212852,0.31285146038703365,0.3131169561527822,0.31338245191853065,0.31364794768427917,0.373610263168685,0.43330708288734243,0.49300390260599986,0.5527007223246573,1.0,0.3333333333333333,0.43637995094396287,1.7319356986995296,1.2388969501146274,0.0,0.0,0.0,0.0
ID25_DCHA,0.03601310984590185,0.15072260586746614,0.1428707712146784,0.2372934024050451,-0.8247518043094484,0.1495036086188968,0.05242381895350261,0.05242381895350261,0.0714353856073392,0.05242381895350261,0.05242381895350261,0.10454141747176106,2.819310345786127,0.08146575623495173,0.059473144358837736,0.07490339633310142,0.10340149140634655,0.08461411027457495,0.060767082658199266,0.14701606347467364,0.11454016777896026,0.08390717721923065,0.06070928697591682,0.13413783012608335,0.11287424667093114,0.2683092782073742,0.30929704638772004,0.07865960409745941,-95.2520932696044,-0.07832935835305659,0.30929704638772004,-0.007200342822914721,-44.383916745463274,-3.181441098232649,0.10942917087001058,0.3333333333333333,0.6666666666666666,1.0,1.0,0.12211058211640993,0.72502325855116,-0.41862655874962307,0.041243239110061995,0.122463257463351,0.15072260586746614,0.10309901546257334,0.0714353856073392,-0.0714353856073392,0.09829878691396353,0.060275653606290364,0.067880280267825,0.07548490692935964,0.08308953359089426,0.0906941602524289,0.10878355070466404,0.11926831449536457,0.1297530782860651,0.14023784207676562,0.6666666666666666,0.6666666666666666,0.10956445568081809,0.4703313586816365,0.30929704638772004,0.0,1.0,1.0,1.0
ID25_DCHA_aug3_070,0.03298731932995854,0.14292091718482483,0.1334653195639496,0.14891794518582768,-0.7572659196549816,0.014531839309963046,0.044919479949117824,0.044919479949117824,0.0667326597819748,0.044919479949117824,0.044919479949117824,0.09928809290138829,2.746560670717086,0.07787380566336587,0.05684358416176586,0.07402789421261718,0.0991418518669667,0.08084322925232196,0.05802142341049244,0.1414361759861155,0.10949476317257557,0.08003211998674736,0.057955110747567554,0.12666015962317112,0.10758334590863018,0.29115071777116996,0.2952974319905249,0.07668567222655398,-90.48308380383848,-0.07668294650586684,0.2952974319905249,-0.0006465601417019323,-52.889124629882296,-3.4259912881740098,0.10964391132559081,0.3333333333333333,0.6666666666666666,1.0,1.0,0.12024565716303194,0.6720342644870942,-0.49268050534298435,0.03852811908886287,0.11681346179724039,0.14292091718482483,0.09843247733017496,0.0667326597819748,-0.0667326597819748,0.098001437235707,0.054375077569993054,0.06310034950313584,0.07182562143627863,0.08055089336942142,0.08927616530256421,0.10698533322553057,0.11596922921535413,0.1249531252051777,0.13393702119500128,0.6666666666666666,0.6666666666666666,0.1048607319733473,0.04380618328756939,0.2952974319905249,1.0,1.0,1.0,1.0
ID25_IZDA,0.041435547889404935,0.16448186985007252,0.15940944945359992,0.5588284416063162,-0.9983655247601642,0.4967310495203284,-0.07784277554329484,-0.07784277554329484,0.07970472472679996,0.07784277554329484,0.07784277554329484,0.11275025497564882,2.998365079265863,0.087425905874357,0.06381419841966597,0.06549314415799527,0.1090327733588289,0.09098144871472559,0.0655947911103672,0.15147887750653086,0.12275781895247297,0.09105068411489846,0.06560045148677886,0.15274014210954867,0.1229209754404867,0.16591863913757848,0.33403616009661763,0.07976994238471545,-122.31702213984563,-0.06741382112158334,0.33403616009661763,-0.042645286138657645,-28.734787031828063,-2.7671347326078055,0.10892175327439176,0.6666666666666666,1.0,0.6666666666666666,0.6666666666666666,0.10948343751536743,0.9742553095572708,0.04042864380406233,0.046017544276702974,0.1354027638770319,0.16448186985007252,0.11134538669887255,0.07970472472679996,-0.07970472472679994,0.08663909430677767,0.08291519593976746,0.0836599756131695,0.08440475528657154,0.08514953495997359,0.08589431463337563,0.10220764941543664,0.1177762045240956,0.13334475963275458,0.14891331474141356,1.0,0.3333333333333333,0.1175238243781588,1.7193200131453044,0.33403616009661763,0.0,0.0,0.0,0.0
ID25_IZDA_aug3_021,0.04143589766544056,0.164484097761442,0.15941613318770836,0.5588315885649066,-0.9983669279935581,0.49673385598711595,-0.07784684011793568,-0.07784684011793568,0.07970806659385418,0.07784684011793568,0.07784684011793568,0.11275495593653483,2.9983664832640704,0.08742590914598466,0.06381423027170617,0.0654936534783191,0.10903289440360737,0.09098148286230537,0.06559479390212046,0.1514794995746282,0.12275789942285628,0.0910506913890547,0.0656004520814813,0.15274027462320192,0.12292099258237923,0.16591567274748859,0.3340361600966176,0.07977323092437884,-122.31602677642243,-0.06741734114647788,0.3340361600966176,-0.04264587301080486,-28.734276747082873,-2.7671712015734458,0.10892451438843621,0.6666666666666666,1.0,0.6666666666666666,0.6666666666666666,0.10948416022295401,0.9742663691508617,0.040411285632133725,0.04601947370454633,0.1354038620931981,0.164484097761442,0.11134538669887252,0.07970806659385418,-0.07970806659385418,0.08663725764350631,0.08291480469166929,0.0836592952820367,0.0844037858724041,0.0851482764627715,0.0858927670531389,0.10220662566709345,0.11777599369068058,0.13334536171426772,0.14891472973785486,1.0,0.3333333333333333,0.11752432041275622,1.7193309353680302,0.3340361600966176,0.0,0.0,0.0,0.0
ID25_IZDA_aug3_054,0.04143589766544056,0.164484097761442,0.15941613318770836,0.5588315885649066,-0.9983669279935581,0.49673385598711595,-0.07784684011793568,-0.07784684011793568,0.07970806659385418,0.07784684011793568,0.07784684011793568,0.11275495593653483,2.9983664832640704,0.08742590914598466,0.06381423027170617,0.0654936534783191,0.10903289440360737,0.09098148286230537,0.06559479390212046,0.1514794995746282,0.12275789942285628,0.0910506913890547,0.0656004520814813,0.15274027462320192,0.12292099258237923,0.16591567274748859,0.3340361600966176,0.07977323092437884,-122.31602677642243,-0.06741734114647788,0.3340361600966176,-0.04264587301080486,-28.734276747082873,-2.7671712015734458,0.10892451438843621,0.6666666666666666,1.0,0.6666666666666666,0.6666666666666666,0.10948416022295401,0.9742663691508617,0.040411285632133725,0.04601947370454633,0.1354038620931981,0.164484097761442,0.11134538669887252,0.07970806659385418,-0.07970806659385418,0.08663725764350631,0.08291480469166929,0.0836592952820367,0.0844037858724041,0.0851482764627715,0.0858927670531389,0.10220662566709345,0.11777599369068058,0.13334536171426772,0.14891472973785486,1.0,0.3333333333333333,0.11752432041275622,1.7193309353680302,0.3340361600966176,0.0,0.0,0.0,0.0
ID25_IZDA_aug3_063,0.04143589766544056,0.164484097761442,0.15941613318770836,0.5588315885649066,-0.9983669279935581,0.49673385598711595,-0.07784684011793568,-0.07784684011793568,0.07970806659385418,0.07784684011793568,0.07784684011793568,0.11275495593653483,2.9983664832640704,0.08742590914598466,0.06381423027170617,0.0654936534783191,0.10903289440360737,0.09098148286230537,0.06559479390212046,0.1514794995746282,0.12275789942285628,0.0910506913890547,0.0656004520814813,0.15274027462320192,0.12292099258237923,0.16591567274748859,0.3340361600966176,0.07977323092437884,-122.31602677642243,-0.06741734114647788,0.3340361600966176,-0.04264587301080486,-28.734276747082873,-2.7671712015734458,0.10892451438843621,0.6666666666666666,1.0,0.6666666666666666,0.6666666666666666,0.10948416022295401,0.9742663691508617,0.040411285632133725,0.04601947370454633,0.1354038620931981,0.164484097761442,0.11134538669887252,0.07970806659385418,-0.07970806659385418,0.08663725764350631,0.08291480469166929,0.0836592952820367,0.0844037858724041,0.0851482764627715,0.0858927670531389,0.10220662566709345,0.11777599369068058,0.13334536171426772,0.14891472973785486,1.0,0.3333333333333333,0.11752432041275622,1.7193309353680302,0.3340361600966176,0.0,0.0,0.0,0.0
ID25_IZDA_aug3_071,0.04296478782548669,0.1668337651268196,0.15971028632200082,0.5621183852977134,-0.9998303646895119,0.4996607293790237,-0.07925460966896555,-0.07925460966896555,0.07985514316100041,0.07925460966896555,0.07925460966896555,0.11293541986231712,2.9998303598932172,0.08923169582271191,0.06512170235114757,0.06770625339914053,0.1113769723182031,0.092836363189507,0.06692247720271305,0.15481707169903855,0.12527579055730526,0.09285869364675392,0.06692430284094358,0.15522386670888108,0.12532841333367478,0.17365788465406898,0.34079100905845805,0.07986191714884534,-120.74626494366018,-0.06863650534034396,0.34079100905845805,-0.040828371818552506,-28.247004500029938,-2.7026892205047743,0.1099017348820632,0.6666666666666666,1.0,0.6666666666666666,0.6666666666666666,0.11299646952745114,0.9917081672926651,0.013024412097602292,0.046104388400179684,0.1373116377235072,0.1668337651268196,0.113597003019486,0.07985514316100041,-0.07985514316100041,0.08757915545785405,0.08637808847378434,0.08661830187059828,0.08685851526741223,0.08709872866422616,0.0873389420610401,0.10343007739164715,0.11928099932544026,0.1351319212592334,0.1509828431930265,1.0,0.3333333333333333,0.11967287053392217,1.7307287246314738,0.340791009058458,0.0,0.0,0.0,0.0
ID25_IZDA_aug3_072,0.037317135953121465,0.1557626719741837,0.1500972784694493,0.5473577360124888,-0.9932241933385259,0.4864483866770516,-0.07146982585237438,-0.07146982585237438,0.07504863923472466,0.07146982585237438,0.07146982585237438,0.10625541074420203,2.993216524080935,0.08297568659451533,0.060557884728317656,0.06094196719582379,0.1033120158372001,0.08635564878458324,0.06228377498016387,0.1431546427688747,0.11647851733765717,0.08648872469173796,0.06229465467066812,0.14557889294710316,0.11679211699327266,0.15943994396417774,0.3171907374531018,0.07530419620884961,-124.72166104943992,-0.06189468479220603,0.3171907374531018,-0.04289253969088773,-31.45340871929512,-2.9000393364748347,0.10301923000030179,0.6666666666666666,1.0,0.6666666666666666,0.6666666666666666,0.10215143243535033,0.9475370994506676,0.08231528813940958,0.043329352064483385,0.128749818084795,0.1557626719741837,0.10573024581770059,0.07504863923472466,-0.07504863923472466,0.08429284612180932,0.07713521935710878,0.07856674471004889,0.079998270062989,0.0814297954159291,0.0828613207688692,0.0985868112922842,0.11288077646275907,0.12717474163323395,0.14146870680370882,1.0,0.3333333333333333,0.11153046811390668,1.6793879599277606,0.3171907374531018,0.0,0.0,0.0,0.0
ID26_DCHA,0.10520581998524235,0.25629697055058437,0.23150947843746184,0.5591235508921156,-0.9984970972353314,0.4969941944706627,-0.11316193221060047,-0.11316193221060047,0.11575473921873092,0.11316193221060047,0.11316193221060047,0.163742983359763,2.9984967205938364,0.14070983870256323,0.10260184522249441,0.1055945650876246,0.17532402771611721,0.14629681406250022,0.10552006313724253,0.24242046217712987,0.19732243676063146,0.14639322594761997,0.10552794534141802,0.24417680210884332,0.19754963591799388,0.18088394419544473,0.5373814332142913,0.11584182144692233,-122.22175884505003,-0.09800110803571255,0.5373814332142913,-0.06176658012156114,-11.783374205445806,-1.6670331215762102,0.1650139775363664,0.6666666666666666,1.0,0.6666666666666666,0.6666666666666666,0.1765343373966333,0.9753137906105553,0.03876728988036723,0.06683102984790923,0.21309235422764145,0.25629697055058437,0.17912714440476374,0.11575473921873092,-0.11575473921873093,0.1431350383399839,0.137949424323723,0.1389865471269752,0.14002366993022736,0.14106079273347955,0.1420979155367317,0.165767424782104,0.18839981122422408,0.21103219766634418,0.23366458410846427,1.0,0.3333333333333333,0.18726613858823343,1.7203441777782402,0.5373814332142912,0.0,0.0,0.0,0.0
ID26_IZDA,0.2509336668307601,0.40781290741541876,0.4042935908958556,0.5604225043865628,-0.9990758144974068,0.49815162899481397,0.1985971368379946,0.1985971368379946,0.2021467954479278,0.1985971368379946,0.1985971368379946,0.28592281121349317,2.9990756721003953,0.21456030646881444,0.15668102754235536,0.16621532788664084,0.268413488706168,0.2233029543426823,0.16087152543583255,0.37497030898520134,0.3014879568354952,0.22317096253725985,0.16086073437663337,0.3725658079401847,0.301176911916775,0.17443350352755368,0.8191451313504007,0.20224027081322743,-118.25791586510766,-0.17813835468248626,0.8191451313504007,-0.09574890980906411,-4.831839016604253,-1.1442790645344045,0.2725023963710142,0.6666666666666666,1.0,0.6666666666666666,0.6666666666666666,0.2765980357267334,0.9806435096123074,-0.030400419447650734,0.11670950676768133,0.3328725235268031,0.40781290741541876,0.27304837711680024,0.2021467954479278,-0.2021467954479278,0.20921577057742416,0.2021164533575578,0.20353631680153106,0.20495618024550433,0.20637604368947762,0.2077959071334509,0.24893519794502306,0.288654625312622,0.3283740526802209,0.36809348004781983,1.0,0.3333333333333333,0.289213685032803,1.7248502688921181,0.8191451313504007,0.0,0.0,0.0,0.0
ID27_DCHA,0.2260254509912517,0.3897929064612525,0.3949795126436159,0.5517069442090837,-0.9951798524931607,0.4903597049863211,0.18955445681159802,0.18955445681159802,0.19748975632180796,0.18955445681159802,0.18955445681159802,0.2795180596325176,2.9951759739552806,0.20292400540971575,0.14824453260893905,0.16031011370196457,0.2543634467083471,0.21122971290217235,0.15209409062966076,0.3567594510069368,0.2853130306677456,0.21093464381975702,0.1520699671022493,0.35138416339155165,0.2846176864494971,0.17739345964029996,0.7743992067401415,0.19796744880660888,-116.0189071284967,-0.17790331692436415,0.7743992067401415,-0.08684192889558909,-5.393538730389117,-1.2242477490228856,0.2628542524887093,0.6666666666666666,1.0,0.6666666666666666,0.6666666666666666,0.26606836842359044,0.9557656347610746,-0.06942728215074721,0.11402076397458942,0.31623579855838335,0.3897929064612525,0.2581330689133805,0.19748975632180796,-0.19748975632180799,0.20023844964965445,0.18436785062923458,0.18754197043331855,0.19071609023740252,0.19389021004148652,0.19706432984557049,0.23814934101197405,0.27606023237429367,0.3139711237366133,0.3518820150989329,1.0,0.3333333333333333,0.2744846389091454,1.6945570149619902,0.7743992067401415,0.0,0.0,0.0,0.0
ID27_IZDA,0.25298813786093555,0.40870033528889727,0.4029130665217442,0.5581768697978401,-0.9980749027998098,0.49614980559961974,-0.1963483614932082,-0.1963483614932082,0.2014565332608721,0.1963483614932082,0.1963483614932082,0.2849941340178665,2.998074284736597,0.2154153714272485,0.15727877982007715,0.16105965946903394,0.26868772430023546,0.22423328900548167,0.16165144870950038,0.37369207715120867,0.30257117259486954,0.22442323313479456,0.16166697769129887,0.3771522984578722,0.3030187848998488,0.16150485697164607,0.8231879393449476,0.20165072538900708,-122.51471287452762,-0.17004266904456855,0.8231879393449476,-0.10839052428193188,-4.651593025541053,-1.1307601512746785,0.2726902861260414,0.6666666666666666,1.0,0.6666666666666666,0.6666666666666666,0.26928780801398533,0.9720587458385821,0.0438759296219478,0.11631098370817332,0.33569838032944527,0.40870033528889727,0.2743959797816492,0.2014565332608721,-0.2014565332608721,0.21235197379568907,0.20213563026036127,0.20417889896742683,0.2062221676744924,0.20826543638155795,0.2103087050886235,0.2516216460943307,0.29089131839297233,0.330160990691614,0.3694306629902556,1.0,0.3333333333333333,0.290395212231501,1.7170582008446367,0.8231879393449476,0.0,0.0,0.0,0.0
ID27_IZDA_aug1_002,0.2541264130197383,0.4088626777636106,0.4008553957204858,0.556862267108744,-0.997488030948705,0.49497606189740967,-0.19462071684281254,-0.19462071684281254,0.2004276978602429,0.19462071684281254,0.19462071684281254,0.2835665110625499,2.9974869784024465,0.21607173298796253,0.15774297795164646,0.16108159402223504,0.26941969688998796,0.2249035208269716,0.16214928237295279,0.37442946458474513,0.3034524565987375,0.22511944973528966,0.16216693575397154,0.3783630518558506,0.303961303261772,0.1615656768796024,0.825732637570346,0.20067990720340492,-122.87284215395718,-0.16854648488861362,0.825732637570346,-0.10892432045626699,-4.633772935352054,-1.124275142572219,0.2721891800058515,0.6666666666666666,1.0,0.6666666666666666,0.6666666666666666,0.26943723150601834,0.9680795316226981,0.05011954759667516,0.11571698531266822,0.336265329269358,0.4088626777636106,0.2752442125234487,0.2004276978602429,-0.20042769786024292,0.21424196092079809,0.20262799888593735,0.2049507912929095,0.20727358369988164,0.2095963761068538,0.21191916851382595,0.2531661042893606,0.2920902476579231,0.3310143910264856,0.36993853439504815,1.0,0.3333333333333333,0.29104776985902636,1.712492450775849,0.8257326375703461,0.0,0.0,0.0,0.0
ID29_DCHA,0.1865440444915571,0.3424481217445617,0.3162682532461121,0.40853834494210917,-0.926113362559834,0.3522267251196679,0.13234623401937332,0.13234623401937332,0.15813412662305604,0.13234623401937332,0.13234623401937332,0.22658957349258504,2.925180366295214,0.18688040578222206,0.13635255902068047,0.15985001624637052,0.2355235282045114,0.19415749178720573,0.13967362849163403,0.3312333586936818,0.2624544995882439,0.19319858534666087,0.13959523259324255,0.31376491411120483,0.2601947913063179,0.23663474942876314,0.7110761119875729,0.16432117397844365,-104.22734629974964,-0.15928114096568574,0.7110761119875729,-0.04038522440600392,-7.721332328814841,-1.3214123082402653,0.23238835089855725,0.6666666666666666,1.0,0.6666666666666666,1.0,0.2628132632662071,0.8247482922194405,-0.27182096578477233,0.09129878057388778,0.27964264192036814,0.3424481217445617,0.23702537066252435,0.15813412662305604,-0.15813412662305604,0.21010188772518837,0.1585261025178229,0.168841259559296,0.1791564166007691,0.18947157364224218,0.19978673068371527,0.23657113452906303,0.26304038133293767,0.28950962813681236,0.31597887494068705,0.6666666666666666,0.6666666666666666,0.2493618819383836,1.1742079140638846,0.711076111987573,0.0,0.0,1.0,1.0
ID29_IZDA,0.46847580973824526,0.5412449059005416,0.49065792219187604,0.540657466698957,-0.9901960907858798,0.4803921815717599,0.23123518949716748,0.23123518949716748,0.24532896109593802,0.23123518949716748,0.23123518949716748,0.34751959239815694,2.990180018780688,0.29715940207130703,0.21671959431180582,0.23611298500602185,0.37201524882123177,0.3088404977271078,0.22252100273282294,0.5179143599034866,0.4169327109781759,0.3083164297636908,0.222478157281929,0.5083673886982455,0.4156977200894374,0.20514618314699848,1.133076795509749,0.2465404679683382,-114.3175651086598,-0.22466667683279745,1.133076795509749,-0.10152382314981323,-2.812687929954663,-0.8021532673784766,0.35270582427519614,0.6666666666666666,1.0,0.6666666666666666,0.6666666666666666,0.39178603676868684,0.9368618345406645,-0.09901469191044449,0.14164074172875105,0.4461444381030828,0.5412449059005416,0.37769226516991633,0.24532896109593802,-0.24532896109593805,0.31000971640337416,0.2818221732058331,0.2874596818453413,0.2930971904848495,0.29873469912435774,0.3043722077638659,0.3562567543028076,0.40250379220224114,0.44875083010167466,0.4949978680011082,1.0,0.3333333333333333,0.3951690818448247,1.6559497630365938,1.133076795509749,0.0,0.0,0.0,0.0
ID30_DCHA,0.7184343284413826,0.6954535987410907,0.7073357627054639,0.5324703439648059,-0.9864704371352697,0.47294087427053944,0.32975483869711647,0.32975483869711647,0.35366788135273197,0.32975483869711647,0.32975483869711647,0.5013039076440147,2.9864397905887237,0.3615900359391464,0.26418742567876063,0.29221375551646145,0.45414755090011344,0.37634520321735593,0.27086010647397724,0.6388428790703273,0.5085337772502392,0.37545601188373673,0.2707874101706743,0.6226444379317765,0.5064383559079296,0.18614865382036347,1.3790250335178083,0.35608492123042496,-113.32042682378643,-0.32699467217563055,1.3790250335178083,-0.14096437669294276,-1.7338288869686513,-0.6910588880195289,0.47051265218455596,0.6666666666666666,1.0,0.6666666666666666,0.6666666666666666,0.4835880538282182,0.9257825202642936,-0.11631664912956417,0.20419024650272444,0.5622202722844538,0.6954535987410907,0.4596750111726027,0.35366788135273197,-0.35366788135273197,0.3656987600439742,0.3178726747327432,0.32743789179498944,0.3370031088572356,0.34656832591948183,0.356133542981728,0.4316497277833975,0.4976006955228208,0.5635516632622442,0.6295026310016674,1.0,0.3333333333333333,0.489365006391406,1.6271946596024136,1.379025033517808,0.0,0.0,0.0,0.0
ID30_DCHA_aug0_025,0.7184296134335386,0.6954473588099096,0.7073170429119207,0.5324764961514359,-0.9864732474779567,0.4729464949559134,0.32974862937829963,0.32974862937829963,0.35365852145596033,0.32974862937829963,0.32974862937829963,0.5012904003421197,2.9864426136907003,0.36158999936568365,0.264187314855956,0.2922115538658153,0.454147077776411,0.37634508663426236,0.27086009694266533,0.6388407552705251,0.5085335025166772,0.37545601245288746,0.2707874102172056,0.6226444483000217,0.5064383572491602,0.18614984433720821,1.379025033517808,0.3560749901578487,-113.32112375552377,-0.326983837786704,1.379025033517808,-0.14096442261148912,-1.7338475941626588,-0.6910537188432057,0.47050524816061756,0.6666666666666666,1.0,0.6666666666666666,0.6666666666666666,0.4835849032502634,0.925790263950264,-0.11630456793283442,0.20418484256380373,0.5622172716702496,0.6954473588099096,0.45967501117260273,0.35365852145596033,-0.3536585214559603,0.36569872943160997,0.3178789452762886,0.3274429021073529,0.33700685893841714,0.34657081576948146,0.3561347726005457,0.43164845530726986,0.49759818118292976,0.5635479070585898,0.6294976329342497,1.0,0.3333333333333333,0.48936340056360933,1.6272163159372746,1.3790250335178083,0.0,0.0,0.0,0.0
ID30_IZDA,0.4445596122930545,0.5374634007679513,0.519041346122247,0.5059806482001641,-0.9742154448022141,0.44843088960442834,0.23514460531241338,0.23514460531241338,0.2595206730611235,0.23514460531241338,0.23514460531241338,0.36863307617463803,2.9741036748595837,0.28690499843875494,0.20945040557622865,0.23533198642497966,0.3604933576893925,0.2983535496790984,0.21474690032526914,0.5059785119455438,0.40311925418622807,0.2974471410508858,0.21467279641302708,0.4894664225262543,0.40098325947665325,0.20558919784516666,1.093348856181607,0.26293261072519636,-110.75968656533287,-0.24586178959292218,1.093348856181607,-0.09319623490749662,-2.957363257322067,-0.8586952598575227,0.3593972207584858,0.6666666666666666,1.0,0.6666666666666666,0.6666666666666666,0.3888256864759124,0.8973298507259206,-0.16057569927540757,0.1498343304521125,0.4372439245171662,0.5374634007679513,0.3644496187272024,0.2595206730611235,-0.2595206730611235,0.3023187954555379,0.2535666599581178,0.2633170870576018,0.27306751415708586,0.28281794125656984,0.2925683683560539,0.3493477165180206,0.39637663758050323,0.443405558642986,0.4904344797054686,1.0,0.3333333333333333,0.3849500453708483,1.5332523853760007,1.0933488561816072,0.0,0.0,0.0,0.0
ID32_DCHA,0.2484410276976923,0.40637624563040164,0.4057876317361982,0.5237871046062252,-0.9824875839997107,0.4649751679994214,0.18725450256650267,0.18725450256650267,0.2028938158680991,0.18725450256650267,0.18725450256650267,0.2877863396273826,2.9824361693082833,0.21332551303144529,0.1558150349033921,0.17338225076946595,0.2679767644835593,0.22195949534126785,0.15975119434421045,0.3766627313386521,0.2999143918715595,0.22137795738928887,0.15970365040429466,0.36606882659755985,0.29854397024252705,0.19326251677635992,0.8133411051550068,0.2046940763167185,-112.39548580521006,-0.18925524142946246,0.8133411051550068,-0.07798793798165493,-5.112283490373816,-1.1654470660453946,0.2735773732253138,0.6666666666666666,1.0,0.6666666666666666,0.6666666666666666,0.286753015019932,0.9155053978356671,-0.13233448530254485,0.11714079920835738,0.32923238319178655,0.40637624563040164,0.2711137017183356,0.2028938158680991,-0.20289381586809907,0.21912174306389898,0.18784311646070612,0.19409884178134468,0.20035456710198327,0.20661029242262183,0.21286601774326042,0.2565726435771995,0.2940235440905,0.3314744446038006,0.3689253451171011,1.0,0.3333333333333333,0.2877736539352252,1.596555125724771,0.8133411051550068,0.0,0.0,0.0,0.0
ID32_IZDA,0.22374523818969694,0.3793999661903152,0.3593328860048186,0.5610440648999905,-0.9993524984751043,0.4987049969502088,0.17702605719943154,0.17702605719943154,0.1796664430024093,0.17702605719943154,0.17702605719943154,0.2541141569386742,2.999352428583648,0.20404601720006432,0.1488952866903407,0.1574917735076295,0.2549965190433245,0.2122315635092407,0.15295385394299416,0.35486801170714594,0.2864481771400141,0.21213338243679286,0.15294582709798185,0.3530794424050894,0.28621680880921774,0.18304389122027967,0.778867012566127,0.1797246384130559,-118.54189127385636,-0.15788234502884585,0.778867012566127,-0.08587264279673801,-5.552436153564825,-1.1804594490651004,0.2491526839368681,0.6666666666666666,1.0,0.6666666666666666,0.6666666666666666,0.2622627233250201,0.9837987919317372,-0.025446051263324235,0.10373046923178357,0.3119526882722608,0.3793999661903152,0.25962233752204233,0.1796664430024093,-0.17966644300240928,0.20237390899088364,0.19709313738492812,0.19814929170611922,0.19920544602731033,0.20026160034850143,0.20131775466969254,0.23777912043076993,0.27318433187065627,0.30858954331054256,0.3439947547504289,1.0,0.3333333333333333,0.2730965874250946,1.7270053944297377,0.778867012566127,0.0,0.0,0.0,0.0
ID36_DCHA,0.3357388772542021,0.4789068451075401,0.4967758261932771,0.5565604411780154,-0.9973531904784747,0.49470638095694947,0.24100025675476128,0.24100025675476128,0.24838791309663855,0.24100025675476128,0.24100025675476128,0.3514288913527997,2.997352021847092,0.2462118556586122,0.17993884807870222,0.19306698960766192,0.3085632116200937,0.25639695829632947,0.18460866043264684,0.4332448768186607,0.3463336547219243,0.25612225297799934,0.1845862017554362,0.4282405568695372,0.3456862986747931,0.1685820398416495,0.9399447091293434,0.24871728482592495,-117.05099339528422,-0.22150814080118536,0.9399447091293434,-0.1131124720355034,-3.547362586156445,-1.0161831028330992,0.32590632961962884,0.6666666666666666,1.0,0.6666666666666666,0.6666666666666666,0.32070255938499165,0.9672332599476022,-0.05144715270571373,0.14340682848979364,0.38754489085148053,0.4789068451075401,0.3133149030431144,0.24838791309663855,-0.24838791309663857,0.23790658835277884,0.2231312756690243,0.2260863382057752,0.2290414007425261,0.23199646327927703,0.23495152581602793,0.28610663970373107,0.33430669105468336,0.38250674240563565,0.4307067937565879,1.0,0.3333333333333333,0.334533943098057,1.7114437344317233,0.9399447091293431,0.0,0.0,0.0,0.0
ID36_IZDA,0.36147194244291897,0.4949453287803628,0.5078825170094323,0.545230140588665,-0.9922646716231986,0.48452934324639724,0.24099637182000833,0.24099637182000833,0.25394125850471616,0.24099637182000833,0.24099637182000833,0.35959347286133825,2.9922546732755206,0.2560522936725416,0.1871019348302482,0.2042775673431518,0.321295068949839,0.2665638818792032,0.19188318298884302,0.451609693422044,0.3601389772592663,0.266082534473083,0.19184383017949097,0.4428409646564384,0.3590046593799584,0.17840962234969526,0.976953469331656,0.2549291529911768,-114.95427582071973,-0.23113018165214322,0.976953469331656,-0.10755329922529633,-3.3776973096182386,-0.9763745960208231,0.3355143691192287,0.6666666666666666,1.0,0.6666666666666666,0.6666666666666666,0.3385960431285932,0.9439363980079971,-0.08795071561278749,0.1466130539560502,0.4002404959439955,0.4949453287803628,0.32565115644388537,0.25394125850471616,-0.25394125850471616,0.25394895696035447,0.22805918359093882,0.23323713826482195,0.23841509293870508,0.2435930476125882,0.24877100228647134,0.30214823132435614,0.35034750568835776,0.3985467800523595,0.4467460544163611,1.0,0.3333333333333333,0.347117627730101,1.6719545625399437,0.976953469331656,0.0,0.0,0.0,0.0
ID40_DCHA,0.15461909108907718,0.3280292843203901,0.34969236937125736,0.5531119080999082,-0.9958099582612983,0.49161991652259646,0.16829806702085753,0.16829806702085753,0.17484618468562868,0.16829806702085753,0.16829806702085753,0.24744319002176102,2.9958070280923956,0.16618256058805375,0.12151458926137618,0.131407128811984,0.20851950545971096,0.1731232922926421,0.12460367175266303,0.29375145783995604,0.23392407634223775,0.17287980468786984,0.12458376529597844,0.2893158324748086,0.23335028631039947,0.16501236425773355,0.6343954835899128,0.1752136462550107,-116.28861883536435,-0.15709207393720154,0.6343954835899128,-0.07760091584565762,-7.618845247613277,-1.521592828456351,0.2257494795844981,0.6666666666666666,1.0,0.6666666666666666,0.6666666666666666,0.21801327886140875,0.958762431504048,-0.06473053173504485,0.10094749179502674,0.2640189152417445,0.3280292843203901,0.2114651611966376,0.17484618468562868,-0.17484618468562868,0.15973121729953255,0.14663498196999025,0.14925422903589872,0.15187347610180718,0.15449272316771562,0.15711197023362408,0.19339083070370405,0.22705044410787556,0.26071005751204707,0.2943696709162186,1.0,0.3333333333333333,0.22702356051672784,1.699449736370658,0.6343954835899128,0.0,0.0,0.0,0.0
ID40_DCHA_aug2_005,0.15713578173265821,0.33025186694892117,0.35073548815931854,0.5525688327666369,-0.9955664919022301,0.4911329838044601,0.16861115191166948,0.16861115191166948,0.17536774407965927,0.16861115191166948,0.16861115191166948,0.24819144707790966,2.9955632110528705,0.16766402224037752,0.12258930240716143,0.13267202105994422,0.21037539780205877,0.17465464654941557,0.1257081308229077,0.2962907079257068,0.23598964370918948,0.17440340695238485,0.12568759059803494,0.291713864146077,0.2353975857417454,0.16627480049201146,0.640020112687445,0.17575778866600048,-116.18215918600613,-0.15772430183784317,0.640020112687445,-0.07754898378784492,-7.522118836202396,-1.5064551229951775,0.22691139499238175,0.6666666666666666,1.0,0.6666666666666666,0.6666666666666666,0.22009662973047145,0.9575795465111794,-0.06658459354663092,0.10124861425156868,0.2659381099078068,0.33025186694892117,0.21334003756248165,0.17536774407965927,-0.1753677440796593,0.1616407150372517,0.14812753070127208,0.150830167568468,0.15353280443566392,0.15623544130285985,0.15893807817005576,0.19536294541958557,0.22908517580191945,0.2628074061842534,0.29652963656658726,1.0,0.3333333333333333,0.22886370160181818,1.6975589326947091,0.640020112687445,0.0,0.0,0.0,0.0
ID40_DCHA_aug2_021,0.15462020500677018,0.32572031422795666,0.3400163166595366,0.5585517772014932,-0.9982421442549545,0.4964842885099087,0.16588924360086812,0.16588924360086812,0.1700081583297683,0.16588924360086812,0.16588924360086812,0.2404983964903862,2.9982416289434926,0.16686687627715957,0.12196390287367248,0.13026531997738924,0.20907192916998302,0.173793148602897,0.12513706897892143,0.2935603091600192,0.23474838528716543,0.17363998936951963,0.12512454736556075,0.2907702000655109,0.23438745832549063,0.16521754796976768,0.6371446260243334,0.17015778052828323,-117.59706751475613,-0.15079846875543576,0.6371446260243334,-0.07882570707153391,-7.6366344735724905,-1.5016347838891266,0.22227472897036546,0.6666666666666666,1.0,0.6666666666666666,0.6666666666666666,0.2165004567370113,0.9733007501639569,-0.04192679030221026,0.09815425597612423,0.26349418670239205,0.32572031422795666,0.21238154200811113,0.1700081583297683,-0.1700081583297683,0.15983107062708854,0.15159324116928824,0.1532408070608483,0.15488837295240837,0.1565359388439684,0.15818350473552847,0.19300891934726216,0.22618676806743576,0.2593646167876094,0.29254246550778307,1.0,0.3333333333333333,0.22702437828477817,1.7183597173598102,0.6371446260243334,0.0,0.0,0.0,0.0
ID40_DCHA_aug2_022,0.15461584885564367,0.32801993908683225,0.3496643336705839,0.5531076365240234,-0.9958080437355764,0.49161608747115293,0.16828307215224625,0.16828307215224625,0.17483216683529196,0.16828307215224625,0.16828307215224625,0.24742343139440476,2.995805110886464,0.16618264440765348,0.12151453256195383,0.1314077508623402,0.20851947494015002,0.17312322358339813,0.12460366613530278,0.2937502061603662,0.23392391442566168,0.1728796996488206,0.12458375670845594,0.28931391897341546,0.2333500387809228,0.1650274978078114,0.6343954835899128,0.17519976736236226,-116.2877698366303,-0.15708078024534924,0.6343954835899128,-0.07759244139307742,-7.619316792700933,-1.5215674548521427,0.22573805150116016,0.6666666666666666,1.0,0.6666666666666666,0.6666666666666666,0.21801425587968332,0.9587529981847811,-0.06474531847495607,0.10093939858536137,0.2640133664041603,0.32801993908683225,0.2114651611966376,0.17483216683529196,-0.17483216683529196,0.159736866934586,0.14663867756849458,0.14925831544171286,0.15187795331493115,0.15449759118814943,0.1571172290613677,0.19339348136503523,0.22705009579548446,0.2607067102259338,0.294363324656383,1.0,0.3333333333333333,0.22702118025685303,1.6994348663120569,0.6343954835899128,0.0,0.0,0.0,0.0
ID40_IZDA,0.18778193656719455,0.35355296449338786,0.35282334664377496,0.5598855932817606,-0.9988366881641328,0.4976733763282655,0.17293577132965432,0.17293577132965432,0.17641167332188748,0.17293577132965432,0.17293577132965432,0.24953220384907418,2.998836462527557,0.18540728333711315,0.13540758646114698,0.14391653816965716,0.23200690824317166,0.192977759621452,0.13901298813804458,0.32435155450235953,0.2605634680648677,0.19284851040910728,0.13900242130097923,0.3219970154068782,0.26025888619616977,0.1737258176303449,0.7078355468363886,0.17651437382889582,-118.04541327407999,-0.15578721004721494,0.7078355468363886,-0.08299198367259403,-6.442343288146007,-1.3280546046372084,0.23687003867290377,0.6666666666666666,1.0,0.6666666666666666,0.6666666666666666,0.23942108427102937,0.9782823697119998,-0.034107357503438365,0.10185132708058406,0.28821416783291254,0.35355296449338786,0.2359451822787962,0.17641167332188748,-0.17641167332188748,0.18061719316373354,0.17366538917926722,0.17505574997616047,0.17644611077305375,0.177836471569947,0.17922683236684028,0.21520434742966438,0.24979150169559525,0.2843786559615261,0.318965810227457,1.0,0.3333333333333333,0.25018788710833206,1.7229880852936252,0.7078355468363886,0.0,0.0,0.0,0.0
ID43_IZDA,0.40259542029177503,0.5129730367991392,0.500534506517148,0.4906785462628956,-0.9669896721498455,0.4339793442996911,0.22357056434852868,0.22357056434852868,0.250267253258574,0.22357056434852868,0.22357056434852868,0.35593935228448953,2.966806032233835,0.2725519048767265,0.1990094754859336,0.22595532178419897,0.34283271978900376,0.2834443144637131,0.20395857021466016,0.4821714851832537,0.3830646170433598,0.2824516150085661,0.2038774115506567,0.4640874316342577,0.38072527392769095,0.20803463437270864,1.0383846038802695,0.25450311913583784,-109.53193581864097,-0.23985780985030852,1.0383846038802695,-0.08508859326421897,-3.2854714913133547,-0.9099542402972739,0.34504694501207983,0.6666666666666666,1.0,0.6666666666666666,0.6666666666666666,0.3728248902034686,0.8836881757626773,-0.18168744549405372,0.14449186603818598,0.4161938993193285,0.5129730367991392,0.3461282012934232,0.250267253258574,-0.250267253258574,0.2894024724506105,0.23600909463051975,0.24668777019453791,0.25736644575855605,0.2680451213225742,0.2787237968865924,0.33411658532031624,0.37883069819002196,0.42354481105972774,0.46825892392943347,0.6666666666666666,0.3333333333333333,0.36633109809377595,1.4783273107098172,1.0383846038802695,0.0,0.0,0.0,0.0
ID43_IZDA_aug2_025,0.4025964300959235,0.5129780394890724,0.5005495145869479,0.4907528887140946,-0.9670250474910763,0.4340500949821525,0.22359206491441824,0.22359206491441824,0.2502747572934739,0.22359206491441824,0.22359206491441824,0.35594780575500834,2.9668418031547383,0.2725515321419445,0.19900924733342,0.2259457169733744,0.34283113208812405,0.2834441007431101,0.2039585527418203,0.482167591824787,0.3830641134006725,0.2824519217400961,0.2038774366276536,0.4640930193772404,0.38072599675501734,0.20801039457942858,1.0383846038802693,0.25450609492916515,-109.53760956431645,-0.23985218718376075,1.0383846038802693,-0.08511334007815347,-3.2852424499887096,-0.9099501454168669,0.34504700626542445,0.6666666666666666,1.0,0.6666666666666666,0.6666666666666666,0.37281089367247877,0.8837512173812939,-0.18159006720887444,0.14449619849475542,0.41619832235979554,0.5129780394890724,0.3461282012934231,0.2502747572934739,-0.2502747572934739,0.28938597457465415,0.23602058981654284,0.2466936667681651,0.25736674371978735,0.26803982067140963,0.27871289762303186,0.3341043875575378,0.37882280054042144,0.4235412135233051,0.46825962650618874,0.6666666666666666,0.3333333333333333,0.36633155751583085,1.4785953640598997,1.0383846038802693,0.0,0.0,0.0,0.0
ID44_DCHA,0.2313674480193259,0.3961777762937352,0.4106944379796966,0.4492679974473105,-0.9468497124673328,0.3936994249346656,-0.17725794711914186,-0.17725794711914186,0.2053472189898483,0.17725794711914186,0.17725794711914186,0.29310915216380123,2.9463703560150067,0.20291796293784245,0.14824871609554593,0.13623260279185762,0.2512734152428148,0.2115407702288791,0.15271837914881062,0.34691887620024114,0.2851023597787664,0.21258525199871509,0.15280377130307884,0.36594625065756686,0.2875637303628228,0.11447040718637155,0.7778388909015088,0.21103199266827793,-133.3290696853541,-0.1535098852278555,0.7778388909015088,-0.14480751730098385,-4.564673522771355,-1.2112040190973863,0.27716954171684455,0.6666666666666666,1.0,0.6666666666666666,1.0,0.23119035842979646,0.8518992257182874,0.2305434612663457,0.11855727216112996,0.3288773934053823,0.3961777762937352,0.25927963030050294,0.2053472189898483,-0.20534721898984834,0.21891982917459332,0.1627412854331804,0.17397699418146298,0.18521270292974557,0.19644841167802815,0.20768412042631074,0.2543714185984217,0.28982300802225003,0.32527459744607845,0.3607261868699068,0.6666666666666666,0.3333333333333333,0.2777093492720557,1.3270764100217651,0.7778388909015088,0.0,0.0,0.0,1.0
ID44_IZDA,0.2127748854501521,0.3694740121754865,0.3484457215131232,0.5605225862947669,-0.9991203757254765,0.4982407514509529,0.17123827399549177,0.17123827399549177,0.1742228607565616,0.17123827399549177,0.17123827399549177,0.24642448323303676,2.9991202467311737,0.1991116558684743,0.14528595750985218,0.15394899252280997,0.2488490413635027,0.2070849437272483,0.14924417028778195,0.34627668543783696,0.2795026689420814,0.20697396376034927,0.14923509706244872,0.344254958062181,0.27924113941247763,0.18469006719768072,0.7599763150133363,0.17429953667351875,-118.30044616744692,-0.15346615129006647,0.7599763150133363,-0.08263455023667607,-5.864046962719229,-1.2080144856990693,0.2423100707607626,0.6666666666666666,1.0,0.6666666666666666,0.6666666666666666,0.2563100250988486,0.9811160685271879,-0.029658460420656823,0.10058761555678752,0.303904849533991,0.3694740121754865,0.25332543833777876,0.1742228607565616,-0.17422286075656157,0.1982357381799947,0.19226656465785505,0.193460399362283,0.19465423406671092,0.19584806877113883,0.19704190347556677,0.23248339297909304,0.2667310477781914,0.30097870257728976,0.3352263573763881,1.0,0.3333333333333333,0.26631740802417964,1.725197328167799,0.7599763150133363,0.0,0.0,0.0,0.0
ID50_DCHA,0.08863854712906931,0.2481365137275493,0.2638455147560562,0.551831134710577,-0.9952355824187007,0.4904711648374015,-0.12665287339091347,-0.12665287339091347,0.1319227573780281,0.12665287339091347,0.12665287339091347,0.18671574969166216,2.9952317931192245,0.12563907564722301,0.09185000317705311,0.09250105941991862,0.15673320694805412,0.13095001193986766,0.09437332054977164,0.21899683065714454,0.17674507346244242,0.13114596923555796,0.09438934114113745,0.22256659410388122,0.17720685607777606,0.1388621904738929,0.4805640264265917,0.1322381523840038,-123.95797462693311,-0.10968460581882522,0.4805640264265917,-0.07386620466968602,-12.512669442411715,-1.991954498917107,0.17202990146394598,0.6666666666666666,1.0,0.6666666666666666,0.6666666666666666,0.15491812482174924,0.9560225041451879,0.06902476063920224,0.07616563948444222,0.20197259299869583,0.2481365137275493,0.16018800880886389,0.1319227573780281,-0.1319227573780281,0.12148364033663583,0.11094387236240655,0.11305182595725241,0.11515977955209826,0.11726773314694412,0.11937568674178997,0.14681421501481853,0.1721447896930012,0.19747536437118393,0.2228059390493666,1.0,0.3333333333333333,0.17189002989224372,1.694989649131194,0.4805640264265917,0.0,0.0,0.0,0.0
ID50_DCHA_aug2_012,0.08863680987685468,0.24812989240015612,0.26382565077387676,0.5518276996780774,-0.9952340410477443,0.4904680820954885,-0.12664248175335296,-0.12664248175335296,0.13191282538693838,0.12664248175335296,0.12664248175335296,0.18670174087876618,2.9952302492941114,0.12563910700542705,0.09184994090382702,0.09250070748479856,0.1567330481905037,0.1309499418415708,0.09437331481884864,0.2189955536731112,0.17674490827249756,0.1311459162289237,0.09438933680755228,0.22256562847948566,0.1772067311651409,0.138872049273638,0.4805640264265916,0.1322282990422743,-123.95861583207821,-0.1096756063967109,0.4805640264265916,-0.07386192814384734,-12.513264470957232,-1.9919194552952773,0.17202113787901868,0.6666666666666666,1.0,0.6666666666666666,0.6666666666666666,0.15491766517527844,0.9560153796435757,0.06903592508437757,0.07615990524671298,0.20196887542349562,0.24812989240015612,0.16018800880886386,0.13191282538693838,-0.13191282538693838,0.12148741064680314,0.1109467233796323,0.11305486083306647,0.11516299828650063,0.1172711357399348,0.11937927319336897,0.14681590699747374,0.17214440334814432,0.19747289969881493,0.22280139604948554,1.0,0.3333333333333333,0.1718883454230824,1.6949776831200298,0.4805640264265916,0.0,0.0,0.0,0.0
ID50_DCHA_aug2_045,0.08863680987685468,0.24812989240015612,0.26382565077387676,0.5518276996780774,-0.9952340410477443,0.4904680820954885,-0.12664248175335296,-0.12664248175335296,0.13191282538693838,0.12664248175335296,0.12664248175335296,0.18670174087876618,2.9952302492941114,0.12563910700542705,0.09184994090382702,0.09250070748479856,0.1567330481905037,0.1309499418415708,0.09437331481884864,0.2189955536731112,0.17674490827249756,0.1311459162289237,0.09438933680755228,0.22256562847948566,0.1772067311651409,0.138872049273638,0.4805640264265916,0.1322282990422743,-123.95861583207821,-0.1096756063967109,0.4805640264265916,-0.07386192814384734,-12.513264470957232,-1.9919194552952773,0.17202113787901868,0.6666666666666666,1.0,0.6666666666666666,0.6666666666666666,0.15491766517527844,0.9560153796435757,0.06903592508437757,0.07615990524671298,0.20196887542349562,0.24812989240015612,0.16018800880886386,0.13191282538693838,-0.13191282538693838,0.12148741064680314,0.1109467233796323,0.11305486083306647,0.11516299828650063,0.1172711357399348,0.11937927319336897,0.14681590699747374,0.17214440334814432,0.19747289969881493,0.22280139604948554,1.0,0.3333333333333333,0.1718883454230824,1.6949776831200298,0.4805640264265916,0.0,0.0,0.0,0.0
ID50_DCHA_aug2_048,0.08820234209822353,0.24601683271850244,0.25700039717124207,0.5508208755952007,-0.9947820510510779,0.48956410210215556,-0.1231270467388511,-0.1231270467388511,0.12850019858562103,0.1231270467388511,0.1231270467388511,0.1818855233233942,2.9947775053092784,0.1257790041317128,0.09192188885545148,0.09251446897831735,0.1568428293081174,0.13105860475761885,0.09446682544386954,0.21878370229311622,0.1768676209146967,0.13125840200321304,0.09448315997235139,0.2224234182912794,0.1773384525532021,0.14258306888552216,0.48105010098426526,0.128836770057501,-124.1423897429153,-0.10663115036879896,0.48105010098426526,-0.07230982706296542,-12.706367409164557,-1.9769752303107133,0.1690591052082564,0.6666666666666666,1.0,0.6666666666666666,0.6666666666666666,0.1549768818146518,0.953973447300941,0.0722353718680969,0.07418962424432868,0.20083264177386584,0.24601683271850244,0.16035003366142175,0.12850019858562103,-0.12850019858562103,0.12288978597965135,0.11214348228611147,0.11429274302481944,0.11644200376352742,0.1185912645022354,0.12074052524094338,0.14751519532742155,0.17214060467519177,0.196766014022962,0.22139142337073223,1.0,0.3333333333333333,0.17146655854541387,1.6914694506356012,0.48105010098426526,0.0,0.0,0.0,0.0
ID50_DCHA_aug2_054,0.08801218582517209,0.24724039215521754,0.2626087124204397,0.5620997328112305,-0.9998220718132184,0.4996441436264368,-0.13029305733581792,-0.13029305733581792,0.13130435621021985,0.13029305733581792,0.13029305733581792,0.18569790890149337,2.999822066536499,0.1253637610152553,0.09165278347166109,0.09514046406977793,0.15676257934900195,0.13063198981649096,0.09409459973830794,0.21974748209489728,0.1763938817090451,0.1306695943241133,0.09409767411452857,0.22043252521242948,0.17648249850597034,0.15006666482504374,0.4791124640452129,0.13131603914229364,-120.7642894919744,-0.11283709758956072,0.4791124640452129,-0.06716912641671283,-12.926902445612885,-2.002852738198319,0.17047400132466753,0.6666666666666666,1.0,0.6666666666666666,0.6666666666666666,0.1586928558073357,0.991507894533618,0.01333897247847473,0.07580860540374094,0.2003154307758442,0.24724039215521754,0.15970415468173763,0.13130435621021985,-0.13130435621021985,0.11694733481939962,0.11492473707059575,0.11532925662035652,0.11573377617011729,0.11613829571987808,0.11654281526963885,0.14300594628656318,0.16906455775372678,0.19512316922089037,0.22118178068805397,1.0,0.3333333333333333,0.17128162562008034,1.7306640974187273,0.4791124640452129,0.0,0.0,0.0,0.0
ID50_IZDA,0.11816350702475506,0.2791688316842899,0.2761124495564813,0.4954995359179881,-0.9692781861151766,0.438556372230353,0.12386582687787692,0.12386582687787692,0.13805622477824064,0.12386582687787692,0.12386582687787692,0.19626965426469142,2.9691192493214316,0.14733523559868641,0.10760297294339283,0.12200356143588371,0.18534957014143313,0.15325435769264117,0.11026953835586795,0.26091035732945467,0.2071302531130345,0.15272669674144695,0.11022639915837598,0.251297932493685,0.20588679517903108,0.20411566911980566,0.5613940454963885,0.14022704224839103,-109.90525714112637,-0.1318494428800554,0.5613940454963885,-0.047742515538574753,-11.067446181634324,-1.6901969724462542,0.18830002401154383,0.6666666666666666,1.0,0.6666666666666666,0.6666666666666666,0.20132174639915984,0.8878361904569596,-0.17527639283378435,0.07970679853902071,0.22604391278309552,0.2791688316842899,0.18713134849879612,0.13805622477824064,-0.13805622477824064,0.155303004806413,0.12692220900568557,0.13259836816583107,0.13827452732597653,0.14395068648612203,0.1496268456462675,0.18007617018198838,0.20484933555756374,0.22962250093313916,0.2543956663087145,0.6666666666666666,0.3333333333333333,0.198463688555157,1.4956854476378192,0.5613940454963884,0.0,0.0,0.0,0.0
ID981_DCHA,0.12113031984220773,0.28375045759695233,0.2849861028256026,0.4561305548054971,-0.9502495874786177,0.40049917495723525,0.12366902352316722,0.12366902352316722,0.1424930514128013,0.12366902352316722,0.12366902352316722,0.20326639528914245,2.9498300840678446,0.14870955039488212,0.10864061660778929,0.12617771290929794,0.18752875881796405,0.1546880808731166,0.11123484586160148,0.26506762995819166,0.20917244804478005,0.15398812132784576,0.11117762030228832,0.2523164333768117,0.20752296034234805,0.21155781284571687,0.5662652699652544,0.146175585440594,-107.11187966325382,-0.1397046887402179,0.5662652699652544,-0.04301048387194953,-11.010254634975482,-1.694788042589253,0.19361261442065814,0.6666666666666666,1.0,0.6666666666666666,1.0,0.20757911787805222,0.8567986629250424,-0.22304800497063976,0.08226840159083201,0.22866478013400196,0.28375045759695233,0.18875508998841814,0.1424930514128013,-0.1424930514128013,0.1600814340737851,0.12243337829451693,0.12996298945037058,0.1374926006062242,0.14502221176207783,0.15255182291793148,0.18481523877841854,0.20954904348305198,0.23428284818768547,0.2590166528923189,0.6666666666666666,0.3333333333333333,0.20093972549183975,1.352418471095597,0.5662652699652544,0.0,0.0,0.0,1.0
ID981_IZDA,0.10243010141342032,0.2581426717854397,0.24876790959197975,0.5603936899019041,-0.999062984179977,0.49812596835995415,0.12218467359891763,0.12218467359891763,0.12438395479598988,0.12218467359891763,0.12218467359891763,0.1759329704658831,2.9990628378011457,0.13770814183319674,0.10051478893472328,0.10659011984882946,0.17218048007375344,0.1432629678195774,0.10323131617467177,0.2399959762242884,0.1933888315621872,0.14318118894230145,0.10322463029971837,0.23850620649774423,0.1931961157784012,0.18046040193087715,0.5256601057643394,0.12444227064804883,-118.24586125663649,-0.1096242980632325,0.5256601057643394,-0.058893055602386585,-12.037356643140582,-1.7626276269707586,0.17063725520072343,0.6666666666666666,1.0,0.6666666666666666,0.6666666666666666,0.17741931645185205,0.9805095695181829,-0.030610714137750707,0.071813109784335,0.2116229311893326,0.2581426717854397,0.1752200352547798,0.12438395479598988,-0.12438395479598986,0.13595799818652207,0.13155943579237758,0.13243914827120648,0.13331886075003538,0.13419857322886428,0.13507828570769317,0.1603949329063056,0.1848318676260891,0.20926880234587267,0.23370573706565617,1.0,0.3333333333333333,0.18477923892528286,1.7247503440418317,0.5256601057643394,0.0,0.0,0.0,0.0
ID982_DCHA,0.07444152866539469,0.21663120507637185,0.19905213172452146,0.5341980699793952,-0.9872590321741473,0.47451806434829485,0.09299834069031443,0.09299834069031443,0.09952606586226073,0.09299834069031443,0.09299834069031443,0.14105352871828142,2.987231861279751,0.11825135955457299,0.08625879658088272,0.0945872326549159,0.14815120376193874,0.1229139218280913,0.08854155457972347,0.20660107112745052,0.165962155480502,0.12267119250523872,0.08852171011677444,0.2021792594203745,0.165390152375794,0.20533008161352784,0.4508414835045941,0.10016621872557854,-113.51887492405034,-0.09184527720326961,0.4508414835045941,-0.03997144517321091,-17.69720434301752,-2.030567690025113,0.14195773457987473,0.6666666666666666,1.0,0.6666666666666666,0.6666666666666666,0.15680821967347766,0.927987499156115,-0.11287589568128588,0.05746140091696065,0.17807009476830854,0.21663120507637185,0.15028049450153136,0.09952606586226073,-0.09952606586226073,0.12363286438605742,0.11057741404216483,0.11318850411094335,0.11579959417972187,0.11841068424850038,0.1210217743172789,0.1422325325241203,0.16083220066218318,0.17943186880024609,0.19803153693830897,1.0,0.3333333333333333,0.1575241025635915,1.6332735577785007,0.4508414835045941,0.0,0.0,0.0,0.0
ID982_IZDA,0.1505065043671345,0.30722074575084574,0.2794520488183806,0.5602650276348343,-0.9990056902970298,0.49801138059405964,0.13718099073641685,0.13718099073641685,0.1397260244091903,0.13718099073641685,0.13718099073641685,0.19763521494709993,2.9990055254670973,0.16828994287713997,0.12273248693691255,0.13008190065181383,0.21021150728692323,0.17494895810750996,0.12611349024213886,0.291778681696943,0.23608234607500297,0.17485432264358383,0.12610575327020868,0.2900547029152479,0.2358593331380201,0.19210809796523798,0.6422101884341566,0.13979554172570846,-118.19301117002742,-0.123210350522272,0.6422101884341566,-0.06604546169543496,-8.463400859898295,-1.4075295106979975,0.1990315974774377,0.6666666666666666,1.0,0.6666666666666666,0.6666666666666666,0.216615096484159,0.979922346333638,-0.03153267674920857,0.08067085780544225,0.25404007527727074,0.30722074575084574,0.21407006281138552,0.1397260244091903,-0.1397260244091903,0.1700397550144289,0.16494968766888196,0.16596770113799134,0.16698571460710074,0.1680037280762101,0.16902174154531951,0.19747595316171226,0.2249121513089956,0.252348349456279,0.27978454760356236,1.0,0.3333333333333333,0.22398400565452176,1.7243041418969893,0.6422101884341566,0.0,0.0,0.0,0.0
ID982_IZDA_aug0_014,0.15105433906465854,0.306413241671535,0.27471137274972124,0.5617223072877927,-0.9996542392440741,0.4993084784881486,0.13588083261536335,0.13588083261536335,0.13735568637486062,0.13588083261536335,0.13588083261536335,0.19426147210973654,2.999654219316694,0.1688834615951734,0.12313932948206363,0.12979837294330954,0.21081168846596335,0.17554258184505042,0.12656562055046122,0.292141780539635,0.23684525020012634,0.17548774034285483,0.12656113695471927,0.2911427302658893,0.236716013612004,0.19252212626645074,0.6445283522648837,0.13737943863746416,-118.93454401796805,-0.12023077457746902,0.6445283522648837,-0.06646556254818439,-8.44814080179712,-1.3918282569150362,0.1973750469883811,0.6666666666666666,1.0,0.6666666666666666,0.6666666666666666,0.21631763784779184,0.9881616001996449,-0.018594643205119565,0.07930234250325159,0.2541070543620663,0.306413241671535,0.21484278408829457,0.13735568637486062,-0.13735568637486062,0.17053240905617165,0.16758270153717708,0.16817264304097598,0.1687625845447749,0.16935252604857381,0.16994246755237274,0.19770857557924432,0.22488474210231696,0.25206090862538966,0.27923707514846235,1.0,0.3333333333333333,0.22439127958743446,1.729356257467474,0.6445283522648837,0.0,0.0,0.0,0.0
ID983_DCHA,0.06681995387158242,0.2084884275510049,0.20255799894099835,0.4543182214007427,-0.9493542138574436,0.39870842771488735,0.08777332454857228,0.08777332454857228,0.10127899947049918,0.08777332454857228,0.08777332454857228,0.1444980206704724,2.9489193415800066,0.11107020954191525,0.08109845328897418,0.09383521801081995,0.13993357631283618,0.1154844943359871,0.08307074177105675,0.19719452995980302,0.15611822695536826,0.11498229437472732,0.08302968415013519,0.18804592919787277,0.15493476904575526,0.21808060689316403,0.42290728371201636,0.10394539671883342,-106.99440587983962,-0.09940644398896609,0.42290728371201636,-0.03038098735235925,-20.361293119357402,-2.243756344469658,0.1411828396513588,0.6666666666666666,1.0,0.6666666666666666,1.0,0.15447476949259903,0.8554933986648847,-0.2250461866874361,0.058473457607548664,0.1689849191219833,0.2084884275510049,0.14096909457067214,0.10127899947049918,-0.10127899947049916,0.12071510300243263,0.09370375315857886,0.09910602312734962,0.10450829309612036,0.10991056306489112,0.11531283303366188,0.13826976791214707,0.15582443282186154,0.173379097731576,0.19093376264129047,0.6666666666666666,0.3333333333333333,0.149242480404187,1.3457369589240136,0.4229072837120164,0.0,0.0,0.0,1.0
ID983_IZDA,0.07654954667054614,0.2182816626122353,0.1966057597180231,0.5244334128745285,-0.9827851663350106,0.46557033267002096,0.09079136150737668,0.09079136150737668,0.09830287985901155,0.09079136150737668,0.09079136150737668,0.139426533317889,2.982735489112312,0.12022528432958042,0.08767564300067779,0.09673233385562087,0.15065663051502431,0.12492938338623713,0.08999429607051115,0.20996559408415416,0.16868208267394424,0.12465007233758538,0.08997146084940527,0.20487737132503456,0.16802387300594662,0.21233015194408011,0.4582392281186828,0.09916009738002529,-112.46075182221821,-0.09163795693658244,0.4582392281186828,-0.03788416240205347,-17.55566022628524,-1.9859627453129176,0.1426726547937594,0.6666666666666666,1.0,0.6666666666666666,0.6666666666666666,0.16025792772452913,0.9162305758024245,-0.1312053111157836,0.05675519414871576,0.17983815765234532,0.2182816626122353,0.15274640937289427,0.09830287985901155,-0.09830287985901155,0.12749030110485862,0.11246726440158888,0.11547187174224283,0.11847647908289678,0.12148108642355072,0.12448569376420468,0.14564857340633397,0.1638068457078093,0.18196511800928464,0.20012339031075999,1.0,0.3333333333333333,0.15973889807072264,1.5988407828586066,0.45823922811868284,0.0,0.0,0.0,0.0
ID984_DCHA,0.05508643431663204,0.17597781517926434,0.13479044027207643,0.27430642332787714,-0.8491618047889847,0.19832360957796896,0.05099578434205054,0.05099578434205054,0.06739522013603821,0.05099578434205054,0.05099578434205054,0.09809237678378659,2.845166221635198,0.10346122549627938,0.0753204885501792,0.08978055528116591,0.1302624355856441,0.10726233606181818,0.07721649743872964,0.18159731397701384,0.14490828088820681,0.10665253343677107,0.07716664270566008,0.17048851033207182,0.14347125222316207,0.283563607373985,0.39314300526571655,0.07313644905427406,-97.14633061020729,-0.07256830073677878,0.39314300526571655,-0.0090984563770376,-31.051845374134437,-2.3369259357852243,0.12440340325245304,0.3333333333333333,1.0,1.0,1.0,0.1474471042158932,0.7460703401134141,-0.38837893250151384,0.03891064848763575,0.14825066007464724,0.17597781517926434,0.13104766842190552,0.06739522013603821,-0.06739522013603823,0.12498203083721379,0.09218315924923844,0.0987429335668335,0.10530270788442858,0.11186248220202365,0.11842225651961873,0.1351811877056239,0.145380344574034,0.15557950144244412,0.16577865831085423,0.6666666666666666,0.6666666666666666,0.13550699159899712,0.6330824391018075,0.39314300526571655,0.0,1.0,1.0,1.0
ID984_DCHA_aug3_004,0.054595035346148756,0.1769812800801598,0.1399494453852767,0.35593307498116533,-0.8977341797852013,0.2954683595704025,0.05633919557633385,0.05633919557633385,0.06997472269263835,0.05633919557633385,0.05633919557633385,0.10082052782693722,2.895929052775846,0.10281808493261074,0.07487340218051636,0.0874601494833374,0.12926302502059647,0.10664467263904316,0.07679192144014856,0.1800318857004785,0.144042208399437,0.10613764420624358,0.07675046906500678,0.17079532444110632,0.14284737196876493,0.266590404441509,0.3909943948552027,0.07385285786704575,-101.349757894409,-0.0724086003513075,0.3909943948552027,-0.014534070671862437,-29.318571655742094,-2.310438119837124,0.1203793148975197,0.3333333333333333,1.0,0.6666666666666666,1.0,0.14396699206803873,0.7927750877156554,-0.3197902753599597,0.04039992498306416,0.14823425448288507,0.1769812800801598,0.13033146495173423,0.06997472269263835,-0.06997472269263834,0.12064208450382594,0.09337103027121695,0.09882524111773874,0.10427945196426054,0.10973366281078234,0.11518787365730414,0.1319099236190927,0.14317776273435948,0.15444560184962625,0.16571344096489302,0.6666666666666666,0.6666666666666666,0.13490124208243198,0.9697850487792451,0.3909943948552027,0.0,0.0,1.0,1.0
ID984_DCHA_aug3_043,0.05821807262920068,0.1788218401075104,0.13145184906394536,0.22139211689617058,-0.8136821582403087,0.12736431648061727,0.047567594624925075,0.047567594624925075,0.06572592453197268,0.047567594624925075,0.047567594624925075,0.09643258889603396,2.8075065359571036,0.10663178011412211,0.07759904532846403,0.09334775941622181,0.13430726137874796,0.11050158272358203,0.07954803724478794,0.18709032655751162,0.14928495019511387,0.10982637673583415,0.07949283542553777,0.17479006671982728,0.14769379541920788,0.29591630535295,0.4050136712585859,0.0728633789404671,-94.42796658802393,-0.07264589532170912,0.4050136712585859,-0.005625467405414947,-31.033937077384515,-2.2942849609418476,0.13057607710149774,0.3333333333333333,1.0,1.0,1.0,0.15316288699324287,0.7158662954224881,-0.4316455047370366,0.03794688022127145,0.15180818077478295,0.1788218401075104,0.13500455708619527,0.06572592453197268,-0.06572592453197267,0.13125424548258532,0.09493758566849013,0.10220091763130917,0.1094642495941282,0.11672758155694725,0.1239909135197663,0.14076776440757033,0.15028128333255536,0.15979480225754036,0.1693083211825254,0.6666666666666666,0.6666666666666666,0.13930550674590564,0.39798416150063626,0.40501367125858584,1.0,1.0,1.0,1.0
ID984_DCHA_aug3_053,0.05511772213754783,0.17718874951088584,0.1394672907917428,0.2564028133991349,-0.8375748894025903,0.17514977880518068,0.05200414478842069,0.05200414478842069,0.0697336453958714,0.05200414478842069,0.05200414478842069,0.10175575160143756,2.8329224021168566,0.10320911178756673,0.07516036737558249,0.09049641623060338,0.13010640512939375,0.10701862543111879,0.07701480138754066,0.18186450304793206,0.14462040421888883,0.10635936518905849,0.07696090322108269,0.1698547276236302,0.14306682634524176,0.2843220773966667,0.39209895774091474,0.07619571428607991,-96.232891234131,-0.07574530633378435,0.39209895774091474,-0.008272571786759636,-31.08541693331853,-2.3752723175794115,0.12655279628995622,0.3333333333333333,1.0,1.0,1.0,0.14842915318775562,0.7359210137125667,-0.40301998783858073,0.04026073894088027,0.14867060528842338,0.17718874951088584,0.13069965258030491,0.0697336453958714,-0.06973364539587142,0.12518460472246515,0.08972560350756373,0.09681740375054401,0.1039092039935243,0.11100100423650458,0.11809280447948486,0.13558543368014928,0.14598626263783343,0.15638709159551756,0.1667879205532017,0.6666666666666666,0.6666666666666666,0.13554546855520208,0.5552800116987571,0.39209895774091474,0.0,1.0,1.0,1.0
ID984_DCHA_aug3_057,0.05508911273910127,0.17599927223050443,0.13485485451032567,0.2745754292807033,-0.849332970280157,0.1986659405603139,0.05103111866550082,0.05103111866550082,0.06742742725516283,0.05103111866550082,0.05103111866550082,0.0981355886681045,2.8453466962183955,0.10346100011491462,0.07532059371105813,0.08977851025186488,0.13026238666850867,0.10726246584479236,0.0772165005480773,0.1815998724775681,0.14490859854833657,0.10665277950285594,0.07716665532179438,0.17049318716762546,0.1434718439099299,0.2834868566391273,0.39314296218118766,0.07316402635416225,-97.160034988242,-0.07259348468173456,0.39314296218118766,-0.009119250743088406,-31.040144708533603,-2.336918702501366,0.12440072831664156,0.3333333333333333,1.0,1.0,1.0,0.1474439626500579,0.7462226109804667,-0.38815851107484867,0.03892924327653217,0.14825969163489244,0.17599927223050443,0.1310476540603959,0.06742742725516283,-0.06742742725516282,0.12496815356500361,0.09217553638567959,0.09873405982154439,0.1052925832574092,0.111851106693274,0.11840963012913881,0.13517437729810378,0.14538060103120393,0.1555868247643041,0.16579304849740428,0.6666666666666666,0.6666666666666666,0.13551028588155373,0.6342391294920983,0.39314296218118766,0.0,1.0,1.0,1.0
ID984_IZDA,0.1905755918387481,0.3570983545190789,0.36022872113141946,0.5214482743537737,-0.9814091696277474,0.4628183392554947,0.16580197419686987,0.16580197419686987,0.18011436056570973,0.16580197419686987,0.16580197419686987,0.2555230998777428,2.9813512067125676,0.1865044412053409,0.13624883188337095,0.15203003728509798,0.23438442345645924,0.19407770975058747,0.13966540496359128,0.32982400960427855,0.26226916977503806,0.1935455127355166,0.13962189491782073,0.3201289510754798,0.2610150223924337,0.19201989494721244,0.7110663424258172,0.18181231006922316,-112.16341328358126,-0.16837850202048818,0.7110663424258172,-0.06858860072959505,-6.638832603741768,-1.3386288078048965,0.24127488428772095,0.6666666666666666,1.0,0.6666666666666666,0.6666666666666666,0.25133450051077894,0.9129268142620139,-0.13634819533918488,0.10398907455752984,0.2887520207841784,0.3570983545190789,0.23702211414193905,0.18011436056570973,-0.18011436056570976,0.19129638032220903,0.16267160758452928,0.16839656213206522,0.17412151667960118,0.17984647122713712,0.1855714257746731,0.224456775161583,0.25761717000095696,0.29077756484033096,0.32393795967970496,1.0,0.3333333333333333,0.25204205458530665,1.5882769687852574,0.7110663424258171,0.0,0.0,0.0,0.0
ID984_IZDA_aug2_006,0.1891814114791819,0.35461368081152705,0.35398725042899337,0.5277635686491053,-0.9843155851986068,0.46863117039721375,0.1640943895802043,0.1640943895802043,0.17699362521449669,0.1640943895802043,0.1640943895802043,0.25097065026221177,2.984274369288394,0.18616466151441854,0.13597470515607324,0.15080502775366314,0.23378993420040425,0.19370350075321982,0.13942370316233813,0.3284735649326421,0.2617199970407662,0.1932238508524729,0.1393844891334272,0.319735759703774,0.26058967941298294,0.19186663238993684,0.7098537920055878,0.178398190031224,-112.8055325196297,-0.16445204149235473,0.7098537920055878,-0.06914795915580982,-6.689662159663295,-1.3342883737608648,0.2385628542432674,0.6666666666666666,1.0,0.6666666666666666,0.6666666666666666,0.24951716630282167,0.9200614724403298,-0.12523743370651305,0.10218731716243738,0.28742425108787345,0.35461368081152705,0.2366179306685293,0.17699362521449669,-0.17699362521449669,0.19051929123132275,0.16472081996273802,0.16988051421645498,0.1750402084701719,0.18019990272388886,0.1853595969776058,0.2233381691473636,0.2561570470634045,0.28897592497944535,0.3217948028954862,1.0,0.3333333333333333,0.25111843917375054,1.6106047499653222,0.7098537920055878,0.0,0.0,0.0,0.0
ID984_IZDA_aug2_027,0.1903039440605306,0.3564860606013734,0.3584439380334654,0.5242936606068395,-0.9827208351771766,0.46544167035435313,0.1655012487953162,0.1655012487953162,0.1792219690167327,0.1655012487953162,0.1655012487953162,0.25419981251617435,2.9826707848944807,0.1864801702391407,0.13622278561854556,0.15160931022082466,0.2342877273169011,0.19404706041165898,0.1396538287008922,0.3295005453881475,0.26221123665174123,0.19353686412724633,0.13961211733638224,0.32020627522412265,0.2610089350292389,0.1916681155541017,0.7110142437706547,0.18079073169943716,-112.44659599575782,-0.16709327035472366,0.7110142437706547,-0.06902990417624155,-6.643667392019807,-1.3365005998571349,0.24051015087292504,0.6666666666666666,1.0,0.6666666666666666,0.6666666666666666,0.25072546814496816,0.9160732888417535,-0.13145023705883432,0.1034738520565054,0.2884927993320419,0.3564860606013734,0.2370047479235516,0.1792219690167327,-0.1792219690167327,0.1909848118060572,0.16354337136322414,0.16903165945179074,0.17451994754035735,0.18000823562892398,0.1854965237174906,0.22408506156512042,0.25718531132418365,0.29028556108324693,0.32338581084231016,1.0,0.3333333333333333,0.25186235927620637,1.5983466216369835,0.7110142437706548,0.0,0.0,0.0,0.0
ID984_IZDA_aug2_028,0.1905388955681746,0.35781599571567096,0.36288188142502087,0.5335118746283423,-0.9869459813200101,0.47389196264002037,0.1693933533307616,0.1693933533307616,0.18144094071251043,0.1693933533307616,0.1693933533307616,0.2571612697447328,2.986917455826334,0.18631214321783118,0.13611754261748796,0.15037670185184715,0.2339663280640262,0.19390826192450833,0.13956445917031626,0.3289923865395396,0.26200710006943084,0.19346028002420618,0.13952783417537165,0.3208314787924454,0.26095140957924023,0.18632989373347383,0.710566105721992,0.18263692959476555,-113.43939056517658,-0.16756598067048759,0.710566105721992,-0.07264908928363195,-6.541777069499191,-1.3395017678226777,0.24181158312521617,0.6666666666666666,1.0,0.6666666666666666,0.6666666666666666,0.24890295595574619,0.927104339613073,-0.11425418451851124,0.10475497596238684,0.2894408304890719,0.35781599571567096,0.23685536857399736,0.18144094071251043,-0.18144094071251043,0.18842264238490936,0.16432746762141168,0.1691465025741112,0.17396553752681074,0.1787845724795103,0.18360360743220983,0.22230131305106166,0.25617998371721395,0.2900586543833663,0.32393732504951867,1.0,0.3333333333333333,0.25201778744642517,1.6308599120211986,0.7105661057219921,0.0,0.0,0.0,0.0
ID984_IZDA_aug2_059,0.1901275874889935,0.356121685888599,0.35758893176979656,0.5203391793173604,-0.9808969301985431,0.46179386039708614,0.16438879997918984,0.16438879997918984,0.17879446588489828,0.16438879997918984,0.16438879997918984,0.2536729557570257,2.98083571858485,0.18643607161531817,0.13618841658918077,0.15203172647332708,0.2342875059887165,0.19399261690567046,0.1396079207087699,0.3295822517552413,0.26214826662460705,0.19345695135014734,0.13956412709065763,0.31982400665879607,0.260885945462732,0.1933517382966774,0.7107761258960004,0.1805270912124458,-112.0554970887219,-0.16731622214516695,0.7107761258960004,-0.06778873408388644,-6.679432115601243,-1.337141317436825,0.24029619380211667,0.6666666666666666,1.0,0.6666666666666666,0.6666666666666666,0.2513310412043752,0.9117277454302435,-0.13821385531652314,0.10322703300826139,0.2881564617137035,0.356121685888599,0.23692537529866678,0.17879446588489828,-0.17879446588489828,0.19173288590940915,0.16292155409799225,0.16868382046027564,0.17444608682255902,0.18020835318484238,0.18597061954712577,0.2246106459052471,0.25748840590108507,0.2903661658969231,0.323243925892761,1.0,0.3333333333333333,0.2517456305406931,1.5843475818526718,0.7107761258960004,0.0,0.0,0.0,0.0
ID985_DCHA,0.25327080059505475,0.4201088915829239,0.4486263581176423,0.5553421470258832,-0.9968085466369351,0.4936170932738701,0.21698522837736858,0.21698522837736858,0.22431317905882114,0.21698522837736858,0.21698522837736858,0.3173959708649893,2.996806847266205,0.2126001790635356,0.15545932749451946,0.1674130214874074,0.2666790931421133,0.22149306784026843,0.15942739581497511,0.37556296272928447,0.29926539084884723,0.22122058263907615,0.15940511864460413,0.3705990867604589,0.2986232666125281,0.16290556375668314,0.8117003166311294,0.22467198063631377,-116.7614682472767,-0.20060710291640405,0.8117003166311294,-0.10116466350723172,-4.627036869659908,-1.1892810786516266,0.2893864930842041,0.6666666666666666,1.0,0.6666666666666666,0.6666666666666666,0.27789472289182904,0.9640163138586301,-0.05649294967573413,0.1295072743123911,0.33823718158872124,0.4201088915829239,0.2705667722103765,0.22431317905882114,-0.22431317905882114,0.20312366320555533,0.18846776184265024,0.19139894211523126,0.19433012238781228,0.1972613026603933,0.2001924829329743,0.24652070888102903,0.28991775455650276,0.3333148002319765,0.3767118459074502,1.0,0.3333333333333333,0.29055739570410455,1.7072089930266545,0.8117003166311295,0.0,0.0,0.0,0.0
ID985_IZDA,0.19517490714197208,0.36606571286853556,0.3823756012207251,0.5619248231199121,-0.9997443004488115,0.4994886008976232,0.18942249433829136,0.18942249433829136,0.19118780061036256,0.18942249433829136,0.18942249433829136,0.27039190597524165,2.9997442895508395,0.18740175071280737,0.13697053274511306,0.14438197431688854,0.23455008445846212,0.19520169232583595,0.1405851884276239,0.32886181838398987,0.2636132795482058,0.19513605053106667,0.1405798218483046,0.3276660186628305,0.2634585915609228,0.15987109772275374,0.7158215373848816,0.19121224861637498,-119.08376658767479,-0.16710229229932164,0.7158215373848816,-0.0929459408970745,-5.973507845235137,-1.3347535409987907,0.2500626357331481,0.6666666666666666,1.0,0.6666666666666666,0.6666666666666666,0.24037248540036504,0.9898196287519418,-0.015990608218209454,0.11038232814816532,0.296675689512318,0.36606571286853556,0.23860717912829385,0.19118780061036256,-0.19118780061036256,0.1766432185302442,0.17311260598610181,0.1738187284949303,0.17452485100375878,0.17523097351258723,0.17593709602141572,0.21452771739790247,0.25241221626556076,0.29029671513321903,0.3281812140008773,1.0,0.3333333333333333,0.25506529042709314,1.7300580391530802,0.7158215373848815,0.0,0.0,0.0,0.0
ID986_DCHA,0.14938616381844486,0.31196442788473494,0.30126373051592215,0.5613160499651668,-0.9994735228062831,0.4989470456125662,0.14863586606569815,0.14863586606569815,0.15063186525796107,0.14863586606569815,0.14863586606569815,0.2130443279877127,2.9994734766018016,0.1662370433400583,0.12134137021866234,0.12823430994374016,0.20779990179416957,0.17295202444623703,0.12463042177090204,0.28957620801028106,0.23345625759094574,0.1728778044814575,0.1246243538787997,0.28822413935494107,0.23328135474119407,0.1785722213089,0.6346295531382827,0.15067153304263908,-118.68522775076647,-0.13217960793926178,0.6346295531382827,-0.07232193384058616,-8.214679877186807,-1.4604073969988225,0.20632920051005854,0.6666666666666666,1.0,0.6666666666666666,0.6666666666666666,0.2135391835716905,0.9853914194529609,-0.022945090841329972,0.08696734795521925,0.2557935352800851,0.31196442788473494,0.21154318437942757,0.15063186525796107,-0.15063186525796107,0.1633285618190368,0.15933656343451097,0.16013496311141615,0.1609333627883213,0.16173176246522647,0.16253016214213162,0.1930557350321764,0.22278290824531605,0.2525100814584557,0.28223725467159533,1.0,0.3333333333333333,0.2231488022362693,1.7279482242237632,0.6346295531382827,0.0,0.0,0.0,0.0
ID986_IZDA,0.13887659838794292,0.30523782999018406,0.30863371378693183,0.541339151387667,-0.990505023821896,0.4810100476437918,0.14559374707225703,0.14559374707225703,0.15431685689346591,0.14559374707225703,0.14559374707225703,0.21858538362128108,2.9904899503143914,0.15914257198093415,0.1162596001945589,0.1273931286708598,0.19969742340831279,0.1656340836716666,0.11923565262261747,0.28046753302887745,0.22376958471646266,0.16530972036219854,0.1192091341303269,0.2745585910753622,0.22300520726964793,0.18351711884180655,0.6070797761836204,0.15505473309879014,-114.4081019255939,-0.14119675300707765,0.6070797761836204,-0.06407376371491963,-8.913820433567304,-1.5638551282891875,0.2058774700062196,0.6666666666666666,1.0,0.6666666666666666,0.6666666666666666,0.211083035215749,0.9378677991732656,-0.09744216837747549,0.0890948788679395,0.2472829830108818,0.30523782999018406,0.20235992539454015,0.15431685689346591,-0.1543168568934659,0.15964408291792703,0.1421978632755093,0.14568710720399283,0.14917635113247638,0.15266559506095995,0.1561548389894435,0.18876283233237842,0.21788158174682984,0.24700033116128126,0.27611908057573264,1.0,0.3333333333333333,0.2151562210642482,1.6583382295765499,0.6070797761836204,0.0,0.0,0.0,0.0
ID986_IZDA_aug2_014,0.1388763559883286,0.3052384034716571,0.30863671214628396,0.541344147324271,-0.9905072872147641,0.4810145744295284,0.14559621124338953,0.14559621124338953,0.15431835607314198,0.14559621124338953,0.14559621124338953,0.21858742338729467,2.9904922209042084,0.15914220613429286,0.11625934712058188,0.1273922156250776,0.1996969094502309,0.16563372871291251,0.11923540111450003,0.28046682794950906,0.22376909884087073,0.1653094012860401,0.11920888555580988,0.2745585396709582,0.22300480595308605,0.183513092333651,0.6070784982686873,0.15505606228848506,-114.40877058188431,-0.14119721562764626,0.6070784982686873,-0.06407596079194233,-8.913741021269011,-1.5638615105423939,0.2058783178200839,0.6666666666666666,1.0,0.6666666666666666,0.6666666666666666,0.21108164425264825,0.9378752286876034,-0.09743055365354339,0.08909574441972903,0.24728330597232942,0.3052384034716571,0.2023594994228958,0.15431835607314198,-0.15431835607314198,0.15964219222826756,0.1421979025687627,0.14568676050066368,0.14917561843256463,0.15266447636446562,0.15615333429636657,0.18876143447694546,0.21788067672562336,0.2469999189743013,0.2761191612229792,1.0,0.3333333333333333,0.21515603329392413,1.6583557309408299,0.6070784982686874,0.0,0.0,0.0,0.0
ID986_IZDA_aug2_016,0.13675367161429858,0.3004474235942464,0.29666760644650547,0.5314940777170366,-0.9860242690406116,0.47204853808122293,0.1381379642402047,0.1381379642402047,0.14833380322325274,0.1381379642402047,0.1381379642402047,0.21027064612657143,2.9859915629893643,0.1585717730702569,0.11579901455559262,0.12790639853118324,0.1990294446487301,0.1649726124694188,0.1187628375358152,0.2792604412348472,0.22287064940148332,0.1645934866595724,0.1187318419066176,0.2723538881874765,0.22197722153805693,0.19264097471622718,0.6046746643362337,0.14938133275740778,-113.21067310827547,-0.13729069740351424,0.6046746643362337,-0.058873143137054273,-9.279354528804852,-1.558881862762638,0.2012940899975104,0.6666666666666666,1.0,0.6666666666666666,0.6666666666666666,0.2117540604284593,0.9245630345363942,-0.11821899576374537,0.08564056122086595,0.24405529701976983,0.3004474235942464,0.20155822144541125,0.14833380322325274,-0.14833380322325274,0.16230945935404173,0.1419177813879456,0.14599611698116483,0.15007445257438407,0.15415278816760328,0.15823112376082252,0.18993705220208265,0.2175646450501236,0.24519223789816455,0.27281983074620547,1.0,0.3333333333333333,0.21350540322147868,1.6237571714700296,0.6046746643362337,0.0,0.0,0.0,0.0
ID986_IZDA_aug2_033,0.1388763559883286,0.3052384034716571,0.30863671214628396,0.541344147324271,-0.9905072872147641,0.4810145744295284,0.14559621124338953,0.14559621124338953,0.15431835607314198,0.14559621124338953,0.14559621124338953,0.21858742338729467,2.9904922209042084,0.15914220613429286,0.11625934712058188,0.1273922156250776,0.1996969094502309,0.16563372871291251,0.11923540111450003,0.28046682794950906,0.22376909884087073,0.1653094012860401,0.11920888555580988,0.2745585396709582,0.22300480595308605,0.183513092333651,0.6070784982686873,0.15505606228848506,-114.40877058188431,-0.14119721562764626,0.6070784982686873,-0.06407596079194233,-8.913741021269011,-1.5638615105423939,0.2058783178200839,0.6666666666666666,1.0,0.6666666666666666,0.6666666666666666,0.21108164425264825,0.9378752286876034,-0.09743055365354339,0.08909574441972903,0.24728330597232942,0.3052384034716571,0.2023594994228958,0.15431835607314198,-0.15431835607314198,0.15964219222826756,0.1421979025687627,0.14568676050066368,0.14917561843256463,0.15266447636446562,0.15615333429636657,0.18876143447694546,0.21788067672562336,0.2469999189743013,0.2761191612229792,1.0,0.3333333333333333,0.21515603329392413,1.6583557309408299,0.6070784982686874,0.0,0.0,0.0,0.0
ID987_DCHA,0.15472935690480852,0.3196250586897143,0.3163364461477196,0.5070577837101985,-0.9747199332051588,0.4494398664103176,0.1434617750282729,0.1434617750282729,0.1581682230738598,0.1434617750282729,0.1434617750282729,0.22464846496007856,2.974612512451151,0.16859325056327285,0.12312745202928892,0.1385823449872291,0.2119591541277761,0.17537839200418645,0.12620579875375817,0.2981205366613444,0.23700419054770425,0.17483154205544585,0.1261610907497192,0.28815854493764986,0.2357155128353742,0.20056635102202147,0.6425387299214234,0.16020619723560922,-110.85131288636336,-0.14971385686032088,0.6425387299214234,-0.05702443946854954,-8.371782990072191,-1.47441083445757,0.21518097516302215,0.6666666666666666,1.0,0.6666666666666666,0.6666666666666666,0.22888602468606137,0.8983479209595928,-0.1589970653655012,0.09131846616893774,0.2589755673338802,0.3196250586897143,0.21417957664047446,0.1581682230738598,-0.1581682230738598,0.1761632836614414,0.1467503875702676,0.15263296678850236,0.15851554600673712,0.16439812522497188,0.17028070444320664,0.20485563866709597,0.23354799367275056,0.2622403486784052,0.2909327036840597,1.0,0.3333333333333333,0.2271044964363384,1.5371000601956697,0.6425387299214234,0.0,0.0,0.0,0.0
ID987_DCHA_aug2_032,0.15472997652771478,0.3196265188724844,0.31634082669602986,0.5070400502351334,-0.9747116318754335,0.44942326375086694,0.1434612845683264,0.1434612845683264,0.15817041334801493,0.1434612845683264,0.1434612845683264,0.22465190018399292,2.9746041402601118,0.16859330641431433,0.12312751525039856,0.13858419759480495,0.21195949621529778,0.1753784554188783,0.12620580393825953,0.2981216918898253,0.23700433998741846,0.17483150578873935,0.12616108778471563,0.28815788426531963,0.2357154273711688,0.2005699895642402,0.6425387299214234,0.160209097953438,-110.84979801224806,-0.14971807527721326,0.6425387299214234,-0.05702151350447468,-8.371825833778148,-1.4744200939070022,0.2151832138073283,0.6666666666666666,1.0,0.6666666666666666,0.6666666666666666,0.22888870542016299,0.8983310890249784,-0.1590231685150525,0.09131973072431081,0.2589760085695353,0.3196265188724844,0.21417957664047446,0.15817041334801493,-0.15817041334801493,0.17616523430415798,0.14674697674478093,0.15263062825665635,0.15851427976853175,0.16439793128040717,0.17028158279228256,0.20485749121782326,0.23354974813148854,0.2622420050451538,0.2909342619588191,1.0,0.3333333333333333,0.22710495116261026,1.537036733290811,0.6425387299214234,0.0,0.0,0.0,0.0
ID987_DCHA_aug2_041,0.15472997652771478,0.3196265188724844,0.31634082669602986,0.5070400502351334,-0.9747116318754335,0.44942326375086694,0.1434612845683264,0.1434612845683264,0.15817041334801493,0.1434612845683264,0.1434612845683264,0.22465190018399292,2.9746041402601118,0.16859330641431433,0.12312751525039856,0.13858419759480495,0.21195949621529778,0.1753784554188783,0.12620580393825953,0.2981216918898253,0.23700433998741846,0.17483150578873935,0.12616108778471563,0.28815788426531963,0.2357154273711688,0.2005699895642402,0.6425387299214234,0.160209097953438,-110.84979801224806,-0.14971807527721326,0.6425387299214234,-0.05702151350447468,-8.371825833778148,-1.4744200939070022,0.2151832138073283,0.6666666666666666,1.0,0.6666666666666666,0.6666666666666666,0.22888870542016299,0.8983310890249784,-0.1590231685150525,0.09131973072431081,0.2589760085695353,0.3196265188724844,0.21417957664047446,0.15817041334801493,-0.15817041334801493,0.17616523430415798,0.14674697674478093,0.15263062825665635,0.15851427976853175,0.16439793128040717,0.17028158279228256,0.20485749121782326,0.23354974813148854,0.2622420050451538,0.2909342619588191,1.0,0.3333333333333333,0.22710495116261026,1.537036733290811,0.6425387299214234,0.0,0.0,0.0,0.0
ID987_DCHA_aug2_055,0.1570842915562826,0.31994917496259606,0.31048234073966263,0.5016962031370962,-0.9722034416256979,0.4444068832513958,0.14008591644295376,0.14008591644295376,0.15524117036983132,0.14008591644295376,0.14008591644295376,0.2205878632172819,2.9720734596833553,0.17041127252446112,0.12441639718886324,0.1402394687752585,0.21419761607018925,0.17721853064986837,0.12754474350134246,0.30086674099862803,0.2394676970012149,0.17665499213891223,0.12749867111515692,0.29060073293726285,0.23813969190442127,0.2059454286917832,0.6493651841481256,0.15744480347905868,-110.40265837216822,-0.14756763215498184,0.6493651841481256,-0.05488770429459933,-8.375327199941278,-1.4494984957075123,0.2144176634734927,0.6666666666666666,1.0,0.6666666666666666,0.6666666666666666,0.2316103153095861,0.893362870801869,-0.16672299893626585,0.08962853150233469,0.2600037300398871,0.31994917496259606,0.2164550613827085,0.15524117036983132,-0.15524117036983134,0.1798632585196423,0.14955275066588716,0.15561485223663818,0.16167695380738922,0.16773905537814024,0.17380115694889128,0.20788044180823304,0.2358976250968238,0.2639148083854146,0.2919319916740053,0.6666666666666666,0.3333333333333333,0.228826201556467,1.517923823023476,0.6493651841481255,0.0,0.0,0.0,0.0
ID987_DCHA_aug2_058,0.1573888597366891,0.3206712825579238,0.31253865685743304,0.4971135114663737,-0.970041847530089,0.44008369506017797,0.14041399436819785,0.14041399436819785,0.15626932842871652,0.14041399436819785,0.14041399436819785,0.22213281894277898,2.9698907530716565,0.17045282315336271,0.12445624876294148,0.14074681444098167,0.21432743661483736,0.17726772981784458,0.12756791824913022,0.3012670617633048,0.23955345635939923,0.17667815927087208,0.12751971760020267,0.29052682685425774,0.23816410554117298,0.20644847417964687,0.6494751908163384,0.15866404086015834,-110.03280832689903,-0.1490643303335001,0.6494751908163384,-0.05435166312358025,-8.368487282084915,-1.45270937651051,0.21535346440424263,0.6666666666666666,1.0,0.6666666666666666,0.6666666666666666,0.23234706433263153,0.8892534258544337,-0.17308423518596805,0.09022213883440151,0.260323553379035,0.3206712825579238,0.21649173027211285,0.15626932842871652,-0.15626932842871652,0.18025728818972597,0.14854662006868863,0.1548887536928961,0.16123088731710356,0.16757302094131105,0.1739151545655185,0.20834008706336554,0.2364228859370051,0.2645056848106447,0.29258848368428425,0.6666666666666666,0.3333333333333333,0.2290479278351215,1.5014854790999792,0.6494751908163385,0.0,0.0,0.0,0.0
ID987_IZDA,0.17231909715195898,0.3319615069301775,0.3114464830506689,0.5623882962553921,-0.9999503514263045,0.49990070285260907,-0.1550897264154502,-0.1550897264154502,0.15572324152533445,0.1550897264154502,0.1550897264154502,0.22022774254190638,2.999950351015468,0.17924508148340876,0.13077508649011643,0.1363572446225475,0.22370673923254805,0.1864325359475227,0.13440431340100586,0.31059984332535623,0.2515585469410426,0.1864560928053236,0.1344062393042562,0.3110289797328654,0.25161405978819656,0.1789530518428919,0.6844380377398637,0.15572710738770243,-120.4037193956434,-0.13431164294175837,0.6844380377398637,-0.07881189342749362,-7.143083122075302,-1.3345388015046225,0.21699753501436542,0.6666666666666666,1.0,0.6666666666666666,0.6666666666666666,0.22751249747007027,0.9955142289372957,0.007046174401417912,0.08990685541373296,0.27391664078153855,0.3319615069301775,0.2281460125799545,0.15572324152533445,-0.15572324152533445,0.1768717805147273,0.1756047502949588,0.1758581563389125,0.1761115623828662,0.1763649684268199,0.1766183744707736,0.20788972579781734,0.23890767108090738,0.2699256163639974,0.30094356164708747,1.0,0.3333333333333333,0.23966580701187434,1.731663843239498,0.6844380377398636,0.0,0.0,0.0,0.0
ID987_IZDA_aug2_004,0.17326569516307141,0.33400566337354304,0.3167193708563407,0.5621108099255063,-0.9998269967034178,0.4996539934068355,-0.15715700910052033,-0.15715700910052033,0.15835968542817036,0.15715700910052033,0.15715700910052033,0.2239608733652294,2.999826991714774,0.17944590830465867,0.13094155824289677,0.1361461294656385,0.2239455942741303,0.1866712353129486,0.13457348374819206,0.31107299148512746,0.2518852233686749,0.1867159560698634,0.1345771399171016,0.3118876716570626,0.2519906099429032,0.17562891171649242,0.6852976192642883,0.1583733855796369,-120.75363723052497,-0.1361019622638328,0.6852976192642883,-0.08098385720556023,-7.042389216785752,-1.338493902166978,0.21920246652837017,0.6666666666666666,1.0,0.6666666666666666,0.6666666666666666,0.22722986342711274,0.9916262529941671,0.0131530717546146,0.09142900701073861,0.27528851366109636,0.33400566337354304,0.22843253975476277,0.15835968542817036,-0.15835968542817036,0.1768486542730227,0.17444330161772265,0.17492437214878265,0.17540544267984268,0.17588651321090268,0.1763675837419627,0.20828005609312678,0.23971145791323084,0.2711428597333349,0.302574261553439,1.0,0.3333333333333333,0.24032318182194537,1.7307024775257807,0.6852976192642883,0.0,0.0,0.0,0.0
ID987_IZDA_aug2_007,0.17232154969359761,0.33196943639798626,0.31147027145409534,0.5623907004134588,-0.9999514200459698,0.49990284009193947,-0.1551084279596654,-0.1551084279596654,0.15573513572704767,0.1551084279596654,0.1551084279596654,0.2202445243929921,2.999951419652629,0.1792451961849971,0.13077528111188436,0.13636197177144824,0.22370767424508356,0.18643273622393924,0.1344043297747092,0.31060349177043534,0.25155901890187016,0.1864560399550241,0.13440623498345222,0.3110280169564275,0.25161393524397163,0.17895629850250191,0.6844380377398634,0.15573891866774675,-120.39935092854273,-0.13432783895413872,0.6844380377398634,-0.07880762951459722,-7.143010685813263,-1.3345769753723165,0.21700746570834237,0.6666666666666666,1.0,0.6666666666666666,0.6666666666666666,0.2275193048125722,0.9955627674606364,0.006969932139569509,0.08991372253429387,0.2739196670989284,0.33196943639798626,0.22814601257995448,0.15573513572704767,-0.15573513572704767,0.17686100843832087,0.17560759290355635,0.17585827601050924,0.17610895911746216,0.17635964222441505,0.17661032533136797,0.20788269403025394,0.23890437962218702,0.2699260652141201,0.3009477508060532,1.0,0.3333333333333333,0.23966751253462062,1.7316721719645853,0.6844380377398634,0.0,0.0,0.0,0.0
ID987_IZDA_aug2_026,0.17232154969359761,0.33196943639798626,0.31147027145409534,0.5623907004134588,-0.9999514200459698,0.49990284009193947,-0.1551084279596654,-0.1551084279596654,0.15573513572704767,0.1551084279596654,0.1551084279596654,0.2202445243929921,2.999951419652629,0.1792451961849971,0.13077528111188436,0.13636197177144824,0.22370767424508356,0.18643273622393924,0.1344043297747092,0.31060349177043534,0.25155901890187016,0.1864560399550241,0.13440623498345222,0.3110280169564275,0.25161393524397163,0.17895629850250191,0.6844380377398634,0.15573891866774675,-120.39935092854273,-0.13432783895413872,0.6844380377398634,-0.07880762951459722,-7.143010685813263,-1.3345769753723165,0.21700746570834237,0.6666666666666666,1.0,0.6666666666666666,0.6666666666666666,0.2275193048125722,0.9955627674606364,0.006969932139569509,0.08991372253429387,0.2739196670989284,0.33196943639798626,0.22814601257995448,0.15573513572704767,-0.15573513572704767,0.17686100843832087,0.17560759290355635,0.17585827601050924,0.17610895911746216,0.17635964222441505,0.17661032533136797,0.20788269403025394,0.23890437962218702,0.2699260652141201,0.3009477508060532,1.0,0.3333333333333333,0.23966751253462062,1.7316721719645853,0.6844380377398634,0.0,0.0,0.0,0.0
ID987_IZDA_aug2_065,0.1707659031277315,0.3280375277963954,0.3006750723752377,0.5620955509717834,-0.999820212552822,0.499640425105644,-0.14917360976337515,-0.14917360976337515,0.15033753618761886,0.14917360976337515,0.14917360976337515,0.21261575441008443,2.999820207165245,0.1789922218220948,0.13054596132603616,0.13577377066293356,0.223262433434992,0.18611815943639798,0.13420441710682887,0.30938350393777553,0.2510922026709293,0.18616143930271664,0.13420795547497286,0.310171935336667,0.25119419371846613,0.18250120041543927,0.6834375110139485,0.15035105241110475,-120.76827257354786,-0.12918813562930923,0.6834375110139485,-0.07691465773017503,-7.281312352481073,-1.3220939307026707,0.21253744431460236,0.6666666666666666,1.0,0.6666666666666666,0.6666666666666666,0.22664857724707244,0.9914636380716906,0.013408484149148471,0.08679741698722686,0.2717124433827806,0.3280375277963954,0.22781250367131614,0.15033753618761886,-0.15033753618761886,0.17886391803302024,0.1765360651845328,0.17700163575423028,0.17746720632392776,0.17793277689362527,0.17839834746332275,0.20869863998569527,0.23853336193837027,0.26836808389104533,0.2982028058437204,1.0,0.3333333333333333,0.23858325110795986,1.7306496080781728,0.6834375110139485,0.0,0.0,0.0,0.0
ID988_DCHA,0.3159061734051247,0.4570195162763756,0.4549729598824683,0.4634926576257418,-0.9538686337725398,0.40773726754507966,-0.1986030451630289,-0.1986030451630289,0.22748647994123414,0.1986030451630289,0.1986030451630289,0.32429724439359753,2.95350838878701,0.2391465940351931,0.17460050039748387,0.16328295490130676,0.29628209694226854,0.24912736457523457,0.1798603967648775,0.40837836208831146,0.3357483663849031,0.2502013767893976,0.17994820319609187,0.4279436940651717,0.3382793268546803,0.1274437348627773,0.9160855889466585,0.232922426936124,-132.40274605973218,-0.1719952823801312,0.9160855889466585,-0.1570683921379249,-3.4546722069239677,-1.0126419533060191,0.31125039215304035,0.6666666666666666,1.0,0.6666666666666666,1.0,0.27647842820401425,0.8621917104474204,0.2147821366581965,0.13133938043107193,0.38072160224800194,0.4570195162763756,0.3053618629822195,0.22748647994123414,-0.2274864799412341,0.2584164711133467,0.20064960155693623,0.2122029754682183,0.22375634937950042,0.2353097232907825,0.24686309720206462,0.29813708014595247,0.33785768917855824,0.37757829821116407,0.41729890724376983,0.6666666666666666,0.3333333333333333,0.32450278550685546,1.3794797041003248,0.9160855889466586,0.0,0.0,0.0,1.0
ID988_DCHA_aug3_034,0.31590537267626556,0.4570214839549711,0.4549788629182548,0.46358634883248556,-0.9539145043495333,0.40782900869906663,-0.1986206798931855,-0.1986206798931855,0.2274894314591274,0.1986206798931855,0.1986206798931855,0.3242987704033831,2.9535549810520205,0.2391469386937826,0.17460079799697753,0.163293069759691,0.29628387591370275,0.2491276558599254,0.17986042057901,0.40838366843548324,0.3357490528110238,0.25020112208814743,0.17994818237285776,0.4279390541602919,0.338278726639164,0.12746146100322261,0.9160855889466585,0.23291984861004275,-132.39648010611282,-0.1720105545044357,0.9160855889466585,-0.15704784307847652,-3.4548048183282076,-1.0126494276561109,0.3112483803187161,0.6666666666666666,1.0,0.6666666666666666,1.0,0.27649311141627764,0.8622613321543019,0.21467532613336515,0.13134108449072213,0.38071859520305273,0.4570214839549711,0.3053618629822195,0.2274894314591274,-0.22748943145912742,0.2584008040617856,0.2006633009299018,0.21221080155627858,0.22375830218265533,0.2353058028090321,0.24685330343540884,0.2981249400404227,0.3378490760190598,0.37757321199769694,0.417297347976334,0.6666666666666666,0.3333333333333333,0.3245023742472288,1.3798232638985672,0.9160855889466586,0.0,0.0,0.0,1.0
ID988_DCHA_aug3_036,0.31590537267626556,0.4570214839549711,0.4549788629182548,0.46358634883248556,-0.9539145043495333,0.40782900869906663,-0.1986206798931855,-0.1986206798931855,0.2274894314591274,0.1986206798931855,0.1986206798931855,0.3242987704033831,2.9535549810520205,0.2391469386937826,0.17460079799697753,0.163293069759691,0.29628387591370275,0.2491276558599254,0.17986042057901,0.40838366843548324,0.3357490528110238,0.25020112208814743,0.17994818237285776,0.4279390541602919,0.338278726639164,0.12746146100322261,0.9160855889466585,0.23291984861004275,-132.39648010611282,-0.1720105545044357,0.9160855889466585,-0.15704784307847652,-3.4548048183282076,-1.0126494276561109,0.3112483803187161,0.6666666666666666,1.0,0.6666666666666666,1.0,0.27649311141627764,0.8622613321543019,0.21467532613336515,0.13134108449072213,0.38071859520305273,0.4570214839549711,0.3053618629822195,0.2274894314591274,-0.22748943145912742,0.2584008040617856,0.2006633009299018,0.21221080155627858,0.22375830218265533,0.2353058028090321,0.24685330343540884,0.2981249400404227,0.3378490760190598,0.37757321199769694,0.417297347976334,0.6666666666666666,0.3333333333333333,0.3245023742472288,1.3798232638985672,0.9160855889466586,0.0,0.0,0.0,1.0
ID989_DCHA,0.12509664137773321,0.29069539002836653,0.29696600146178337,0.5408667028117141,-0.9902909353125455,0.4805818706250911,0.1399946482819178,0.1399946482819178,0.14848300073089168,0.1399946482819178,0.1399946482819178,0.2103295206733852,2.9902751732700574,0.15076019197023996,0.11015576634177161,0.12084922400590163,0.18923509990361784,0.1569326727962532,0.11296001429442581,0.2660369471735561,0.21203255527110335,0.1566170387908683,0.11293420947096362,0.260287027370871,0.21128874884133275,0.18154535016135345,0.5751201686233163,0.1492091079255686,-114.34520831703063,-0.1359411795201828,0.5751201686233163,-0.06150897169198502,-9.839660304602488,-1.6572295698450104,0.1968047723665577,0.6666666666666666,1.0,0.6666666666666666,0.6666666666666666,0.20019507532341266,0.9371689813003403,-0.0985345862499798,0.08572670044206371,0.23508748221614667,0.29069539002836653,0.19170672287443877,0.14848300073089168,-0.14848300073089166,0.15070074174644874,0.13372403684850095,0.1371193778280905,0.14051471880768007,0.14391005978726962,0.1473054007668592,0.1786996714028323,0.20669860105921584,0.23469753071559943,0.26269646037198296,1.0,0.3333333333333333,0.20420303734088877,1.6566829719878182,0.5751201686233163,0.0,0.0,0.0,0.0
ID989_DCHA_aug3_020,0.12509579970527948,0.2906928956053462,0.2969585181927224,0.5408804911984151,-0.9902971847986869,0.48059436959737406,0.13999387956332524,0.13999387956332524,0.1484792590963612,0.13999387956332524,0.13999387956332524,0.21032399790620196,2.9902814430738993,0.15076013565442878,0.11015568916533297,0.12084716476787306,0.18923470678122492,0.15693259433487114,0.11296000787977444,0.26603551783879825,0.21203237037315356,0.15661707087548096,0.11293421209405793,0.26028761185779725,0.21128882445023664,0.18154241381035632,0.5751201686233163,0.14920487719663644,-114.34703446542066,-0.13593536454890218,0.5751201686233163,-0.06151156024862667,-9.839666328161131,-1.65721515636604,0.19680164256606145,0.6666666666666666,1.0,0.6666666666666666,0.6666666666666666,0.20019210240747473,0.9371892718380074,-0.09850286900041552,0.08572454020836033,0.23508657611367736,0.2906928956053462,0.19170672287443877,0.1484792590963612,-0.14847925909636123,0.150699016042021,0.13372825697594906,0.13712240878916346,0.14051656060237783,0.14391071241559222,0.1473048642288066,0.17869779195468602,0.20669656786735108,0.23469534378001614,0.2626941196926812,1.0,0.3333333333333333,0.20420235038255516,1.6567312865851975,0.5751201686233163,0.0,0.0,0.0,0.0
ID990_DCHA,0.12252848263238966,0.2798675442489528,0.2632712559358218,0.5145561364101059,-0.978217122426905,0.4564342448538096,0.12029458966115869,0.12029458966115869,0.1316356279679109,0.12029458966115869,0.12029458966115869,0.18685051619078533,2.9781374606558084,0.1512201809589196,0.11034978819496541,0.12299295301769075,0.18979136912637615,0.1572095319154277,0.11319352351925431,0.26562001563276866,0.21235268667033527,0.15678782259462581,0.11315904645281026,0.25793771672553045,0.2113589087536494,0.207817213506789,0.5763313768110367,0.13309318540080067,-111.5126971055673,-0.12382142514226803,0.5763313768110367,-0.04880625652382714,-10.810260232781921,-1.610087849050715,0.18547085329770463,0.6666666666666666,1.0,0.6666666666666666,0.6666666666666666,0.20345149724376446,0.9056966345063033,-0.1475902353582226,0.07599986524221879,0.2288076471471818,0.2798675442489528,0.19211045893701226,0.1316356279679109,-0.1316356279679109,0.15957295458779414,0.13689087797428973,0.1414272932969906,0.1459637086196915,0.15050012394239237,0.15503653926509325,0.18363187252002586,0.2076907904522576,0.23174970838448936,0.2558086263167211,1.0,0.3333333333333333,0.20209608493023778,1.5638189587104714,0.5763313768110367,0.0,0.0,0.0,0.0
ID990_IZDA,0.10806768455533247,0.26838937965756876,0.26836044884560784,0.5605107402993696,-0.9991151015321993,0.49823020306439847,0.13187471529253886,0.13187471529253886,0.13418022442280392,0.13187471529253886,0.13187471529253886,0.18978750221499704,2.99911497098614,0.14059928193735535,0.10268605944907312,0.10891724350908934,0.17591396021191208,0.14634659298489947,0.10542424269112477,0.24591389197279048,0.19759715202679862,0.1462608640892614,0.10541723388035089,0.2443521645724415,0.1973951278383245,0.17244982774804146,0.5368076901270985,0.13423963179032944,-118.29535705326272,-0.11820011251111183,0.5368076901270985,-0.0636318485160044,-11.158382715036764,-1.7520056941500906,0.17994729862217385,0.6666666666666666,1.0,0.6666666666666666,0.6666666666666666,0.18124140583929788,0.9810595228140302,-0.029747243028572318,0.07746898869043024,0.21878863552907346,0.26838937965756876,0.17893589670903284,0.13418022442280392,-0.13418022442280392,0.1365146643650299,0.1319036461044998,0.13282584975660583,0.13374805340871185,0.13467025706081787,0.13559246071292388,0.16288960742353767,0.18926455048204543,0.21563949354055323,0.242014436599061,1.0,0.3333333333333333,0.1897961051192678,1.7251562501324043,0.5368076901270985,0.0,0.0,0.0,0.0
ID990_IZDA_aug2_034,0.1099281208732118,0.26903723682438124,0.26410412531133687,0.5591788831229263,-0.9985217628696202,0.4970435257392407,0.12911861834492744,0.12911861834492744,0.13205206265566843,0.12911861834492744,0.12911861834492744,0.18679589046411488,2.9985213984925507,0.14225352868511826,0.10386378096494889,0.11057578715954552,0.1779787509808926,0.14802521871502541,0.1066408972979223,0.24854252330437268,0.19985194488434996,0.1479161404477246,0.10663197954703602,0.24655543928143694,0.19959489679959863,0.17809109845313195,0.5430075851618068,0.13214977312954132,-117.79655739689859,-0.1169008781756319,0.5430075851618068,-0.06162586486172272,-11.13627839921425,-1.7203462936174718,0.17911698822715025,0.6666666666666666,1.0,0.6666666666666666,0.6666666666666666,0.18393597269800993,0.9755173044099842,-0.038447849489659805,0.07624029392129551,0.2198142808492709,0.26903723682438124,0.18100252838726894,0.13205206265566843,-0.13205206265566846,0.1399186184794538,0.13405172985797179,0.1352251075822682,0.1363984853065646,0.137571863030861,0.1387452407551574,0.16574234214843928,0.19156606581742477,0.21738978948641027,0.24321351315539577,1.0,0.3333333333333333,0.19142284857805578,1.720536188445364,0.5430075851618068,0.0,0.0,0.0,0.0
ID990_IZDA_aug2_066,0.1105721596321542,0.2720452832092351,0.27381737700800446,0.5553924582540211,-0.996831050315238,0.4936621006304763,0.13245194873661062,0.13245194873661062,0.13690868850400223,0.13245194873661062,0.13245194873661062,0.19372068303224704,2.996829374837918,0.14208863703462107,0.10378830905154036,0.11150430185267618,0.1779873054003977,0.1478968925256421,0.10651042965608508,0.24931152361954764,0.19973859915576675,0.14773117148234233,0.10649688104537341,0.246292575431665,0.19934806969616578,0.1762315133756276,0.5423184726197008,0.13712613381827937,-116.77291839731214,-0.12242605209989395,0.5423184726197008,-0.061769234600913686,-10.999767760340276,-1.7419572337518459,0.18292930598529994,0.6666666666666666,1.0,0.6666666666666666,0.6666666666666666,0.18522956397395857,0.9641435377479126,-0.05629342488037069,0.07904426816218431,0.22113815356780397,0.2720452832092351,0.18077282420656696,0.13690868850400223,-0.13690868850400223,0.13959333447262448,0.13067985493784126,0.1324625508447979,0.13424524675175456,0.13602794265871118,0.13781063856566783,0.1660837242199466,0.1925741139672687,0.21906450371459085,0.24555489346191298,1.0,0.3333333333333333,0.19198277668596056,1.7073839264856845,0.5423184726197009,0.0,0.0,0.0,0.0
ID991_DCHA,0.08679009246779372,0.23444654748637378,0.21660394652592546,0.5624995317019389,-0.999999791867485,0.4999995837349702,0.10827344694271754,0.10827344694271754,0.10830197326296273,0.10827344694271754,0.10827344694271754,0.15316212473325408,2.9999997918674777,0.1274916163976907,0.09299629998850832,0.09729087799251665,0.1591197304467548,0.1325746247672013,0.09558064516632477,0.22076875544035524,0.17888032616063237,0.1325735640340647,0.09558055844553148,0.22074943201397054,0.17887782649293552,0.18342705772213677,0.4867356959331959,0.10830198453354552,-119.97386078063097,-0.0938169646437176,0.4867356959331959,-0.05410819715111356,-14.351486230220278,-1.8649987367812741,0.1524243433208632,0.6666666666666666,1.0,0.6666666666666666,0.6666666666666666,0.16227375829797716,0.9997095642292331,-0.0004562154260649762,0.06252817341713918,0.19379192489440988,0.23444654748637378,0.16224523197773197,0.10830197326296273,-0.10830197326296272,0.12617310054365624,0.12611604790316586,0.12612745843126394,0.12613886895936202,0.12615027948746008,0.12616169001555816,0.14782778993219975,0.16948247932074326,0.19113716870928676,0.21279185809783027,1.0,0.3333333333333333,0.1700883030152218,1.7320491853366087,0.4867356959331959,0.0,0.0,0.0,0.0
ID991_IZDA,0.14655666840251447,0.31915423306952384,0.33998659978028,0.5397004314224675,-0.9897620426390612,0.47952408527812224,0.1600114177422361,0.1600114177422361,0.16999329989014,0.1600114177422361,0.1600114177422361,0.24082092923478937,2.9897445134717398,0.16183907641709647,0.11834199459921037,0.13038493556093192,0.20338586926132218,0.16857199095479133,0.12128586940325967,0.28711780808843096,0.22784062583699374,0.16820082099424102,0.12125552420868912,0.28035618712896665,0.22696594630790318,0.17280984854770817,0.6174760994282915,0.17087023123172448,-114.19271505043912,-0.1558630796956748,0.6174760994282915,-0.07002382672321414,-8.192887560130572,-1.5669081308335524,0.21953570866144267,0.6666666666666666,1.0,0.6666666666666666,0.6666666666666666,0.21580724862400108,0.9354746116715456,-0.10118279182222088,0.09814567745200511,0.25625597063498845,0.31915423306952384,0.20582536647609717,0.16999329989014,-0.16999329989014,0.15914281532728775,0.13917905103147993,0.1431718038906415,0.14716455674980305,0.15115730960896462,0.15515006246812618,0.19114509887573494,0.22314738242418217,0.25514966597262945,0.28715194952107664,1.0,0.3333333333333333,0.22102538949369177,1.6525950435573507,0.6174760994282915,0.0,0.0,0.0,0.0
ID992_DCHA,0.1602382055738781,0.32413352474192125,0.3188623567923592,0.45239342638720137,-0.9484013214309013,0.39680264286180245,0.13796099059226014,0.13796099059226014,0.1594311783961796,0.13796099059226014,0.13796099059226014,0.22750503119329035,2.947949783932115,0.17164401439828805,0.12535240987371238,0.14543075408296194,0.21634776578536719,0.17849277703897926,0.12837545601660938,0.3052664711541007,0.24132562910506106,0.17769442171459165,0.12831018605882766,0.2907227939489855,0.23944426710543443,0.2163042973900914,0.6535382174334046,0.163710743501461,-106.87046030352954,-0.15666517870859736,0.6535382174334046,-0.047510307492210635,-8.443082868609716,-1.4587714072252065,0.2202242762157468,0.6666666666666666,1.0,0.6666666666666666,1.0,0.23931626028172098,0.8541162255947725,-0.22715342517580261,0.09204763376425353,0.2621256172592603,0.32413352474192125,0.21784607247780155,0.1594311783961796,-0.15943117839617957,0.18617253414966112,0.14323215854182222,0.15182023366339,0.1604083087849578,0.16899638390652555,0.17758445902809333,0.21376473226811313,0.24135693038656517,0.26894912850501723,0.2965413266234692,0.6666666666666666,0.3333333333333333,0.23111195380441207,1.3386321593428614,0.6535382174334047,0.0,0.0,0.0,1.0
ID992_IZDA,0.27246472578147984,0.4270557339136382,0.4296448400023945,0.5623415540542787,-0.9999295746199454,0.49985914923989044,0.21378154430009816,0.21378154430009816,0.21482242000119725,0.21378154430009816,0.21378154430009816,0.303808346025569,2.9999295737933034,0.22295640495053767,0.16284833702085189,0.17097893140395903,0.27875640640696536,0.23210893161946022,0.16722842185401357,0.3894230178492351,0.3133568253196803,0.23207022731628468,0.16722525756343137,0.3887179397034042,0.3132656168026302,0.16694227050804547,0.8515223617385201,0.21482998487605542,-119.51916914373928,-0.18694309782282087,0.8515223617385201,-0.10584989644894999,-4.365898302698845,-1.1056215067753288,0.287082217998489,0.6666666666666666,1.0,0.6666666666666666,0.6666666666666666,0.28488166294727246,0.9946574349304362,-0.008391983082378582,0.12402778201565806,0.34833158245895574,0.4270557339136382,0.2838407872461734,0.21482242000119725,-0.21482242000119728,0.21327418961354005,0.21119243821134187,0.2116087884917815,0.21202513877222115,0.21244148905266078,0.21285783933310043,0.2560304984735597,0.2987868073335793,0.34154311619359895,0.3842994250536186,1.0,0.3333333333333333,0.30136618134836113,1.7315019121625617,0.8515223617385201,0.0,0.0,0.0,0.0
ID993_DCHA,0.15257328420844646,0.3193325750815842,0.32084092458794855,0.5503227681666327,-0.9945582846975145,0.48911656939502923,0.1535694945168366,0.1535694945168366,0.16042046229397428,0.1535694945168366,0.1535694945168366,0.22707558425377136,2.9945533403472853,0.1669776270354112,0.12196703058787624,0.13211341517502387,0.20930070543994125,0.1737878239636582,0.1251387532950953,0.29340842308128273,0.2347324973606703,0.17353307506942225,0.12511792616579112,0.2887676502662846,0.2341321695687439,0.18009312063293614,0.637156800656804,0.16085873305811707,-115.76956317838287,-0.14486130776893524,0.637156800656804,-0.0699337794812806,-8.048627750365895,-1.4836153839906865,0.21468116689684746,0.6666666666666666,1.0,0.6666666666666666,0.6666666666666666,0.21923656799607236,0.9529951464264763,-0.07376798290915612,0.09261879708895027,0.25935402192599766,0.3193325750815842,0.21238560021893468,0.16042046229397428,-0.1604204622939743,0.1657630805647476,0.15206114501047222,0.1548015321213273,0.15754191923218236,0.16028230634303745,0.1630226934538925,0.1964769794681149,0.22719087837148222,0.25790477727484956,0.2886186761782169,1.0,0.3333333333333333,0.22551665438014878,1.6897331254228347,0.637156800656804,0.0,0.0,0.0,0.0
ID993_IZDA,0.11786694471485867,0.27975033943825384,0.27807705224081797,0.5612681819869082,-0.9994522252703603,0.49890445054072063,-0.1371592330820048,-0.1371592330820048,0.13903852612040898,0.1371592330820048,0.1371592330820048,0.19664812985665459,2.9994521752517014,0.14688213282850268,0.10725815940357389,0.1109049018667137,0.18337531071639135,0.15290203435861827,0.11020241758330485,0.25548424987649965,0.2063603662859204,0.15297191467904198,0.11020813068550947,0.25675726302263446,0.2065250425589417,0.1635273463121464,0.5611739660739435,0.1390766226678957,-121.34110655802311,-0.11878338021260715,0.5611739660739435,-0.07233820261781074,-10.023093515011025,-1.6663417805450316,0.18721526393382273,0.6666666666666666,1.0,0.6666666666666666,0.6666666666666666,0.18517869565291034,0.9850988160219656,0.023404587790424577,0.08027393048334693,0.22914002163941752,0.27975033943825384,0.18705798869131451,0.13903852612040898,-0.13903852612040896,0.14259110635624903,0.13883252027944068,0.13958423749480234,0.14033595471016402,0.14108767192552568,0.14183938914088737,0.17002295297265,0.19745479958905093,0.22488664620545193,0.25231849282185287,1.0,0.3333333333333333,0.1982144837584266,1.7277823006748825,0.5611739660739435,0.0,0.0,0.0,0.0
ID994_DCHA,0.14536830517218094,0.30917408068629726,0.30366371477336274,0.5247966942650537,-0.9829523529592881,0.465904705918576,0.14028753977515648,0.14028753977515648,0.15183185738668137,0.14028753977515648,0.14028753977515648,0.2153424444302856,2.982903638697658,0.16363272602244103,0.11948600994993223,0.1326653732528264,0.20545321278845202,0.17021809199061422,0.12253164437078241,0.2883310231565454,0.2299686940516766,0.16978882385771502,0.12249654932969549,0.2805110250070791,0.2289571034375517,0.19620964602391744,0.623858527285529,0.15314283112453173,-112.49766260654978,-0.1414879179215787,0.623858527285529,-0.05859945227605334,-8.813440925292829,-1.5096958155226274,0.20702484187666909,0.6666666666666666,1.0,0.6666666666666666,0.6666666666666666,0.21949716004003456,0.916640695628331,-0.1305666383143565,0.08766016373376137,0.2511952941937511,0.30917408068629726,0.20795284242850967,0.15183185738668137,-0.15183185738668137,0.16888654091114078,0.14579790568809098,0.15041563273270095,0.1550333597773109,0.15965108682192086,0.1642688138665308,0.19694404886617206,0.22500155682120335,0.2530590647762347,0.28111657273126595,1.0,0.3333333333333333,0.22012746699142366,1.6001251578772728,0.623858527285529,0.0,0.0,0.0,0.0
ID994_IZDA,0.2579863035034018,0.4218418431022333,0.4436012177949127,0.5623098522555323,-0.9999154827481819,0.4998309654963637,0.22062329263331287,0.22062329263331287,0.22180060889745634,0.22062329263331287,0.22062329263331287,0.31367784805710525,2.9999154815576206,0.21514899252481862,0.15726895120749018,0.16520648572564461,0.2692389794331848,0.22413379347685508,0.16142331354276107,0.37757637310085196,0.30268338842271164,0.224090015717827,0.16141973446913774,0.3767788715666126,0.3025802240675077,0.1569420721293431,0.8219243115117872,0.2218099824805904,-119.47325377281851,-0.1931045476730908,0.8219243115117872,-0.10913433005251294,-4.485373344268469,-1.1648098464851755,0.28911873531962273,0.6666666666666666,1.0,0.6666666666666666,0.6666666666666666,0.27515208676807257,0.994147264142428,-0.009193326482734413,0.12805664125336932,0.34169729723268244,0.4218418431022333,0.2739747705039291,0.22180060889745634,-0.22180060889745634,0.20121855046892045,0.19886391794063352,0.1993348444462909,0.1998057709519483,0.20027669745760568,0.20074762396326307,0.245343208995583,0.28946786752224557,0.3335925260489082,0.37771718457557074,1.0,0.3333333333333333,0.2932497817580329,1.7313920839832533,0.8219243115117874,0.0,0.0,0.0,0.0
ID996_DCHA,0.11631474525830618,0.28247829125865415,0.2947642216171321,0.559585837249945,-0.9987031346959141,0.4974062693918283,-0.14431581976794405,-0.14431581976794405,0.14738211080856606,0.14431581976794405,0.14431581976794405,0.20847488446877355,2.9987028542647383,0.14458212732603407,0.10566583036479638,0.10842544886611083,0.18056143788646448,0.15062731902587012,0.10853599820389037,0.2523811242906262,0.20333281303519987,0.1507413371146153,0.10854531981246666,0.25445819727755203,0.20360150204231559,0.14986828762564838,0.5526706521588304,0.1474777712356199,-122.06378277341364,-0.12498116608701601,0.5526706521588304,-0.07829049196521601,-9.795779036575265,-1.7231589541240322,0.19342406374436932,0.6666666666666666,1.0,0.6666666666666666,0.6666666666666666,0.1811572596789881,0.9770690802954042,0.036012016106924914,0.08509110134906085,0.22992098746035453,0.28247829125865415,0.18422355071961008,0.14738211080856606,-0.14738211080856606,0.1381624714907101,0.1320298894094661,0.1332564058257149,0.1344829222419637,0.1357094386582125,0.1369359550744613,0.1670256354442989,0.1958887993978877,0.22475196335147654,0.25361512730506536,1.0,0.3333333333333333,0.196905006926611,1.7219482065344323,0.5526706521588303,0.0,0.0,0.0,0.0
ID996_IZDA,0.17178334039317272,0.3348927743798437,0.3262923619186048,0.48729707562380087,-0.9653777799326292,0.4307555598652584,0.14530822482326552,0.14530822482326552,0.1631461809593024,0.14530822482326552,0.14530822482326552,0.23209855251903927,2.96517565746041,0.17807177880699537,0.13002037094469923,0.14789039736413703,0.22401919669426426,0.18518188177131606,0.13324838341680525,0.31510118039101165,0.2502717346018154,0.18451858867917095,0.1331941555425759,0.3030179383434426,0.24870865312661652,0.20923042565307529,0.6783859612209264,0.16604594062770392,-109.276450434521,-0.15673686040656937,0.6783859612209264,-0.05481615627559591,-7.725729849238011,-1.3928425111022138,0.22533005658680125,0.6666666666666666,1.0,0.6666666666666666,0.6666666666666666,0.24396660987634564,0.8808494492724555,-0.186070470702287,0.09419249149411263,0.2717266020012687,0.3348927743798437,0.22612865374030877,0.1631461809593024,-0.1631461809593024,0.1895845495565782,0.15390863728450446,0.1610438197389192,0.16817900219333395,0.1753141846477487,0.18244936710216345,0.2186461945212313,0.24770783948588437,0.2767694844505375,0.30583112941519064,0.6666666666666666,0.3333333333333333,0.23929294486965325,1.4661221799919368,0.6783859612209263,0.0,0.0,0.0,0.0
ID997_DCHA,0.09821745291984549,0.2604055940540729,0.2747215780254899,0.5403497021703362,-0.990056551008979,0.48011310201795804,0.12941310350455762,0.12941310350455762,0.13736078901274495,0.12941310350455762,0.12941310350455762,0.19458238390533142,2.9900400174669697,0.13275429959954246,0.0970562239608195,0.10677774801560053,0.16678033095886255,0.13825667464747782,0.09948536535987988,0.2351971801993675,0.1868492387115931,0.13796114499957873,0.09946120417869603,0.22981350244049165,0.18615280914904603,0.1747045160534574,0.5064952041367287,0.13804884451894187,-114.27713466128787,-0.1258408303202912,0.5064952041367287,-0.05675886624409146,-12.29160391077214,-1.9037064043827938,0.17844396780522728,0.6666666666666666,1.0,0.6666666666666666,0.6666666666666666,0.17677942022043025,0.9364126073476431,-0.09971684406869855,0.0793052885126077,0.20944905855136473,0.2604055940540729,0.16883173471224291,0.13736078901274495,-0.13736078901274495,0.13099249054951526,0.11509711953314058,0.11827619373641551,0.12145526793969046,0.12463434214296538,0.12781341634624033,0.15687511125042677,0.1827577319513383,0.20864035265224984,0.23452297335316136,1.0,0.3333333333333333,0.1809396335059896,1.6548711381206576,0.5064952041367288,0.0,0.0,0.0,0.0
ID997_DCHA_aug0_008,0.09891112302768007,0.2630757613377537,0.2827204501290227,0.5503172910986079,-0.9945558236544105,0.489111647308821,0.13532187745629154,0.13532187745629154,0.14136022506451135,0.13532187745629154,0.13532187745629154,0.20009585139191166,2.994550874826885,0.13269376363512453,0.09704332429937232,0.10548049675956704,0.16659869008782635,0.1382491135726931,0.09948677196922015,0.23500700937086083,0.18682823001072243,0.1380245814443507,0.09946841522744132,0.23091669682826643,0.18629910945367886,0.16500727468467524,0.5065068338842383,0.14174659839235076,-115.76860492579041,-0.12765090841615193,0.5065068338842383,-0.06162259111992596,-11.901559382644182,-1.9121323397421008,0.18163474508694447,0.6666666666666666,1.0,0.6666666666666666,0.6666666666666666,0.17487395890296592,0.9529844991754489,-0.07378466199414002,0.08161436399370171,0.21131882945677913,0.2630757613377537,0.1688356112947461,0.14136022506451135,-0.14136022506451135,0.12775388388146214,0.11567718866502252,0.11809252770831044,0.12050786675159837,0.12292320579488629,0.12533854483817422,0.15481825937272045,0.18188263486397874,0.20894701035523708,0.23601138584649536,1.0,0.3333333333333333,0.18157746099821978,1.689714030661719,0.5065068338842383,0.0,0.0,0.0,0.0
ID997_IZDA,0.13530505710770477,0.29216891224938,0.26962570042010964,0.48955989650471876,-0.9664570464944434,0.43291409298888706,0.12031244846267344,0.12031244846267344,0.13481285021005482,0.12031244846267344,0.12031244846267344,0.19175383298695303,2.9662673984262886,0.15931445569769745,0.11622773957269479,0.1312592544729747,0.20011640993438928,0.16556676462720746,0.11919554779855995,0.2801371572521905,0.2236654693461973,0.16502757637946103,0.11915146618089956,0.27031473910269005,0.22239484679384758,0.21828189408886312,0.6068810363280305,0.13713237959820088,-109.44686173600417,-0.1293090693168063,0.6068810363280305,-0.04565582248395536,-10.086227403832442,-1.5248407306835792,0.19388533751648013,0.6666666666666666,1.0,0.6666666666666666,0.6666666666666666,0.21679408052339152,0.8827429081778239,-0.18314735462341947,0.07783423535899585,0.239257066775421,0.29216891224938,0.20229367877601015,0.13481285021005482,-0.1348128502100548,0.17185646378670658,0.14285566029194383,0.1486558209908964,0.15445598168984892,0.16025614238880148,0.16605630308775401,0.19591895347924126,0.21998144317177593,0.24404393286431064,0.26810642255684536,0.6666666666666666,0.3333333333333333,0.21237157461055906,1.4742923955371348,0.6068810363280305,0.0,0.0,0.0,0.0
ID998_DCHA,0.07677773649756299,0.22981962252393326,0.24076162414084493,0.5608788017763584,-0.9992789475395085,0.49855789507901704,-0.11851384480224486,-0.11851384480224486,0.12038081207042246,0.11851384480224486,0.11851384480224486,0.17026464977507702,2.9992788608659002,0.11739406719787958,0.08580286502083247,0.08845842445589701,0.146674290202001,0.12230601307377234,0.08811853696606907,0.20519364133291673,0.16511787130757385,0.12237543506824297,0.08812421259759529,0.20645830513319963,0.16528146751385647,0.15071688713637987,0.44869724343095485,0.12042423599539964,-121.53871528992316,-0.1026360002989104,0.44869724343095485,-0.06299085693747764,-14.862527323361334,-2.126544943238343,0.1575642701800677,0.6666666666666666,1.0,0.6666666666666666,0.6666666666666666,0.1476987805421407,0.9829031634452982,0.026852420011825584,0.06950189425412416,0.18680587318920186,0.22981962252393326,0.14956574781031828,0.12038081207042246,-0.12038081207042245,0.1113057777216884,0.1075718431853332,0.10831863009260423,0.10906541699987528,0.10981220390714631,0.11055899081441736,0.13500854668213735,0.15871131564258634,0.18241408460303532,0.2061168535634843,1.0,0.3333333333333333,0.1599768071706677,1.726432448597686,0.44869724343095485,0.0,0.0,0.0,0.0
ID998_IZDA,0.09803652713056742,0.2518709997853688,0.2411896486275399,0.5329793708323755,-0.9867029077064824,0.4734058154129646,0.11251218536395477,0.11251218536395477,0.12059482431376994,0.11251218536395477,0.11251218536395477,0.17092946325114408,2.9866733075846943,0.13491357948636473,0.09847383600464069,0.10838853713577837,0.16919404892847054,0.14030376593805538,0.10103303710531718,0.23674669336155052,0.18949818479597405,0.14000321813197097,0.10100846566198203,0.2312715995745207,0.18878992970683553,0.19809839990636266,0.5144233507285666,0.12140469022425882,-113.37832018598897,-0.11143795208080357,0.5144233507285666,-0.048173453732162225,-13.153567848432042,-1.8100469330980502,0.1670895841579421,0.6666666666666666,1.0,0.6666666666666666,0.6666666666666666,0.17955708919267066,0.9264257798443218,-0.11531301875121194,0.0696254542804307,0.20565329097328483,0.2518709997853688,0.1714744502428555,0.12059482431376994,-0.12059482431376996,0.13935881442141404,0.12319353652178369,0.12642659210170976,0.12965964768163582,0.1328927032615619,0.13612575884148798,0.161861251494205,0.18436368856699595,0.2068661256397869,0.22936856271257786,1.0,0.3333333333333333,0.18077290277266614,1.6289862391431382,0.5144233507285665,0.0,0.0,0.0,0.0
ID9992_DCHA,0.08071119514689451,0.23641773862074145,0.25376790258563153,0.4137412772517366,-0.9288181573952798,0.35763631479055946,0.10660407358669075,0.10660407358669075,0.12688395129281577,0.10660407358669075,0.10660407358669075,0.18171852154061252,2.927953029741372,0.1196896048079515,0.08755157792158633,0.10507326885186113,0.1515822519878886,0.12459760628021159,0.08948770779824802,0.2163370632654865,0.1686557826597384,0.12384351188232003,0.08942605641569909,0.20259968947953147,0.16687872362225692,0.20878872625913666,0.4554853132765928,0.1316562091775538,-104.52610770660137,-0.12744761443127178,0.4554853132765928,-0.033022159087220365,-16.35545477848852,-2.1647298124171175,0.16535465992212836,0.6666666666666666,0.6666666666666666,0.6666666666666666,1.0,0.17210831546498928,0.8280678634066818,-0.2667992552551828,0.07325648343475055,0.1878891983586517,0.23641773862074145,0.15182843775886426,0.12688395129281577,-0.12688395129281577,0.1298136650340507,0.08925390962180066,0.09736586070425067,0.10547781178670068,0.11358976286915068,0.12170171395160069,0.15113447975138886,0.17245529446872698,0.19377610918606517,0.2150969239034033,0.6666666666666666,0.6666666666666666,0.16402357060993247,1.1939814582442019,0.4554853132765928,0.0,0.0,1.0,1.0
ID9992_DCHA_aug3_001,0.08070768573070347,0.23640750622355403,0.253738237226738,0.41381801195175116,-0.9288579210216369,0.3577158420432737,0.10659771003644153,0.10659771003644153,0.126869118613369,0.10659771003644153,0.10659771003644153,0.1816959177495511,2.927993771531938,0.11968919100340435,0.08755113969517049,0.10506718221922283,0.15158075345112984,0.12459707727522855,0.0894874849044455,0.21633207816545727,0.16865481912226515,0.12384329779653795,0.08942585926828078,0.20260044127767854,0.16687850220674308,0.2087853595798157,0.45548428144392406,0.13163800087668942,-104.53053853239753,-0.12742743447303168,0.45548428144392406,-0.033027446441293296,-16.356038396240663,-2.16466636387899,0.16534216441633315,0.6666666666666666,0.6666666666666666,0.6666666666666666,1.0,0.17209950239156882,0.828117094804417,-0.266724725097549,0.07324791978327916,0.18788422380802944,0.23640750622355403,0.15182809381464135,0.126869118613369,-0.12686911861336897,0.1298097961871125,0.08926697903325755,0.09737554246402853,0.10548410589479953,0.11359266932557052,0.12170123275634151,0.1511293381944008,0.1724488802016891,0.19376842220897741,0.21508796421626572,0.6666666666666666,0.6666666666666666,0.16402000460381194,1.1942725259587452,0.45548428144392406,0.0,0.0,1.0,1.0
ID9992_DCHA_aug3_011,0.08070768573070347,0.23640750622355403,0.253738237226738,0.41381801195175116,-0.9288579210216369,0.3577158420432737,0.10659771003644153,0.10659771003644153,0.126869118613369,0.10659771003644153,0.10659771003644153,0.1816959177495511,2.927993771531938,0.11968919100340435,0.08755113969517049,0.10506718221922283,0.15158075345112984,0.12459707727522855,0.0894874849044455,0.21633207816545727,0.16865481912226515,0.12384329779653795,0.08942585926828078,0.20260044127767854,0.16687850220674308,0.2087853595798157,0.45548428144392406,0.13163800087668942,-104.53053853239753,-0.12742743447303168,0.45548428144392406,-0.033027446441293296,-16.356038396240663,-2.16466636387899,0.16534216441633315,0.6666666666666666,0.6666666666666666,0.6666666666666666,1.0,0.17209950239156882,0.828117094804417,-0.266724725097549,0.07324791978327916,0.18788422380802944,0.23640750622355403,0.15182809381464135,0.126869118613369,-0.12686911861336897,0.1298097961871125,0.08926697903325755,0.09737554246402853,0.10548410589479953,0.11359266932557052,0.12170123275634151,0.1511293381944008,0.1724488802016891,0.19376842220897741,0.21508796421626572,0.6666666666666666,0.6666666666666666,0.16402000460381194,1.1942725259587452,0.45548428144392406,0.0,0.0,1.0,1.0
ID9992_DCHA_aug3_016,0.08522772708578011,0.244161178256458,0.2660436833814174,0.41302352295394884,-0.9284460411787637,0.35689208235752784,0.11170117268562774,0.11170117268562774,0.1330218416907087,0.11170117268562774,0.11170117268562774,0.19052234143854196,2.9275717321822508,0.12256840838897737,0.0896844373141667,0.10799196473903813,0.1553260142585563,0.12762362004513803,0.09164231441531213,0.2220757793903536,0.1727813022106394,0.12683082448251112,0.09157749899876583,0.20763338463168282,0.17091304205199018,0.205867898579121,0.4664398513879566,0.1380526100704388,-104.48469836944338,-0.13366453514642526,0.4664398513879566,-0.03452991733773292,-15.356472095322548,-2.123292128436844,0.17146650901090904,0.6666666666666666,0.6666666666666666,0.6666666666666666,1.0,0.17680061946773315,0.827607759660482,-0.2674957173885891,0.07680019610823045,0.1934833322245912,0.244161178256458,0.1554799504626522,0.1330218416907087,-0.1330218416907087,0.13246000557083026,0.08981866756066836,0.09834693516270074,0.10687520276473313,0.1154034703667655,0.12393173796879789,0.15480024010795582,0.17714047464508134,0.19948070918220692,0.22182094371933245,0.6666666666666666,0.6666666666666666,0.1685504148969284,1.1912581109715106,0.4664398513879566,0.0,0.0,1.0,1.0
ID9992_DCHA_aug3_047,0.08158408161699832,0.23892892358095566,0.25995328026079595,0.4298950466583932,-0.9371092142491485,0.3742184284982972,0.11053633463816315,0.11053633463816315,0.12997664013039797,0.11053633463816315,0.11053633463816315,0.1858593686485478,2.936435813276853,0.1200103409317073,0.08780808306591549,0.10477495967654794,0.1519522789491243,0.12496651259557182,0.08975258904830026,0.2169794627677031,0.16915524958112124,0.12424363715828221,0.0896934899882301,0.20381080628318562,0.16745175949765076,0.20205727108409657,0.456833490482071,0.13426728347770064,-105.47630571456841,-0.12939887066507808,0.456833490482071,-0.035827861826846746,-15.872511893303006,-2.1625003670618685,0.16728974690281004,0.6666666666666666,0.6666666666666666,0.6666666666666666,1.0,0.17171813565292515,0.8386256190507602,-0.25078035359822604,0.07504204816764838,0.189522393886443,0.23892892358095566,0.15227783016069033,0.12997664013039797,-0.129976640130398,0.1283925889427925,0.08951197795832284,0.09728810015521677,0.10506422235211071,0.11284034454900464,0.12061646674589858,0.15049985587042514,0.17260712279805776,0.1947143897256904,0.21682165665332304,0.6666666666666666,0.3333333333333333,0.16490813767771673,1.2549051388794152,0.456833490482071,0.0,0.0,0.0,1.0
ID9992_DCHA_aug3_056,0.08527849392990589,0.24196159521981006,0.25513588015718336,0.45726846455707176,-0.9508108568923688,0.4016217137847378,0.11081587012508054,0.11081587012508054,0.12756794007859168,0.11081587012508054,0.11081587012508054,0.18195719927291962,2.9504008441827385,0.12361337727577498,0.0903855582537674,0.10568621253866244,0.15612359620407612,0.12867261164104613,0.09247829268333364,0.22175880975899137,0.1740710928635073,0.12804969653829804,0.09242736593278036,0.2104111354793608,0.17260316402592762,0.20168275045709813,0.4707489055022468,0.13082612460467194,-107.18602993708082,-0.12498479496222607,0.4707489055022468,-0.03865586510902913,-15.185369125487203,-2.071519284226107,0.1672364915202168,0.6666666666666666,1.0,0.6666666666666666,1.0,0.17366837178759342,0.8576225548564536,-0.22178625545247643,0.07365138454434095,0.19329799483886778,0.24196159521981006,0.15691630183408228,0.12756794007859168,-0.12756794007859168,0.13114572509472952,0.09764158518770726,0.1043424131691117,0.11104324115051617,0.11774406913192062,0.12444489711332507,0.15330889911974563,0.17547207314476174,0.19763524716977784,0.21979842119479395,0.6666666666666666,0.3333333333333333,0.1686006068888898,1.3566095627781345,0.47074890550224685,0.0,0.0,0.0,1.0
ID9992_DCHA_aug3_059,0.08547455685630743,0.247809177495496,0.280729336484838,0.41757198801595097,-0.9307987351760815,0.3615974703521629,0.11826802519371032,0.11826802519371032,0.140364668242419,0.11826802519371032,0.11826802519371032,0.2009502511808651,2.929981640054505,0.12157221845671085,0.08902844452919434,0.10780753189234697,0.15428086480214465,0.12666958386036842,0.09091288485540377,0.22156455377800913,0.17155961018146618,0.12584793419478846,0.09084571045655464,0.20659652244302448,0.16962335396746284,0.19632637777678183,0.46269819600164996,0.14548891707917297,-104.74821135476235,-0.14069562271024819,0.46269819600164996,-0.03703736954814649,-14.90154315511742,-2.161982751522669,0.1758432527752831,0.6666666666666666,0.6666666666666666,0.6666666666666666,1.0,0.17632937504925866,0.8305356817195816,-0.2630613328178785,0.08103957899447312,0.19493765434524654,0.247809177495496,0.15423273200055002,0.140364668242419,-0.140364668242419,0.12954115230178567,0.08534786620436835,0.09418652342385181,0.10302518064333528,0.11186383786281874,0.12070249508230221,0.15319475734052773,0.1768483623792698,0.20050196741801188,0.22415557245675394,0.6666666666666666,0.6666666666666666,0.1687943095963323,1.2084923312829,0.46269819600165,0.0,0.0,0.0,1.0
ID9992_IZDA,0.04895299104816652,0.17487830908769955,0.1599944162963724,0.3988796594189816,-0.9210461359882767,0.3420922719765537,0.06647460803198635,0.06647460803198635,0.0799972081481862,0.06647460803198635,0.06647460803198635,0.11473808457009274,2.919978906761085,0.09584440239347305,0.06992156209638443,0.08217275992201496,0.12080077201404799,0.09956291753521383,0.07162466983553581,0.16983437414985764,0.13458401979293666,0.09906008822133319,0.07158356076156104,0.16067430844107228,0.13339907878417095,0.24005402225604291,0.36464051096672623,0.08335547644403558,-103.68086117994137,-0.0809905297140082,0.36464051096672623,-0.019714703899793323,-29.74807782096056,-2.5733080840899465,0.11884640347990694,0.6666666666666666,1.0,0.6666666666666666,1.0,0.13506943710510858,0.818676235332682,-0.2809873022250701,0.04618640965877383,0.14301246940920553,0.17487830908769955,0.12154683698890874,0.0799972081481862,-0.07999720814818621,0.1084037010557132,0.0813585008233135,0.08676754086979344,0.09217658091627338,0.09758562096275332,0.10299466100923327,0.12169862266211047,0.13499354426850774,0.14828846587490502,0.1615833874813023,0.6666666666666666,0.6666666666666666,0.12774061093764258,1.1372987946545694,0.36464051096672623,0.0,0.0,1.0,1.0
ID9992_IZDA_aug3_007,0.046536412614339204,0.17192334328600645,0.1614028413681666,0.4125333656772149,-0.9281917357016675,0.35638347140333476,0.06774190060580351,0.06774190060580351,0.0807014206840833,0.06774190060580351,0.06774190060580351,0.11559124933219404,2.927311123575697,0.09312699600926293,0.06796402993861271,0.07974293933607568,0.11740665690494242,0.09677279465672127,0.06960794999652799,0.16532177056333666,0.13082749380624886,0.09629090311713656,0.06956855270125953,0.15654312929233188,0.12969189365075212,0.23323183694619493,0.3543671884898527,0.0837649496054728,-104.45645623250559,-0.08111275404255587,0.3543671884898527,-0.02091143022462197,-30.610828658344435,-2.6646164351569603,0.11685759139407366,0.6666666666666666,1.0,0.6666666666666666,1.0,0.131081916241564,0.827293958138951,-0.2679706407394894,0.046592986955940725,0.14000473035745384,0.17192334328600645,0.11812239616328424,0.0807014206840833,-0.0807014206840833,0.10418144268020293,0.07826240252364336,0.08344621055495527,0.08863001858626719,0.0938138266175791,0.09899763464889103,0.11772982280136364,0.13127820292252435,0.14482658304368504,0.15837496316484576,0.6666666666666666,0.6666666666666666,0.12454773196695743,1.1893975114376667,0.3543671884898527,0.0,0.0,1.0,1.0
ID9993_DCHA,0.15851006811926846,0.329957009569149,0.3454035177464407,0.5424942820786861,-0.9910280743631156,0.48205614872623126,0.16321460406858432,0.16321460406858432,0.17270175887322034,0.16321460406858432,0.16321460406858432,0.2446054113227713,2.9910146181820467,0.16891103542058694,0.12347173720407281,0.13542673376899464,0.21211606000222782,0.17589411387842185,0.12658376760842854,0.2988199471637591,0.23769034410069942,0.1755413400405429,0.12655492639850424,0.2923934492526232,0.23685901590287342,0.17540229539990337,0.6444675109610062,0.17348174496691382,-114.56478132550308,-0.1577802275329138,0.6444675109610062,-0.07212014722965612,-7.633902751496328,-1.4915358642668453,0.22540866832625372,0.6666666666666666,1.0,0.6666666666666666,0.6666666666666666,0.22430965845830475,0.9396086813944786,-0.0947202493497786,0.0997094069749756,0.26582390548855306,0.329957009569149,0.21482250365366873,0.17270175887322034,-0.17270175887322037,0.16674240550056466,0.1477680958912926,0.15156295781314702,0.15535781973500143,0.15915268165685584,0.16294754357871025,0.19938532631428152,0.23202824712799835,0.26467116794171525,0.29731408875543214,1.0,0.3333333333333333,0.229862326998335,1.6623835341511088,0.6444675109610062,0.0,0.0,0.0,0.0
ID9993_IZDA,0.6991043383304011,0.6899154660200646,0.7129507774575283,0.542764171811109,-0.9911502018781397,0.48230040375627925,0.3370277951930411,0.3370277951930411,0.35647538872876416,0.3370277951930411,0.3370277951930411,0.5048819895057739,2.9911371100751696,0.35562559991596787,0.2598963286125531,0.28472624936897867,0.44643024612485227,0.3702555218711474,0.2664920433898376,0.6281236786954808,0.5002818909039495,0.36953237543258033,0.26643292217391606,0.6149500853677035,0.49857776219317895,0.17812750028003427,1.3567956206026655,0.35806330369407535,-114.60201127757944,-0.3255588525074529,1.3567956206026655,-0.14906630406079752,-1.7442862876215115,-0.7051756357292378,0.4689989886606916,0.6666666666666666,1.0,0.6666666666666666,0.6666666666666666,0.47171280040327823,0.9400223475286602,-0.09407336563480902,0.20581116164202848,0.5570363524947392,0.6899154660200646,0.45226520686755517,0.35647538872876416,-0.35647538872876416,0.3528876708270235,0.31399248375557737,0.32177152116986657,0.32955055858415583,0.33732959599844503,0.3451086334127343,0.42029322986563167,0.4876987889042399,0.5551043479428481,0.6225099069814564,1.0,0.3333333333333333,0.48273675998774634,1.663328333287814,1.3567956206026655,0.0,0.0,0.0,0.0
ID9993_IZDA_aug3_048,0.6990956143327541,0.6899046954192766,0.7129184656551643,0.5427892068984812,-0.9911615289397533,0.4823230578795066,0.3370250808624046,0.3370250808624046,0.35645923282758213,0.3370250808624046,0.3370250808624046,0.5048581403337655,2.9911484706778633,0.355625342031875,0.25989598376885475,0.2847169415800311,0.4464284766585494,0.37025517183851625,0.2664920147727365,0.6281173021342642,0.5002810660355348,0.36953252521622987,0.26643293441955673,0.614952813983625,0.498578115165418,0.17812158997543906,1.3567956206026655,0.358045029927585,-114.60547713962785,-0.325533220345049,1.3567956206026655,-0.14907838846602478,-1.7442864045986015,-0.705164759390691,0.4689856482343908,0.6666666666666666,1.0,0.6666666666666666,0.6666666666666666,0.4716993588327327,0.9400608571069761,-0.09401314301865868,0.20580183402813204,0.557032560462661,0.6899046954192766,0.45226520686755517,0.35645923282758213,-0.3564592328275821,0.35287961455687195,0.31401131062651694,0.32178497141258794,0.32955863219865894,0.33733229298472994,0.34510595377080094,0.42028463072935285,0.4876896469018338,0.5550946630743148,0.6224996792467956,1.0,0.3333333333333333,0.48273374798562757,1.663415966294552,1.3567956206026655,0.0,0.0,0.0,0.0
ID9994_DCHA,0.25782427748461145,0.41855248734225114,0.4322887715945511,0.5141288354223377,-0.9780185191309538,0.45603703826190767,0.19743591602896177,0.19743591602896177,0.21614438579727555,0.19743591602896177,0.19743591602896177,0.3068172170943261,2.97793739269074,0.2159795273121381,0.15784909794040955,0.1775377776546429,0.2717356453235902,0.22481610140713296,0.16173056607216704,0.3834943188479153,0.30389500768567773,0.22412043881735574,0.16167369181270133,0.37082140011069115,0.30225564596165755,0.18963512120096293,0.8233686904322024,0.2185598683081988,-111.47380698235658,-0.20338853907111792,0.8233686904322024,-0.0800094882461671,-4.8697559846894025,-1.167183219991769,0.28525953196996756,0.6666666666666666,1.0,0.6666666666666666,0.6666666666666666,0.29316469991238125,0.9052645220261841,-0.14826152862103567,0.12479101932388337,0.3368663004703158,0.41855248734225114,0.27445623014406745,0.21614438579727555,-0.21614438579727555,0.22111657131328938,0.18369963177666182,0.19118301968398732,0.19866640759131285,0.20614979549863835,0.21363318340596388,0.26060375451908174,0.30009093772487405,0.33957812093066647,0.3790653041364588,1.0,0.3333333333333333,0.29315768082757754,1.5622994457673751,0.8233686904322023,0.0,0.0,0.0,0.0
ID9994_DCHA_aug2_011,0.25782520038397444,0.41855393203543795,0.4322926569735526,0.5141219553527472,-0.9780153206994973,0.45603064139899463,0.197436298916729,0.197436298916729,0.2161463284867763,0.197436298916729,0.197436298916729,0.30682014446520767,2.9779341705613613,0.2159796749029447,0.15784922351405256,0.17753894731508477,0.2717359970059645,0.22481626404244048,0.16173065748842386,0.383495258707299,0.30389526784052506,0.2241205434524245,0.16167377848711817,0.37082128337694564,0.302255769436205,0.18963626365151465,0.8233691391327612,0.2185621900920869,-111.47318207990287,-0.20339157231750335,0.8233691391327612,-0.08000811988831721,-4.86975125147992,-1.1671860273140249,0.2852612718936148,0.6666666666666666,1.0,0.6666666666666666,0.6666666666666666,0.2931664092809677,0.9052575786655873,-0.14827231467979007,0.12479214093618957,0.33686693849924687,0.41855393203543795,0.2744563797109204,0.2161463284867763,-0.21614632848677634,0.22111763311870894,0.18369757397861433,0.19118158580663325,0.19866559763465216,0.2061496094626711,0.21363362129069002,0.26060489290205474,0.3000921526854005,0.33957941246874634,0.3790666722520922,1.0,0.3333333333333333,0.2931582055159378,1.5622749767113908,0.8233691391327612,0.0,0.0,0.0,0.0
ID9994_DCHA_aug2_018,0.25660449618037173,0.41550795040560795,0.4233406162537517,0.5014231873042125,-0.9720749409924057,0.4441498819848115,0.19095714189621615,0.19095714189621615,0.21167030812687584,0.19095714189621615,0.19095714189621615,0.30077684285139206,2.9719437487870515,0.21599872090764616,0.15782826963498323,0.17886434805438256,0.27186724759479775,0.22477538797574567,0.16169494924981392,0.3835887288274462,0.30384994506962365,0.22400518201871372,0.16163198065830703,0.3695578499964927,0.3020349183826563,0.1965010993680263,0.8231832349630722,0.21468913598136116,-110.38028985974057,-0.20124999221331544,0.8231832349630722,-0.07476540471744841,-4.985564124930864,-1.1640188369498472,0.28243309843467257,0.6666666666666666,1.0,0.6666666666666666,0.6666666666666666,0.29510757788501707,0.8931143317748952,-0.16710792622611895,0.12220790937650279,0.334861613856398,0.41550795040560795,0.27439441165435735,0.21167030812687584,-0.21167030812687587,0.2245508085093918,0.18312447604807242,0.1914097425403363,0.19969500903260018,0.20798027552486403,0.21626554201712792,0.262742236888635,0.30093366526787824,0.3391250936471215,0.37731652202636473,0.6666666666666666,0.3333333333333333,0.2924633858453463,1.5169457442475367,0.8231832349630721,0.0,0.0,0.0,0.0
ID9994_DCHA_aug2_024,0.25782520038397444,0.41855393203543795,0.4322926569735526,0.5141219553527472,-0.9780153206994973,0.45603064139899463,0.197436298916729,0.197436298916729,0.2161463284867763,0.197436298916729,0.197436298916729,0.30682014446520767,2.9779341705613613,0.2159796749029447,0.15784922351405256,0.17753894731508477,0.2717359970059645,0.22481626404244048,0.16173065748842386,0.383495258707299,0.30389526784052506,0.2241205434524245,0.16167377848711817,0.37082128337694564,0.302255769436205,0.18963626365151465,0.8233691391327612,0.2185621900920869,-111.47318207990287,-0.20339157231750335,0.8233691391327612,-0.08000811988831721,-4.86975125147992,-1.1671860273140249,0.2852612718936148,0.6666666666666666,1.0,0.6666666666666666,0.6666666666666666,0.2931664092809677,0.9052575786655873,-0.14827231467979007,0.12479214093618957,0.33686693849924687,0.41855393203543795,0.2744563797109204,0.2161463284867763,-0.21614632848677634,0.22111763311870894,0.18369757397861433,0.19118158580663325,0.19866559763465216,0.2061496094626711,0.21363362129069002,0.26060489290205474,0.3000921526854005,0.33957941246874634,0.3790666722520922,1.0,0.3333333333333333,0.2931582055159378,1.5622749767113908,0.8233691391327612,0.0,0.0,0.0,0.0
ID9994_DCHA_aug2_029,0.2566449635023143,0.4174914044361552,0.4310082664762289,0.5106646280169702,-0.9764053493574891,0.45281069871497803,0.19616278798785727,0.19616278798785727,0.21550413323811446,0.19616278798785727,0.19616278798785727,0.3059938531369565,2.976311827773584,0.21549747012192616,0.15749653481895745,0.17759226163899317,0.27118670175955994,0.224308266183482,0.16135777517999095,0.38282119530165265,0.3032202959133238,0.22358907052006338,0.16129897696176132,0.3697195734340938,0.30152547739064406,0.19087207397497216,0.8214659468322366,0.21809239865474436,-111.16407102767573,-0.20338215033484178,0.8214659468322366,-0.07874004874367144,-4.907972337975613,-1.1703022854033875,0.284614633696491,0.6666666666666666,1.0,0.6666666666666666,0.6666666666666666,0.29316332752766944,0.9018230114186193,-0.15360550329500305,0.12442136933650237,0.3359370594966584,0.4174914044361552,0.2738219822774122,0.21550413323811446,-0.21550413323811446,0.2213286164482979,0.1826459259477835,0.1903824640478864,0.19811900214798928,0.20585554024809213,0.21359207834819502,0.26056117404586937,0.2997937316434408,0.3390262892410123,0.37825884683858374,1.0,0.3333333333333333,0.2924864461260352,1.5499667351595776,0.8214659468322366,0.0,0.0,0.0,0.0
ID9994_IZDA,0.2230974910436577,0.38476641605185763,0.3823064332996217,0.5551449901702206,-0.9967203506424115,0.4934407012848232,0.1848225706767262,0.1848225706767262,0.19115321664981086,0.1848225706767262,0.1848225706767262,0.2704796824680407,2.9967185559966207,0.2022794991098013,0.14772275833866028,0.15870415605799504,0.2533249835202998,0.21050848886177684,0.15161616756057117,0.35446960968403796,0.28427363615329465,0.21027308780401327,0.15159692222377352,0.3501812973332909,0.28371890245112014,0.17919314608325787,0.7719928148559512,0.19146744754886957,-116.71697632778323,-0.1710260418689037,0.7719928148559512,-0.08608063936527843,-5.496864531598416,-1.2176473673122534,0.25746775163872065,0.6666666666666666,1.0,0.6666666666666666,0.6666666666666666,0.2636615842584017,0.9635219591975913,-0.057268222930246554,0.11036236108923114,0.3133869316780145,0.38476641605185763,0.25733093828531706,0.19115321664981086,-0.1911532166498109,0.19994384537513143,0.1872825534289621,0.18981481181819598,0.19234707020742983,0.1948793285966637,0.19741158698589756,0.23690835951047667,0.2738728736458219,0.31083738778116715,0.3478019019165124,1.0,0.3333333333333333,0.2727009907350648,1.7065234288691165,0.7719928148559512,0.0,0.0,0.0,0.0
ID9995_DCHA,0.14080335579168465,0.30365809941940447,0.2982672921083712,0.4483943809242955,-0.946415044013874,0.39283008802774827,0.12864583171199268,0.12864583171199268,0.1491336460541856,0.12864583171199268,0.12864583171199268,0.21288774000367086,2.945927742508842,0.16093036278739856,0.11752582339802517,0.13659050780715412,0.2028701869475624,0.1673456435838982,0.12035529731856105,0.2862778726853993,0.22625910165563243,0.16658381719399729,0.12029301380295478,0.2723996448304576,0.22446382181407593,0.21753241374023866,0.6127070061498421,0.1532974102683265,-106.6155287505612,-0.1468964937302799,0.6127070061498421,-0.043835101513803376,-9.64269043213708,-1.556127797406717,0.20642103353884098,0.6666666666666666,1.0,0.6666666666666666,1.0,0.22472348305880702,0.8512836527840133,-0.2314842456542688,0.08610235069461443,0.2455940605826906,0.30365809941940447,0.20423566871661405,0.1491336460541856,-0.14913364605418564,0.1750122677074118,0.1340366390230259,0.14223176475990307,0.15042689049678026,0.15862201623365743,0.16681714197053463,0.20074143404981032,0.22647060039220884,0.2521997667346074,0.27792893307700595,0.6666666666666666,0.3333333333333333,0.21664360579200476,1.3238420901001966,0.6127070061498422,0.0,0.0,0.0,1.0
ID9995_IZDA,0.11442098859617975,0.2648423899507648,0.2347692863277121,0.3980978545232733,-0.9206333079870417,0.34126661597408325,0.09748586297005318,0.09748586297005318,0.11738464316385605,0.09748586297005318,0.09748586297005318,0.16837527077280143,2.919554734530978,0.14713256903210986,0.10729059368625807,0.1255319656119407,0.18528157247538352,0.1527889874440084,0.10994663175747563,0.2598089908619259,0.20648247424093977,0.15204906391554993,0.10988613892178092,0.24632976848356464,0.2047388095260596,0.2447820759694152,0.5597578835245823,0.12233984964151974,-103.63705690901405,-0.11889093214622659,0.5597578835245823,-0.028844151291223724,-12.93520702248287,-1.6585275200650256,0.17921738273889493,0.6666666666666666,1.0,0.6666666666666666,1.0,0.20648474136866365,0.8181895212112671,-0.2817209470610208,0.06777205532938045,0.21775574462955966,0.2648423899507648,0.1865859611748608,0.11738464316385605,-0.11738464316385605,0.16735652698071163,0.1275589665931059,0.13551847867062705,0.14347799074814818,0.15143750282566934,0.15939701490319047,0.18685369957472225,0.20635087216873288,0.22584804476274356,0.24534521735675419,0.6666666666666666,0.6666666666666666,0.19529549286161194,1.1342995784760217,0.5597578835245823,0.0,0.0,1.0,1.0
ID9995_IZDA_aug2_009,0.11669923522472807,0.2672045404602634,0.23518447821585825,0.4461864130033304,-0.9453145769519843,0.3906291539039681,0.1012630114736505,0.1012630114736505,0.11759223910792913,0.1012630114736505,0.1012630114736505,0.1678962678176526,2.94480686322752,0.1487985830212876,0.10848984719133414,0.12440420514909559,0.1870241066178045,0.15453178574216875,0.11125059861708028,0.26148160485808364,0.20875917187458623,0.1539245937630383,0.11120095731873529,0.2504203594749184,0.20732829531985122,0.23596205227384384,0.5664291431649319,0.12094571395387535,-106.47620641930268,-0.11597939231082474,0.5664291431649319,-0.03430227810254663,-12.342052420934632,-1.6185710393585733,0.17785661713592815,0.6666666666666666,1.0,0.6666666666666666,1.0,0.20513894202258925,0.8497356268811408,-0.23384914592107445,0.06789191090357372,0.22017481632996913,0.2672045404602634,0.18880971438831062,0.11759223910792913,-0.11759223910792914,0.16594152898661288,0.13328307371805562,0.13981476477176707,0.14634645582547853,0.15287814687918996,0.15940983793290142,0.186194131281343,0.20644673357607307,0.22669933587080318,0.2469519381655333,0.6666666666666666,0.3333333333333333,0.1972301829713428,1.315659340684068,0.5664291431649319,0.0,0.0,0.0,1.0
ID9995_IZDA_aug2_023,0.11437074628990258,0.26597830896759406,0.239303132110339,0.4013972651962456,-0.9223728027840628,0.34474560556812534,0.09961093151027467,0.09961093151027467,0.1196515660551695,0.09961093151027467,0.09961093151027467,0.17156995245331638,2.9213416124623928,0.1468302803999938,0.10709171394896515,0.1254135716158573,0.18495670663886565,0.15250050950750288,0.1097269921464193,0.25963051798393055,0.20611160966120096,0.15175531121491492,0.10966606806961988,0.24605520497463207,0.2043555147157115,0.2420033547028607,0.5586317947924432,0.1245848239487486,-103.8223449285993,-0.1209769944302075,0.5586317947924432,-0.02976483121024251,-12.81969149461858,-1.6692393137126547,0.18016631486261286,0.6666666666666666,1.0,0.6666666666666666,1.0,0.20625123280904256,0.8202482769844368,-0.27861657742484996,0.06908086387091239,0.2181487666190968,0.26597830896759406,0.18621059826414774,0.1196515660551695,-0.1196515660551695,0.1663673774573194,0.12628610836752974,0.13430236218548766,0.14231861600344559,0.15033486982140354,0.15835112363936146,0.18628956375937433,0.20621175006142925,0.2261339363634842,0.2460561226655391,0.6666666666666666,0.6666666666666666,0.19525261098544675,1.1469450368117375,0.5586317947924432,0.0,0.0,1.0,1.0
ID9995_IZDA_aug2_046,0.11393820303052316,0.26216037413599275,0.2260558046125142,0.39905516786644674,-0.9211387566884429,0.3422775133768855,0.09393401643530769,0.09393401643530769,0.1130279023062571,0.09393401643530769,0.09393401643530769,0.1621103523986401,2.9200740641515686,0.14730710215875642,0.10737842346125694,0.12509529779393755,0.1853567446157081,0.1529278935616826,0.11007419012408406,0.25933045771306434,0.20662669959689875,0.15221789951842885,0.11001614418913148,0.24639646220103137,0.2049535651264003,0.24838119851387738,0.560425317795464,0.11776687196623388,-103.69070332619145,-0.11442082495488734,0.560425317795464,-0.027873122346704415,-13.155904165846833,-1.6405337467674197,0.1767131759644321,0.3333333333333333,1.0,0.6666666666666666,1.0,0.20590232513610407,0.8187855925132383,-0.28082244089737046,0.06525668982245626,0.2165566476862044,0.26216037413599275,0.18680843926515467,0.1130279023062571,-0.11302790230625709,0.16822635770068506,0.13003858595878623,0.137676140307166,0.14531369465554575,0.15295124900392554,0.1605888033523053,0.1870131609877466,0.20579996427480812,0.22458676756186968,0.24337357084893121,0.6666666666666666,0.6666666666666666,0.19488304443992654,1.137971849844559,0.560425317795464,0.0,0.0,1.0,1.0
ID9996_DCHA,0.04597472811707884,0.16512247327305457,0.13867130018205925,0.3586558807932161,-0.8992525687905762,0.29850513758115244,0.0559366585868306,0.0559366585868306,0.06933565009102963,0.0559366585868306,0.0559366585868306,0.09986956840675035,2.8975015811459803,0.093798612668076,0.06835346740571857,0.0804681540902622,0.11809583299448856,0.09734165575351199,0.07005993043969978,0.16518522492179863,0.13152908954014556,0.09684342274751802,0.07001919713928417,0.15610889037406,0.13035497994783363,0.25930641935141296,0.35669611963710446,0.07311655963962259,-101.49379483857642,-0.0716503013944687,0.35669611963710446,-0.014569337789216277,-33.853214872825234,-2.5796572221593603,0.11268650180121172,0.3333333333333333,1.0,0.6666666666666666,1.0,0.13229769804990052,0.7943754982064046,-0.31740735846766976,0.04003095624449365,0.1369560440058371,0.16512247327305457,0.11889870654570149,0.06933565009102963,-0.06933565009102963,0.10918581468622397,0.08238783167782593,0.08774742827950553,0.09310702488118515,0.09846662148286475,0.10382621808454437,0.12037314640359009,0.1315604781209562,0.14274780983832233,0.15393514155568847,0.6666666666666666,0.6666666666666666,0.12379381798926638,0.9805805546785176,0.35669611963710446,0.0,0.0,1.0,1.0
ID9996_DCHA_aug3_013,0.04475780094362856,0.16522662887960646,0.1453045650054932,0.3915023331612225,-0.9171343152517464,0.33426863050349276,0.06004389564114318,0.06004389564114318,0.0726522825027466,0.06004389564114318,0.06004389564114318,0.10428159542422387,2.9159571141411664,0.09210353335361328,0.06715606634391541,0.07867786738978483,0.11598488327439224,0.09563460697296114,0.06881990257346836,0.16258387612541453,0.1292404866729859,0.09516577209946914,0.06878157273277632,0.15404308876635373,0.12813565516733494,0.24718389059033172,0.3503753216333262,0.07586348535767694,-103.26987981766027,-0.07383790561319276,0.3503753216333262,-0.017413560958968163,-33.33466050981839,-2.6461949089038463,0.1119407309925411,0.3333333333333333,1.0,0.6666666666666666,1.0,0.12940016073937882,0.8141097757517809,-0.2878640039120101,0.04194581486020149,0.1360216860601512,0.16522662887960646,0.1167917738777754,0.0726522825027466,-0.0726522825027466,0.10518273323846328,0.07996595951525642,0.0850093142598978,0.09005266900453916,0.09509602374918054,0.1001393784938219,0.11719151236669191,0.12920029149492054,0.1412090706231492,0.1532178497513778,0.6666666666666666,0.6666666666666666,0.122144451291123,1.1089263844838928,0.3503753216333262,0.0,0.0,1.0,1.0
ID9996_DCHA_aug3_025,0.04597594481917979,0.16513327920569743,0.13870371797998782,0.3588597629659342,-0.8993660325877249,0.29873206517544953,0.05595812909726773,0.05595812909726773,0.06935185898999391,0.05595812909726773,0.05595812909726773,0.09989066368592517,2.8976190563161244,0.09379841520192693,0.0683534536926085,0.08046459145176735,0.11809537637877669,0.09734165838160722,0.07005993065456109,0.16518527279793527,0.131529095733376,0.09684362102530074,0.07001921334958817,0.15611250240993002,0.1303554471987861,0.2592489060980823,0.35669611963710446,0.07312903901109269,-101.50459675332374,-0.0716597820235388,0.35669611963710446,-0.014585334655907695,-33.845378931829416,-2.579664182265986,0.11268637130092898,0.3333333333333333,1.0,0.6666666666666666,1.0,0.13229243643842767,0.794495519481375,-0.31722857281820505,0.04004031445667394,0.13696126146302054,0.16513327920569743,0.11889870654570149,0.06935185898999391,-0.06935185898999391,0.1091751501084297,0.08238769032297735,0.08774518228006782,0.09310267423715829,0.09846016619424876,0.10381765815133923,0.12036677592788324,0.1315584017473368,0.14275002756679034,0.15394165338624388,0.6666666666666666,0.6666666666666666,0.12379545605443924,0.9813879129002838,0.35669611963710446,0.0,0.0,1.0,1.0
ID9996_IZDA,0.10076130285381299,0.24591095844524452,0.21420680982629045,0.22103633104212317,-0.8134300071021515,0.12686001420430298,0.07748896979088613,0.07748896979088613,0.10710340491314523,0.07748896979088613,0.07748896979088613,0.1571505909094817,2.807237083435047,0.13788827847841956,0.10054260128530743,0.12496912940651732,0.17457062270315368,0.1430872669149376,0.10284540975488188,0.24641611371881228,0.1935602672205253,0.14198607291633306,0.10275538106264073,0.2263556098721092,0.19096525159289035,0.28151646970507,0.5235260655094431,0.11875261532623448,-94.4094190728933,-0.11840112262119731,0.5235260655094431,-0.009130049773183962,-16.722570514293125,-1.848891728521357,0.1795263110326532,0.3333333333333333,1.0,1.0,1.0,0.2041231236254068,0.7156602119210368,-0.4319374872569508,0.061836179657729876,0.20298639311196426,0.24591095844524452,0.1745086885031477,0.10710340491314523,-0.10710340491314523,0.1684219886543584,0.10919311840984021,0.12103889245874384,0.1328846665076475,0.14473044055655113,0.15657621460545476,0.1839197826125356,0.19941757657071285,0.2149153705288901,0.2304131644870673,0.6666666666666666,0.6666666666666666,0.18326783938070257,0.39634690696297104,0.5235260655094431,1.0,1.0,1.0,1.0
ID9996_IZDA_aug3_012,0.1007635841716903,0.24592754089264324,0.21425655716848666,0.2212909006278399,-0.8136104452822819,0.1272208905645635,0.07752457638776475,0.07752457638776475,0.10712827858424333,0.07752457638776475,0.07752457638776475,0.15718045206806755,2.8074299050365785,0.1378879107581438,0.10054252923289982,0.12496183275936532,0.17456960548278871,0.14308722151836548,0.10284540604346135,0.24641528672728286,0.19356016024136072,0.14198642661680294,0.10275540997960791,0.2263620532505198,0.19096608510474017,0.2814465035871464,0.523526065509443,0.11876702245841064,-94.42269060438704,-0.11841336886587078,0.523526065509443,-0.009158585997403795,-16.717522195909826,-1.8488027724228395,0.17951213258230422,0.3333333333333333,1.0,1.0,1.0,0.20411239069962625,0.7158076733820784,-0.4317285660200378,0.06185054047843411,0.202992775962127,0.24592754089264324,0.17450868850314769,0.10712827858424333,-0.10712827858424333,0.1684029645048785,0.10919556011192134,0.12103704099051277,0.1328785218691042,0.14472000274769564,0.15656148362628705,0.18390787978243145,0.19941279505998438,0.21491771033753734,0.2304226256150903,0.6666666666666666,0.6666666666666666,0.183269914035456,0.3975184699601988,0.523526065509443,1.0,1.0,1.0,1.0
ID9996_IZDA_aug3_014,0.09776973506238186,0.23633170108101617,0.1889274100304729,0.17819863293080615,-0.7814238661053672,0.0628477322107343,0.06561924704585437,0.06561924704585437,0.09446370501523645,0.06561924704585437,0.06561924704585437,0.1396810246293537,2.772822243965921,0.13701453410807043,0.0998031857211851,0.12370555175796127,0.17322405837068836,0.14205741680598435,0.10215910230277958,0.24324665764643102,0.19208219616575786,0.1409848539197516,0.10207141436212942,0.22370772814593437,0.18955465110564806,0.29807528826904095,0.5200676932125756,0.10686159193951751,-92.1264835420675,-0.10678800163867162,0.5200676932125756,-0.003965165553545119,-18.545617400892834,-1.8570792618988254,0.17764395020867774,0.3333333333333333,1.0,1.0,1.0,0.20220035570690728,0.6902942615785279,-0.4675212657137993,0.05453864551919616,0.19826986604117194,0.23633170108101617,0.17335589773752522,0.09446370501523645,-0.09446370501523645,0.1707124540351618,0.11302353809639765,0.12456132128415048,0.13609910447190332,0.14763688765965613,0.15917467084740897,0.18383630344433266,0.19696015285350355,0.21008400226267443,0.22320785167184531,0.6666666666666666,0.6666666666666666,0.18052676169327533,0.19245250570475697,0.5200676932125756,1.0,1.0,1.0,1.0
ID9996_IZDA_aug3_030,0.1007635841716903,0.24592754089264324,0.21425655716848666,0.2212909006278399,-0.8136104452822819,0.1272208905645635,0.07752457638776475,0.07752457638776475,0.10712827858424333,0.07752457638776475,0.07752457638776475,0.15718045206806755,2.8074299050365785,0.1378879107581438,0.10054252923289982,0.12496183275936532,0.17456960548278871,0.14308722151836548,0.10284540604346135,0.24641528672728286,0.19356016024136072,0.14198642661680294,0.10275540997960791,0.2263620532505198,0.19096608510474017,0.2814465035871464,0.523526065509443,0.11876702245841064,-94.42269060438704,-0.11841336886587078,0.523526065509443,-0.009158585997403795,-16.717522195909826,-1.8488027724228395,0.17951213258230422,0.3333333333333333,1.0,1.0,1.0,0.20411239069962625,0.7158076733820784,-0.4317285660200378,0.06185054047843411,0.202992775962127,0.24592754089264324,0.17450868850314769,0.10712827858424333,-0.10712827858424333,0.1684029645048785,0.10919556011192134,0.12103704099051277,0.1328785218691042,0.14472000274769564,0.15656148362628705,0.18390787978243145,0.19941279505998438,0.21491771033753734,0.2304226256150903,0.6666666666666666,0.6666666666666666,0.183269914035456,0.3975184699601988,0.523526065509443,1.0,1.0,1.0,1.0
ID9996_IZDA_aug3_038,0.1007635841716903,0.24592754089264324,0.21425655716848666,0.2212909006278399,-0.8136104452822819,0.1272208905645635,0.07752457638776475,0.07752457638776475,0.10712827858424333,0.07752457638776475,0.07752457638776475,0.15718045206806755,2.8074299050365785,0.1378879107581438,0.10054252923289982,0.12496183275936532,0.17456960548278871,0.14308722151836548,0.10284540604346135,0.24641528672728286,0.19356016024136072,0.14198642661680294,0.10275540997960791,0.2263620532505198,0.19096608510474017,0.2814465035871464,0.523526065509443,0.11876702245841064,-94.42269060438704,-0.11841336886587078,0.523526065509443,-0.009158585997403795,-16.717522195909826,-1.8488027724228395,0.17951213258230422,0.3333333333333333,1.0,1.0,1.0,0.20411239069962625,0.7158076733820784,-0.4317285660200378,0.06185054047843411,0.202992775962127,0.24592754089264324,0.17450868850314769,0.10712827858424333,-0.10712827858424333,0.1684029645048785,0.10919556011192134,0.12103704099051277,0.1328785218691042,0.14472000274769564,0.15656148362628705,0.18390787978243145,0.19941279505998438,0.21491771033753734,0.2304226256150903,0.6666666666666666,0.6666666666666666,0.183269914035456,0.3975184699601988,0.523526065509443,1.0,1.0,1.0,1.0
ID9996_IZDA_aug3_042,0.0986684237041008,0.23765863441745713,0.19191095895247243,0.1425818116971887,-0.7517333789699718,0.0034667579399434846,0.06411816685143282,0.06411816685143282,0.09595547947623621,0.06411816685143282,0.06411816685143282,0.14297600159945623,2.7405109512315096,0.137343133232975,0.10005797647568238,0.12596893848645876,0.17391966961145425,0.14239255560782388,0.10236012573180217,0.2448559922337154,0.19259836643935055,0.14120870531828122,0.10226333943119398,0.22328973477373387,0.1898085673612257,0.30522727284415574,0.5210649442998989,0.11067202657863816,-90.11481256653644,-0.11067180438004365,0.5210649442998989,-0.0002217708009130126,-18.955459707132974,-1.8926792063602862,0.18400829623260173,0.3333333333333333,1.0,1.0,1.0,0.20552562739143634,0.667942361850405,-0.4982636059657859,0.05539992190582458,0.19941492535361427,0.23765863441745713,0.17368831476663296,0.09595547947623621,-0.0959554794762362,0.17354046756602431,0.10986584231641754,0.12260076736633889,0.13533569241626026,0.1480706174661816,0.16080554251610296,0.18636410093631087,0.19918773430659745,0.212011367676884,0.22483500104717058,0.6666666666666666,0.6666666666666666,0.18135455485880028,0.010412285294310849,0.5210649442998989,1.0,1.0,1.0,1.0
ID9997_DCHA,0.025322976889814428,0.1313558329647647,0.13577289341261833,0.5538552219564962,-0.9961429999759236,0.4922859999518475,-0.06544758919743097,-0.06544758919743097,0.06788644670630917,0.06544758919743097,0.06544758919743097,0.09606786843015898,2.9961405173749016,0.067551278387184,0.04935904069511712,0.049977703639802876,0.08425653652946576,0.0703719031401623,0.050723047337348656,0.11749929306035894,0.09497047377460065,0.07046259051073482,0.05073046153083844,0.11915134923622162,0.0951841828432689,0.14708876668252882,0.2582946054816757,0.06801774565695624,-123.56063148540936,-0.05667927486142322,0.2582946054816757,-0.03760150961647188,-44.76012844996778,-3.6691051329881987,0.08970530131953545,0.6666666666666666,1.0,0.6666666666666666,0.6666666666666666,0.08365934431834704,0.9604374279398961,0.06210475041473076,0.039194258280214785,0.10730439851214989,0.1313558329647647,0.08609820182722523,0.06788644670630917,-0.06788644670630917,0.06590824376733372,0.06103052874957732,0.0620060717531286,0.06298161475667988,0.06395715776023116,0.06493270076378244,0.07899776160681991,0.0920872794463061,0.10517679728579231,0.11826631512527849,1.0,0.3333333333333333,0.09187487304265955,1.7020368237864347,0.2582946054816757,0.0,0.0,0.0,0.0
ID9997_DCHA_aug3_055,0.024263838901116636,0.1294148105401574,0.1362729189473354,0.5584630953570837,-0.9982025894741052,0.49640517894821073,-0.06646716394622519,-0.06646716394622519,0.0681364594736677,0.06646716394622519,0.06646716394622519,0.096388418984489,2.998202050703827,0.0659066966291546,0.048174632854132614,0.04924958991135269,0.08229845939363106,0.0686742343313786,0.0494833868042085,0.11507916532277228,0.09270460484315664,0.06873630602746628,0.0494884615082398,0.11620992838515386,0.09285087972440868,0.1464417694470306,0.25197151267313683,0.06819777674001241,-122.42983318731055,-0.05756225249493615,0.25197151267313683,-0.0365721730279976,-46.548292988714515,-3.790852593515478,0.08905313787274441,0.6666666666666666,1.0,0.6666666666666666,0.6666666666666666,0.08232120869693643,0.9730018534743272,0.042395878642793684,0.03933860321875007,0.1052478955366977,0.1294148105401574,0.08399050422437894,0.0681364594736677,-0.0681364594736677,0.06294764659393222,0.05960905553904721,0.060276773750024215,0.06094449196100121,0.06161221017197822,0.062279928382955214,0.07624107938317726,0.08953451217242228,0.10282794496166733,0.11612137775091237,1.0,0.3333333333333333,0.08993301007067545,1.7180518753408938,0.25197151267313683,0.0,0.0,0.0,0.0
ID9997_DCHA_aug3_061,0.025534949638872227,0.13071720069341936,0.1314689737983374,0.5605842722564416,-0.9991478392693967,0.4982956785387931,-0.06462613280016274,-0.06462613280016274,0.0657344868991687,0.06462613280016274,0.06462613280016274,0.09297581639013196,2.9991477182053536,0.06822064469636638,0.0498263820298705,0.05136089761816143,0.08516748395659314,0.07103044562387337,0.051192647738147,0.1187300747645517,0.0958671958797911,0.07107165906850316,0.0511960171649033,0.11948086206050477,0.09596431730709505,0.15977841680433771,0.2606826282819207,0.06576251298668058,-121.67280412864848,-0.05596787275328769,0.2606826282819207,-0.034529774598093296,-45.81627645154832,-3.6030239861673583,0.0879504895138978,0.6666666666666666,1.0,0.6666666666666666,0.6666666666666666,0.08578585532830094,0.9814132874594613,0.029191792178689543,0.03795182370627698,0.10692914519375914,0.13071720069341936,0.0868942094273069,0.0657344868991687,-0.0657344868991687,0.06609106789325661,0.06387435969524469,0.06431770133484707,0.06476104297444946,0.06520438461405184,0.06564772625365423,0.07901629445328916,0.0919415210133217,0.10486674757335426,0.11779197413338681,1.0,0.3333333333333333,0.09225860328242606,1.7254112308026424,0.2606826282819207,0.0,0.0,0.0,0.0
ID9997_DCHA_aug3_076,0.026135667278891744,0.13396900328849995,0.14001885985900547,0.5581653152632468,-0.998069747575911,0.4961394951518225,0.0682318770825054,0.0682318770825054,0.07000942992950274,0.0682318770825054,0.0682318770825054,0.09904019359005535,2.9980691261969703,0.06858947071077161,0.05013364278469218,0.0536021275700814,0.08594711548980431,0.0714372847136328,0.05143579351569577,0.12070663084724585,0.09649519131964951,0.07137118753773752,0.051430389706453965,0.11950253542628997,0.09633943020525167,0.16534377009432522,0.2618881500064944,0.07007709584040678,-117.48192013123875,-0.062169350745485,0.2618881500064944,-0.03233838569425537,-45.18749670526659,-3.6553869521543585,0.09146528263961216,0.6666666666666666,1.0,0.6666666666666666,0.6666666666666666,0.08907360284916212,0.9720213347915416,-0.04393463808987952,0.04041996321561064,0.10833835773922604,0.13396900328849995,0.0872960500021648,0.07000942992950274,-0.07000942992950274,0.06573712620599455,0.0621820205119999,0.06289304165079883,0.06360406278959777,0.06431508392839669,0.06502610506719562,0.07938350162249562,0.0930298770389967,0.10667625245549779,0.12032262787199888,1.0,0.3333333333333333,0.09333750100020846,1.7170180844410892,0.2618881500064944,0.0,0.0,0.0,0.0
ID9997_IZDA,0.05078094918027421,0.18338708297437542,0.18163485628813703,0.5576738492630419,-0.9978504234375094,0.49570084687501903,0.08838381071116817,0.08838381071116817,0.09081742814406851,0.08838381071116817,0.08838381071116817,0.1284813429919906,2.997849652771976,0.09654974969804579,0.07050482537805876,0.07535414686479158,0.12085521215658455,0.10047686052826968,0.07237593172240388,0.16896500511681595,0.13567166122224186,0.1003863680066009,0.07236853345888833,0.16731649851277117,0.13545841132421105,0.1777363733134605,0.3685263926349892,0.09091519529832291,-117.34261300162463,-0.08075777439911555,0.3685263926349892,-0.041758287922683726,-24.06978418645236,-2.5454347965271578,0.1225308417077271,0.6666666666666666,1.0,0.6666666666666666,0.6666666666666666,0.1252757483112301,0.9704734777958293,-0.04636352620854458,0.05243346658608746,0.14954830845606576,0.18338708297437542,0.12284213087832974,0.09081742814406851,-0.09081742814406851,0.09500327226320725,0.09013603739740655,0.09110948437056669,0.09208293134372683,0.09305637831688697,0.09402982529004711,0.11268003440544087,0.1303567965476745,0.14803355868990817,0.1657103208321418,1.0,0.3333333333333333,0.13010373960840405,1.715311530005328,0.3685263926349892,0.0,0.0,0.0,0.0
ID9997_IZDA_aug3_015,0.05157880859496706,0.18740824640667622,0.1934390628988036,0.5595953841826657,-0.998707388793008,0.4974147775860157,0.09471058489236635,0.09471058489236635,0.0967195314494018,0.09471058489236635,0.09471058489236635,0.13681157575337585,2.998707110199002,0.09658229578776391,0.07057767119406902,0.07513469093476004,0.12095063499028948,0.10057580719492822,0.0724291631160069,0.16959859317558962,0.13583369811624593,0.10050110579059647,0.07242305586356174,0.16823775411285366,0.1356576607314683,0.1665966447131165,0.36878567632122505,0.09678210249110573,-117.93960637448826,-0.08550137003054789,0.36878567632122505,-0.045346345889147724,-22.991210245096394,-2.582630037105981,0.12729497024610317,0.6666666666666666,1.0,0.6666666666666666,0.6666666666666666,0.12493750533077715,0.9771067374943139,-0.03595290262262852,0.05584104751820661,0.15194494697534588,0.18740824640667622,0.12292855877374169,0.0967195314494018,-0.09671953144940182,0.09269766151430987,0.08867976840023896,0.08948334702305315,0.09028692564586732,0.09109050426868151,0.09189408289149568,0.11163977849278314,0.1305818954712564,0.14952401244972968,0.16846612942820297,1.0,0.3333333333333333,0.13112183722905332,1.7219813281484444,0.36878567632122505,0.0,0.0,0.0,0.0
ID9997_IZDA_aug3_060,0.05078105179990047,0.18338770667998847,0.18163672740497622,0.5576782759578122,-0.9978523993482459,0.495704798696492,0.08838584237855267,0.08838584237855267,0.09081836370248811,0.08838584237855267,0.08838584237855267,0.12848262408270475,2.9978516300993743,0.09654971901790764,0.07050480938316184,0.0753533959321786,0.12085509146327367,0.10047684594723558,0.0723759305303238,0.16896473949341947,0.1356716268613469,0.1003863941836839,0.07236853559900944,0.16731697538194684,0.13545847301174258,0.17773074603323027,0.36852639263498915,0.09091604184945368,-117.3438355059292,-0.08075763535826473,0.36852639263498915,-0.04176039986534087,-24.069393030134993,-2.5454377752823736,0.1225315170186228,0.6666666666666666,1.0,0.6666666666666666,0.6666666666666666,0.12527465220226516,0.9704870611769911,-0.046342212417557246,0.052434006730992855,0.1495488666931888,0.18338770667998847,0.12284213087832972,0.09081836370248811,-0.09081836370248811,0.0950018643014358,0.0901368216535649,0.09110983018313908,0.09208283871271326,0.09305584724228744,0.09402885577186162,0.11267903277714633,0.13035620125285685,0.1480333697285674,0.16571053820427795,1.0,0.3333333333333333,0.1301038710670574,1.7153269031097953,0.36852639263498915,0.0,0.0,0.0,0.0
ID9997_IZDA_aug3_066,0.054754003767763466,0.19073586226057965,0.18994343680676007,0.5505455498092726,-0.9946583781018404,0.48931675620368087,0.09095350250127798,0.09095350250127798,0.09497171840338003,0.09095350250127798,0.09095350250127798,0.1344304530642281,2.994653614128192,0.10018194561824763,0.07316587154318688,0.07919393692845139,0.12554629882290266,0.10425492999489898,0.0750765886776033,0.1758563744738427,0.14080584734813859,0.1041055151835671,0.07506437319142858,0.17313447769518645,0.1404537442937289,0.18184093644301907,0.3822641499749789,0.09522639063620246,-115.80872069278927,-0.08572779782750016,0.3822641499749789,-0.04145853534853694,-22.539836325208704,-2.46427684938534,0.12780798879089758,0.6666666666666666,1.0,0.6666666666666666,0.6666666666666666,0.131439599227095,0.9534302299198807,-0.07308640022712404,0.05483194718559279,0.15513853622360294,0.19073586226057965,0.12742138332499295,0.09497171840338003,-0.09497171840338003,0.09978235975930166,0.09174592795509758,0.09335321431593839,0.0949605006767792,0.09656778703762003,0.09817507339846085,0.11797306025955726,0.13616376075981285,0.15435446126006847,0.17254516176032406,1.0,0.3333333333333333,0.13509750030720216,1.6905097644004856,0.3822641499749789,0.0,0.0,0.0,0.0
ID9998_DCHA,0.08859817251805747,0.23857147554437075,0.22697681913922776,0.4689304392184822,-0.956523305584225,0.4130466111684499,0.09951921511630982,0.09951921511630982,0.11348840956961388,0.09951921511630982,0.09951921511630982,0.1617081166813506,2.956203618410841,0.12833490245028045,0.09367176932027492,0.10730124326678488,0.16148348050219694,0.13340846248949095,0.09599735396072935,0.2269336034143189,0.18029607104944334,0.13288902684826354,0.09595488722776276,0.21747101944440825,0.1790719964465633,0.21823848709986027,0.4887376074938845,0.11603893436111472,-107.96491274331814,-0.1103815229893446,0.4887376074938845,-0.03579041310485084,-15.378744739956637,-1.9222785308102552,0.16023746937113603,0.6666666666666666,1.0,0.6666666666666666,1.0,0.1768817302845989,0.8662768082590904,-0.20851065779900838,0.06552256381491907,0.19418487685424224,0.23857147554437075,0.16291253583129484,0.11348840956961388,-0.11348840956961388,0.13905226042806093,0.1111138715214528,0.11670154930277443,0.12228922708409605,0.12787690486541767,0.1334645826467393,0.15895610345132288,0.17885994647458486,0.19876378949784684,0.2186676325211088,0.6666666666666666,0.3333333333333333,0.1718508777186949,1.399385805522704,0.4887376074938845,0.0,0.0,0.0,1.0
ID9998_DCHA_aug3_017,0.0840695140727136,0.23406960615706265,0.22760901929949987,0.47747540207812433,-0.9606639662622851,0.42132793252457,0.10050889626855,0.10050889626855,0.11380450964974993,0.10050889626855,0.10050889626855,0.16203851240863923,2.960402641123959,0.12460055966962694,0.0909763072051209,0.1040247789806146,0.1568178319790189,0.12956662381025094,0.09322183361462082,0.22068409627585248,0.1751213654739088,0.12907223485423336,0.09318141458652485,0.21167778897075837,0.17395631456678295,0.21218706236953574,0.4745997991716881,0.11611109517254177,-108.56049760225079,-0.11007193536893017,0.4745997991716881,-0.03695883475307507,-15.91719888694673,-1.9926083560322003,0.15773493793149396,0.6666666666666666,1.0,0.6666666666666666,1.0,0.1714955464384293,0.8728944178027866,-0.198333138274255,0.06570506428127648,0.18988601784618947,0.23406960615706265,0.15819993305722935,0.11380450964974993,-0.11380450964974992,0.13356070988851265,0.10696948312611279,0.11228772847859277,0.11760597383107274,0.1229242191835527,0.1282424645360327,0.15366248914222264,0.17376426839593265,0.19386604764964266,0.21396782690335264,0.6666666666666666,0.3333333333333333,0.16740122866207166,1.4305288662837918,0.47459979917168804,0.0,0.0,0.0,1.0
ID9998_DCHA_aug3_022,0.0885989049415881,0.2385760103121488,0.22699042344256207,0.46900566919694114,-0.956559923873668,0.41311984774733573,0.09953133165757563,0.09953133165757563,0.11349521172128103,0.09953133165757563,0.09953133165757563,0.16171674638139338,2.9562407789694682,0.12833474399321126,0.09367170396705908,0.10729761056431564,0.16148291906896603,0.13340840583900293,0.095997349329239,0.2269325714096646,0.18029593754989484,0.13288916780998417,0.09595489875216207,0.21747358735082928,0.1790723286295106,0.21821288507910733,0.4887376074938844,0.11604366817262825,-107.97005793989388,-0.11038281142909069,0.4887376074938844,-0.03580178576508242,-15.377471412815133,-1.9222829394389462,0.16023915999930063,0.6666666666666666,1.0,0.6666666666666666,1.0,0.17687641589500017,0.866333977109932,-0.20842283014663246,0.06552649103901516,0.19418784397395303,0.2385760103121488,0.16291253583129478,0.11349521172128103,-0.11349521172128103,0.13904467865457318,0.11111691852716239,0.11670247055264454,0.12228802257812671,0.12787357460360887,0.133459126629091,0.1589509449860883,0.17885721131760343,0.19876347764911856,0.21866974398063369,0.6666666666666666,0.3333333333333333,0.17185158804579811,1.3996607188175925,0.48873760749388434,0.0,0.0,0.0,1.0
ID9998_DCHA_aug3_029,0.0885989049415881,0.2385760103121488,0.22699042344256207,0.46900566919694114,-0.956559923873668,0.41311984774733573,0.09953133165757563,0.09953133165757563,0.11349521172128103,0.09953133165757563,0.09953133165757563,0.16171674638139338,2.9562407789694682,0.12833474399321126,0.09367170396705908,0.10729761056431564,0.16148291906896603,0.13340840583900293,0.095997349329239,0.2269325714096646,0.18029593754989484,0.13288916780998417,0.09595489875216207,0.21747358735082928,0.1790723286295106,0.21821288507910733,0.4887376074938844,0.11604366817262825,-107.97005793989388,-0.11038281142909069,0.4887376074938844,-0.03580178576508242,-15.377471412815133,-1.9222829394389462,0.16023915999930063,0.6666666666666666,1.0,0.6666666666666666,1.0,0.17687641589500017,0.866333977109932,-0.20842283014663246,0.06552649103901516,0.19418784397395303,0.2385760103121488,0.16291253583129478,0.11349521172128103,-0.11349521172128103,0.13904467865457318,0.11111691852716239,0.11670247055264454,0.12228802257812671,0.12787357460360887,0.133459126629091,0.1589509449860883,0.17885721131760343,0.19876347764911856,0.21866974398063369,0.6666666666666666,0.3333333333333333,0.17185158804579811,1.3996607188175925,0.48873760749388434,0.0,0.0,0.0,1.0
ID9998_DCHA_aug3_031,0.09004021213810852,0.23833802988144132,0.2206686188516211,0.4471136169233417,-0.9457770329178488,0.39155406583569724,0.0950815924649677,0.0950815924649677,0.11033430942581055,0.0950815924649677,0.0950815924649677,0.1575201905227269,2.9452779491088936,0.12985386139097105,0.0947441427516546,0.10928940832697803,0.1634234149410129,0.13493248127749535,0.09709829434717943,0.22941480812983472,0.18234895180711283,0.13436531866539914,0.09705192567070661,0.2190827796443182,0.1810124063449463,0.22792490570526033,0.49434547079270286,0.11345305619741258,-106.53459218904445,-0.10876155523658845,0.49434547079270286,-0.032288079271640985,-15.581719515246862,-1.8888961690006567,0.16004908587991065,0.6666666666666666,1.0,0.6666666666666666,1.0,0.18003454055841048,0.8503843576560495,-0.23285825534464424,0.06370154324784318,0.19473727449979517,0.23833802988144132,0.16478182359756763,0.11033430942581055,-0.11033430942581053,0.14325643741647362,0.11275100349478792,0.11885209027912506,0.1249531770634622,0.13105426384779933,0.1371553506321365,0.16227275590946716,0.1812890744024607,0.20030539289545424,0.21932171138844778,0.6666666666666666,0.3333333333333333,0.17324377058363793,1.3190970306855594,0.49434547079270286,0.0,0.0,0.0,1.0
ID9998_DCHA_aug3_035,0.08809545971510604,0.23697214088002966,0.22264791016444604,0.47139397303898184,-0.9577209111038839,0.41544182220776804,0.09781967847662254,0.09781967847662254,0.11132395508222302,0.09781967847662254,0.09781967847662254,0.15858996476315504,2.957418716824404,0.12820954309961766,0.09356213659137456,0.10688017354240004,0.16125320294986786,0.13325928230352835,0.09590348700659235,0.22633080092379246,0.1800732191387626,0.13275713433777486,0.09586243363659065,0.21718314736649164,0.17888988375901396,0.21980029226876627,0.4882685124756429,0.11375464577357056,-108.13427488375714,-0.1081044197511448,0.4882685124756429,-0.035405562632710774,-15.544703390356183,-1.9144324974193134,0.1586185312346633,0.6666666666666666,1.0,0.6666666666666666,1.0,0.1762604474308148,0.8681586098195239,-0.20561879509450504,0.06427291543397527,0.1933139758087057,0.23697214088002966,0.16275617082521432,0.11132395508222302,-0.11132395508222301,0.13915246240340712,0.11214390919220615,0.11754561983444635,0.12294733047668654,0.12834904111892673,0.13375075176116694,0.15871639809873161,0.1782803337940561,0.19784426948938066,0.21740820518470516,0.6666666666666666,0.3333333333333333,0.17136263664629078,1.4083815350968405,0.48826851247564296,0.0,0.0,0.0,1.0
ID9998_DCHA_aug3_045,0.0885989049415881,0.2385760103121488,0.22699042344256207,0.46900566919694114,-0.956559923873668,0.41311984774733573,0.09953133165757563,0.09953133165757563,0.11349521172128103,0.09953133165757563,0.09953133165757563,0.16171674638139338,2.9562407789694682,0.12833474399321126,0.09367170396705908,0.10729761056431564,0.16148291906896603,0.13340840583900293,0.095997349329239,0.2269325714096646,0.18029593754989484,0.13288916780998417,0.09595489875216207,0.21747358735082928,0.1790723286295106,0.21821288507910733,0.4887376074938844,0.11604366817262825,-107.97005793989388,-0.11038281142909069,0.4887376074938844,-0.03580178576508242,-15.377471412815133,-1.9222829394389462,0.16023915999930063,0.6666666666666666,1.0,0.6666666666666666,1.0,0.17687641589500017,0.866333977109932,-0.20842283014663246,0.06552649103901516,0.19418784397395303,0.2385760103121488,0.16291253583129478,0.11349521172128103,-0.11349521172128103,0.13904467865457318,0.11111691852716239,0.11670247055264454,0.12228802257812671,0.12787357460360887,0.133459126629091,0.1589509449860883,0.17885721131760343,0.19876347764911856,0.21866974398063369,0.6666666666666666,0.3333333333333333,0.17185158804579811,1.3996607188175925,0.48873760749388434,0.0,0.0,0.0,1.0
ID9998_IZDA,0.1525120751200856,0.3147814578311708,0.3042415054558263,0.4930969404047572,-0.9681390773428851,0.4362781546857699,0.13618809826623354,0.13618809826623354,0.15212075272791314,0.13618809826623354,0.13618809826623354,0.21630798824223843,2.967968069918764,0.168008645014039,0.1226559515954496,0.13891961816989148,0.2112511711021053,0.1747036050865217,0.125726541373203,0.29680950216708907,0.23608231252578993,0.17411115942944236,0.12567810566814247,0.28601689123943774,0.23468618637490857,0.2091348377207305,0.640102868037686,0.1546035958349376,-109.71781527890656,-0.14553851981871777,0.640102868037686,-0.052161394671437156,-8.703404182246961,-1.4703604061944637,0.2110997303609253,0.6666666666666666,1.0,0.6666666666666666,0.6666666666666666,0.22930027714090828,0.8857535030989616,-0.17849628191398006,0.08782695753678917,0.2558418205277028,0.3147814578311708,0.21336762267922868,0.15212075272791314,-0.15212075272791314,0.17859335956493724,0.146728050641578,0.15310111242624985,0.1594741742109217,0.16584723599559356,0.1722202977802654,0.20583097921818394,0.23306859887143064,0.2603062185246774,0.28754383817792406,0.6666666666666666,0.3333333333333333,0.22547141365007198,1.487041077882494,0.640102868037686,0.0,0.0,0.0,0.0
ID9998_IZDA_aug2_015,0.1477245762640505,0.31075826281994806,0.3026213901993422,0.5190352230459606,-0.9802939947092408,0.46058798941848167,0.13892472219977403,0.13892472219977403,0.1513106950996711,0.13892472219977403,0.13892472219977403,0.21470136830594547,2.9802288449472205,0.16517881574427343,0.12059958197864346,0.13439613504188402,0.20742881988047207,0.17180089098814064,0.12366994888173424,0.2910399434439126,0.23210878678604072,0.17134032643683528,0.12363229518556518,0.28264981694047686,0.2310234446849335,0.1998771391246866,0.6296533982605019,0.1528239622100428,-111.93027532034456,-0.14176547300249323,0.6296533982605019,-0.05707638819998995,-8.761180543757956,-1.4924365084105824,0.20776400895208058,0.6666666666666666,1.0,0.6666666666666666,0.6666666666666666,0.22227043898673104,0.9103363924482729,-0.14037807980863345,0.08735927054706451,0.2527105112589148,0.31075826281994806,0.20988446608683398,0.1513106950996711,-0.15131069509967113,0.17183354062017403,0.14706159482037987,0.1520159839803387,0.15697037314029752,0.16192476230025638,0.1668791514602152,0.19961848506012883,0.22740342950008363,0.25518837394003846,0.2829733183799933,1.0,0.3333333333333333,0.22190431591420245,1.5797246791587318,0.6296533982605019,0.0,0.0,0.0,0.0
ID9998_IZDA_aug2_044,0.14996389455417067,0.31366086866475307,0.30731772182505457,0.5107817503879382,-0.9764599786797713,0.4529199573595425,0.13988444525964802,0.13988444525964802,0.15365886091252728,0.13988444525964802,0.13988444525964802,0.21817781767867098,2.9763668913758985,0.16625709767802224,0.12140048960655431,0.13615848691689075,0.2089207375451406,0.1729283500103275,0.12446053490491961,0.29349394480719004,0.23366512875054052,0.17241615709533134,0.1244186603048303,0.2841633019281375,0.23245812197383872,0.20137010592614335,0.6336648841692046,0.1554999971597114,-111.1743877591102,-0.1450014709445078,0.6336648841692046,-0.056167806976944734,-8.661393138704966,-1.4885308843213723,0.21040388983929711,0.6666666666666666,1.0,0.6666666666666666,0.6666666666666666,0.22499604370928078,0.901937641767891,-0.15342757679188118,0.0887149847112189,0.2546451590846437,0.31366086866475307,0.21122162805640152,0.15365886091252728,-0.15365886091252728,0.17377642340510505,0.1462275920993465,0.1517373583604982,0.15724712462164991,0.16275689088280162,0.16826665714395334,0.20175331245703465,0.22973020150896423,0.25770709056089386,0.2856839796128235,1.0,0.3333333333333333,0.22357988471995915,1.550384096198618,0.6336648841692045,0.0,0.0,0.0,0.0
ID9998_IZDA_aug2_051,0.1525128632378072,0.31478549134262684,0.3042536059901946,0.49315830480311684,-0.9681682056711938,0.43633641134238776,0.1362010394637829,0.1362010394637829,0.1521268029950973,0.1362010394637829,0.1362010394637829,0.2163154831886265,2.9679975124698417,0.16800845141409074,0.1226558519478142,0.1389148978717466,0.2112504141038556,0.17470351446497454,0.12572653396439093,0.29680785131002124,0.23608209897183724,0.1741113250427729,0.12567811920794708,0.28601990822541773,0.23468657665053802,0.2091128956325381,0.640102868037686,0.15460741903826983,-109.72256760438808,-0.14553779178304688,0.640102868037686,-0.05217475620057707,-8.702824572120454,-1.4703602410328982,0.21110121185223643,0.6666666666666666,1.0,0.6666666666666666,0.6666666666666666,0.22929338621054302,0.885806306715423,-0.17841466960092092,0.08783045066017657,0.25584485004120366,0.31478549134262684,0.21336762267922862,0.1521268029950973,-0.1521268029950973,0.17858445187884395,0.1467329248162152,0.15310323022874095,0.1594735356412667,0.16584384105379243,0.1722141464663182,0.20582465977160053,0.23306486766435708,0.2603050755571137,0.2875452834498703,0.6666666666666666,0.3333333333333333,0.22547199621963934,1.4872620170249415,0.6401028680376859,0.0,0.0,0.0,0.0
ID9999_DCHA,0.10137434161445756,0.2570264293078378,0.24980275741016486,0.4826825161716562,-0.9631690433772084,0.42633808675441653,0.1107999912173335,0.1107999912173335,0.12490137870508243,0.1107999912173335,0.1107999912173335,0.1777594078045382,2.9629401378129883,0.13684318130838724,0.09991365266583288,0.11390989236040926,0.17218006483455542,0.14229953398374806,0.1023893584044687,0.24220751915872676,0.1923211070034807,0.14177518282832677,0.10234648980106408,0.23265538903117233,0.19108544875941913,0.21092291063113214,0.5212765305133485,0.12726704911197298,-108.93549990618479,-0.12037992671930069,0.5212765305133485,-0.04129860812091782,-13.15437719333647,-1.8123242783445679,0.17299234786090886,0.6666666666666666,1.0,0.6666666666666666,1.0,0.18786023099219845,0.8770611100687198,-0.19191393024684675,0.07211184461753473,0.20858362366525218,0.2570264293078378,0.1737588435044495,0.12490137870508243,-0.12490137870508243,0.1462264380905043,0.11802366311500645,0.12366421811010603,0.1293047731052056,0.13494532810030516,0.14058588309540473,0.16838643633397102,0.1905464345774377,0.21270643282090443,0.2348664310643711,0.6666666666666666,0.3333333333333333,0.18382450110042237,1.4494258842847305,0.5212765305133485,0.0,0.0,0.0,1.0
ID9999_DCHA_aug3_044,0.10137480890483815,0.257029203914179,0.24981108122918838,0.48272942711135863,-0.9631915500627065,0.4263831001254128,0.11080815729928623,0.11080815729928623,0.12490554061459419,0.11080815729928623,0.11080815729928623,0.17776462129773046,2.962962925919972,0.13684306604350185,0.09991359824074855,0.11390715181418853,0.17217963172818557,0.14229948533043552,0.10238935442679166,0.24220663283900046,0.19232099234965352,0.14177528306762832,0.10234649799618073,0.23265721509533324,0.19108568497806408,0.2109063849701052,0.5212765305133487,0.1272698028804956,-108.93892372084262,-0.12038006332361112,0.5212765305133487,-0.04130669533433515,-13.153701537541172,-1.8123255547771753,0.17299350852373618,0.6666666666666666,1.0,0.6666666666666666,1.0,0.18785622681975747,0.8770991524538069,-0.1918552838399124,0.07211424749711169,0.20858558808293193,0.257029203914179,0.1737588435044495,0.12490554061459419,-0.12490554061459419,0.14622104661489277,0.11802627998427682,0.12366523331040001,0.1293041866365232,0.1349431399626464,0.14058209328876958,0.16838267807475002,0.19054430953460724,0.21270594099446452,0.23486757245432174,0.6666666666666666,0.3333333333333333,0.18382492477430634,1.4495958529880986,0.5212765305133485,0.0,0.0,0.0,1.0
ID9999_DCHA_aug3_049,0.10681536137540176,0.26377488658490367,0.25634432966406534,0.4751189103259836,-0.9595257992157584,0.41905159843151707,0.1129739036000714,0.1129739036000714,0.12817216483203267,0.1129739036000714,0.1129739036000714,0.18253268738614842,2.9592490255628285,0.14045836644709742,0.10255413890983991,0.11740412552833403,0.17679281087877957,0.14605385777805852,0.10508216188591363,0.24881940417687118,0.19740865179030312,0.14548872006772348,0.1050359587563451,0.2385242634237795,0.1960768781047003,0.21289949475777015,0.5349803300906456,0.1308474885932266,-108.39391178437928,-0.12416243112281736,0.5349803300906456,-0.04128869056807441,-12.552891562971986,-1.768003539911103,0.17781610183202642,0.6666666666666666,1.0,0.6666666666666666,1.0,0.19352503792884315,0.871043464270881,-0.20118200909684078,0.07400023386839115,0.21398070640164854,0.26377488658490367,0.17832677669688188,0.12817216483203267,-0.1281721648320327,0.15080098298483227,0.12040446052090972,0.12648376501369424,0.13256306950647875,0.13864237399926324,0.14472167849204776,0.17339576370484655,0.19599054442486083,0.2185853251448751,0.2411801058648894,0.6666666666666666,0.3333333333333333,0.18869319134104245,1.4219569647190322,0.5349803300906456,0.0,0.0,0.0,1.0
ID9999_DCHA_aug3_067,0.1029278089788054,0.25789645660525623,0.2469596473511667,0.50348985095673,-0.9730467916516082,0.4460935833032165,0.11161465968687784,0.11161465968687784,0.12347982367558336,0.11161465968687784,0.11161465968687784,0.17543117722589693,2.972924612214318,0.1382284089108548,0.10089845406053785,0.11345136833527993,0.17366891491892467,0.1437269351244183,0.10345547108489109,0.24362594008071564,0.19418873846557072,0.14328573652235554,0.10341940066204762,0.23558860400273368,0.1931490331378132,0.2078968193530282,0.5267297224646019,0.12517832561745573,-110.55072741568178,-0.11721219759216563,0.5267297224646019,-0.0439421658547334,-12.859206559986468,-1.7774575416104392,0.17214831555772822,0.6666666666666666,1.0,0.6666666666666666,0.6666666666666666,0.18744173814357282,0.895008082396464,-0.1641743230483726,0.07129110943858558,0.21006831986311586,0.25789645660525623,0.1755765741548673,0.12347982367558336,-0.12347982367558336,0.1462817969183784,0.12255146894096736,0.12729753453644957,0.13204360013193178,0.13678966572741397,0.14153573132289618,0.16860472885575395,0.1909276607931295,0.21325059273050512,0.23557352466788067,0.6666666666666666,0.3333333333333333,0.18522761581255048,1.5243456713572985,0.5267297224646019,0.0,0.0,0.0,0.0
ID9999_IZDA,0.06866407353510044,0.21350935064310114,0.2122695392289993,0.5567680373456574,-0.9974459378088381,0.4948918756176762,-0.1030340099554556,-0.1030340099554556,0.10613476961449965,0.1030340099554556,0.1030340099554556,0.15016127351342004,2.9974448496766426,0.1120520593974957,0.08182197154098758,0.08349003888861278,0.13974429428705207,0.11665599349537478,0.08409818103668744,0.19441085164116007,0.15741078729938496,0.11677129327784767,0.08410760743080588,0.19651127330414844,0.15768249667825848,0.1583510744880608,0.42825851270030413,0.10627056719766005,-122.89683266513978,-0.0892300700752033,0.42825851270030413,-0.05771852429581591,-17.0017681900122,-2.1803369130606995,0.14303496813172642,0.6666666666666666,1.0,0.6666666666666666,0.6666666666666666,0.139652077907724,0.9678129703873357,0.05053773037208837,0.061276937807310285,0.17524815707758204,0.21350935064310114,0.14275283756676804,0.10613476961449965,-0.10613476961449966,0.11047534068764554,0.10427382136955744,0.10551412523317506,0.10675442909679268,0.1079947329604103,0.10923503682402792,0.13108214267873666,0.15168894466982777,0.1722957466609189,0.19290254865201004,1.0,0.3333333333333333,0.15128788620276293,1.7121650603687684,0.42825851270030413,0.0,0.0,0.0,0.0
ID9999_IZDA_aug3_005,0.07268843587545024,0.22080725436116502,0.2228342318328519,0.5624490204982866,-0.9999773419302947,0.4999546838605895,0.11111091417276461,0.11111091417276461,0.11141711591642595,0.11111091417276461,0.11111091417276461,0.1575681914514609,2.9999773418447293,0.11509055081000591,0.08406672385436129,0.08810848733815588,0.14388233708847545,0.11982217968309608,0.08632944553175294,0.20101482611646537,0.16176388945913903,0.11981079376534715,0.08632851467008262,0.2008074083071699,0.16173705800661495,0.16554609967599246,0.43958753125064315,0.11141837818626585,-119.7272682326913,-0.0967552312887142,0.43958753125064315,-0.05524925534272096,-16.306898406725743,-2.1438215002897945,0.14863826635780225,0.6666666666666666,1.0,0.6666666666666666,0.6666666666666666,0.14683537882720907,0.9969696470299035,-0.004760049338547967,0.06432670186668027,0.1800658340694412,0.22080725436116502,0.14652917708354773,0.11141711591642595,-0.11141711591642595,0.10969634018840041,0.10908393670107773,0.10920641739854227,0.10932889809600681,0.10945137879347133,0.10957385949093587,0.13191852302295332,0.15414070585750625,0.17636288869205918,0.19858507152661212,1.0,0.3333333333333333,0.15565821091465135,1.7318742070604707,0.4395875312506432,0.0,0.0,0.0,0.0
ID9999_IZDA_aug3_009,0.06597003544759629,0.20972448244114716,0.20993925724943074,0.550824678000408,-0.9947837588282191,0.4895675176564383,-0.10058111428696638,-0.10058111428696638,0.10496962862471537,0.10058111428696638,0.10058111428696638,0.1485791505676573,2.9947792160640683,0.10965336764242486,0.08007761299285407,0.08080343494962118,0.13664971779682622,0.11417928483557101,0.08232453862957906,0.18997686643759554,0.15405016822370166,0.11434246895951487,0.0823378798331198,0.19294959944399198,0.15443471931311278,0.15269663009885867,0.41923419007401075,0.10524447780234622,-124.14171062481975,-0.08710580011345882,0.41923419007401075,-0.059067585818981166,-17.459366663656947,-2.231031057570822,0.1411133061348875,0.6666666666666666,1.0,0.6666666666666666,0.6666666666666666,0.13535621568692127,0.9539809930575586,0.0722235499804653,0.060604243343214466,0.17227483767938095,0.20972448244114716,0.13974473002467025,0.10496962862471537,-0.10496962862471536,0.10914336815418078,0.10036633947868281,0.10212174521378241,0.103877150948882,0.1056325566839816,0.10738796241908119,0.12925959101157405,0.1493758138689673,0.16949203672636062,0.18960825958375388,1.0,0.3333333333333333,0.14829029575756275,1.6914827034652922,0.41923419007401075,0.0,0.0,0.0,0.0
ID9999_IZDA_aug3_024,0.06484885202020171,0.20884486266894534,0.21173241069192478,0.5554772942388533,-0.9968689942424365,0.4937379884848729,-0.10244073976429557,-0.10244073976429557,0.10586620534596239,0.10244073976429557,0.10244073976429557,0.1497957759671791,2.996867358668818,0.1085078585829698,0.07925944248010071,0.08058720049246874,0.13533524410522146,0.113001693479974,0.08145663920434151,0.18850546228928994,0.15249106040157936,0.11312906724636144,0.08146705271334012,0.19082583629588806,0.15279122269336895,0.15282981390011088,0.41480217731491126,0.10603232939866512,-123.20768309917763,-0.08871628301835068,0.41480217731491126,-0.0580713010454814,-17.742977293246497,-2.2683088828349933,0.14122956571378426,0.6666666666666666,1.0,0.6666666666666666,0.6666666666666666,0.13484192685663693,0.9643590766758041,0.05595539078197485,0.06112188215457558,0.17100406142256333,0.20884486266894534,0.13826739243830374,0.10586620534596239,-0.10586620534596236,0.10640412290464976,0.09955319174131615,0.10092337797398288,0.10229356420664959,0.10366375043931632,0.10503393667198303,0.12689227085750887,0.14738041881036798,0.16786856676322712,0.18835671471608623,1.0,0.3333333333333333,0.14702477344561327,1.7076788929503348,0.4148021773149112,0.0,0.0,0.0,0.0
ID9999_IZDA_aug3_050,0.06928318844534218,0.21454116729508968,0.21344684974402411,0.5607412135261949,-0.9992177051375014,0.49843541027500265,-0.1049993572132042,-0.1049993572132042,0.10672342487201206,0.1049993572132042,0.1049993572132042,0.15094940758879544,2.9992176031133533,0.11258728573123812,0.08221573591882733,0.08482132060755074,0.14053693598777314,0.11720504339151994,0.08447702191153914,0.19576537581321668,0.15817839947730386,0.11726915175459454,0.08448226312434692,0.19693324093570547,0.15832947386042942,0.1624617468906827,0.43017665214124495,0.10676519397391851,-121.60274530044376,-0.09093211072767168,0.43017665214124495,-0.05594781392421781,-17.008262698847197,-2.1739844709020284,0.14365018713417776,0.6666666666666666,1.0,0.6666666666666666,0.6666666666666666,0.14166814972160713,0.9821917188839584,0.02796953454204382,0.06161679807869497,0.17576611363029299,0.21454116729508968,0.14339221738041497,0.10672342487201206,-0.10672342487201206,0.10954181008188547,0.10609367476426977,0.10678330182779291,0.10747292889131606,0.10816255595483919,0.10885218301836233,0.1305416815245263,0.15154155296716715,0.17254142440980802,0.19354129585244884,1.0,0.3333333333333333,0.15196840509937384,1.7259554103946428,0.4301766521412449,0.0,0.0,0.0,0.0
ID9999_IZDA_aug3_075,0.06738809365375308,0.21023137332649153,0.20523285605868805,0.55330980591239,-0.9958986482078728,0.4917972964157455,-0.09881442721435676,-0.09881442721435676,0.10261642802934402,0.09881442721435676,0.09881442721435676,0.14522111769091095,2.9958958408541565,0.11131471524315521,0.08125848885630484,0.08243807678900801,0.13871604156233963,0.11586311111248035,0.08354635031092832,0.1925777061965849,0.15630975979107262,0.11600448610284797,0.08355790849732832,0.19515314117143245,0.15664291662794766,0.15992628456638155,0.42546126392078654,0.1028275105800633,-123.6718375326207,-0.08557580422804134,0.42546126392078654,-0.057011215237152885,-17.416100434335675,-2.176353278555158,0.13975932913536523,0.6666666666666666,1.0,0.6666666666666666,0.6666666666666666,0.1380184204919416,0.9592018051931033,0.06404179722749206,0.05924562234601963,0.1731995130035077,0.21023137332649153,0.14182042130692885,0.10261642802934402,-0.10261642802934402,0.11141694611213476,0.10381294448216025,0.10533374480815515,0.10685454513415005,0.10837534546014496,0.10989614578613986,0.13117983155500612,0.15094271699787745,0.17070560244074884,0.19046848788362017,1.0,0.3333333333333333,0.14987560803741334,1.7001386144549875,0.42546126392078654,0.0,0.0,0.0,0.0
ID999_DCHA,0.18743181406822773,0.33923283753014205,0.29988145538727595,0.46784858728969947,-0.9559963875537707,0.4119927751075414,-0.1313680284180113,-0.1313680284180113,0.14994072769363798,0.1313680284180113,0.1313680284180113,0.21366874820469442,2.9556688456798783,0.18760811510879424,0.13673720573366557,0.1306355861312204,0.23234445724290656,0.19510871577387393,0.14092501221670015,0.31817166218605397,0.2628466964615765,0.19579932982394013,0.14098147373015707,0.3307526114334138,0.2644741610635061,0.15549717259655932,0.7178170572031501,0.15335272184231447,-132.10889628688778,-0.11376804985507383,0.7178170572031501,-0.10282941276025898,-6.251176571934021,-1.222378569271584,0.2169110450635638,0.6666666666666666,1.0,0.6666666666666666,1.0,0.2206996531254234,0.8654567079234694,0.20977038028813616,0.08656831949641025,0.2866567670837419,0.33923283753014205,0.23927235240105008,0.14994072769363798,-0.14994072769363795,0.20786480911213076,0.17071941056087742,0.17814849027112808,0.18557756998137875,0.19300664969162942,0.2004357294018801,0.23413841479573302,0.26041202047933526,0.2866856261629375,0.3129592318465398,0.6666666666666666,0.3333333333333333,0.24995453857867017,1.395430942102047,0.7178170572031503,0.0,0.0,0.0,1.0
ID999_DCHA_aug2_031,0.1874367626313846,0.3392521956649739,0.2999395297917715,0.4679892391685593,-0.9560649267464542,0.4121298534929081,-0.13140860690170875,-0.13140860690170875,0.14996976489588576,0.13140860690170875,0.13140860690170875,0.21370749621392346,2.9557384120518386,0.1876082715747734,0.13673758344581988,0.13064363244274668,0.23234613540704976,0.1951091103064848,0.14092504447192047,0.3181788494055347,0.2628476261962937,0.1957992952013159,0.14098147089956628,0.3307519807114089,0.2644740794736581,0.1554964595456868,0.7178170572031501,0.153376921801103,-132.09931947942047,-0.11380319185280288,0.7178170572031501,-0.10282661943920843,-6.250945168590988,-1.22247280802242,0.21693547711029698,0.6666666666666666,1.0,0.6666666666666666,1.0,0.22071119440687303,0.865563116895328,0.20960694944000793,0.08658508413294454,0.2866641924484251,0.3392521956649739,0.23927235240105005,0.14996976489588576,-0.14996976489588576,0.20784358876326514,0.1707212727749111,0.1781457359725819,0.18557019917025272,0.1929946623679235,0.20041912556559432,0.23412531014360688,0.2604070315239486,0.2866887529042904,0.31297047428463215,0.6666666666666666,0.3333333333333333,0.24995783819902148,1.3959452681410471,0.7178170572031501,0.0,0.0,0.0,1.0
ID999_DCHA_aug2_038,0.1841315049317671,0.3356991824059312,0.29488154542233724,0.4825595654066317,-0.9631100495114557,0.4262200990229116,-0.13078084740890175,-0.13078084740890175,0.14744077271116862,0.13078084740890175,0.13078084740890175,0.20983962718582777,2.9628804054616737,0.18619294342218998,0.13569701913274265,0.1308280288002743,0.2307280302055345,0.19361092760981427,0.13982740160001697,0.3161376100024646,0.26085376163292323,0.19423041637211272,0.13987804822831182,0.32742286647391816,0.26231361613753,0.15991853136003703,0.7122160017954564,0.15023794724002926,-131.07346972490086,-0.11325953618456519,0.7122160017954564,-0.0987102743089846,-6.427392833682153,-1.2290738882505092,0.21382556850433201,0.6666666666666666,1.0,0.6666666666666666,1.0,0.220745408629552,0.8769614475011014,0.1920675675082717,0.08512496981431962,0.28344721113077725,0.3356991824059312,0.23740533393181884,0.14744077271116862,-0.1474407727111686,0.20491833499702947,0.17159848439249575,0.1782624545134025,0.18492642463430925,0.19159039475521597,0.19825436487612272,0.2310745044788098,0.2572306739605902,0.28338684344237053,0.3095430129241509,0.6666666666666666,0.3333333333333333,0.2477441589837973,1.4489803833228072,0.7122160017954565,0.0,0.0,0.0,1.0
ID999_IZDA,0.12224619798045175,0.28416604836255127,0.28025278091201716,0.5623266240935897,-0.9999229381030594,0.4998458762061188,0.13941616556337905,0.13941616556337905,0.14012639045600858,0.13941616556337905,0.13941616556337905,0.19817118721765725,2.999922937113278,0.14985097525893437,0.10941574078349973,0.1148945005178047,0.18728848233356324,0.15595721379413677,0.11237975428010044,0.26122743876609006,0.21052255507452564,0.15593080453168773,0.11237759517701384,0.2607463399664067,0.21046032040120163,0.1713961572344736,0.5722453641756367,0.14013178997081321,-119.49702307881797,-0.12196808667493798,0.5722453641756367,-0.06899785788905999,-9.850796959644555,-1.6321342504761183,0.18946247229601032,0.6666666666666666,1.0,0.6666666666666666,0.6666666666666666,0.19145867961784174,0.9944113675424219,-0.008778490584404306,0.08090200925034716,0.23248261040940507,0.28416604836255127,0.1907484547252122,0.14012639045600858,-0.14012639045600858,0.14474988279917222,0.14332943301391315,0.14361352297096497,0.14389761292801678,0.1441817028850686,0.1444657928421204,0.17263311591184802,0.20051634902452384,0.22839958213719966,0.25628281524987545,1.0,0.3333333333333333,0.2018631532998298,1.731450188811458,0.5722453641756367,0.0,0.0,0.0,0.0
ID999_IZDA_aug2_047,0.12030557249312872,0.28400150906134175,0.28642109455891684,0.561755776495285,-0.9996691245193208,0.4993382490386415,0.14170630244003396,0.14170630244003396,0.14321054727945842,0.14170630244003396,0.14170630244003396,0.20254147034431705,2.9996691062708774,0.14810577358510377,0.1081827228970329,0.11412593998052416,0.18525302582725814,0.1541857404405688,0.1110750671207624,0.2589903961031671,0.20817572411791085,0.15412980604969598,0.1110704941753341,0.2579714366240118,0.20804391208604261,0.16830413926634313,0.5655834326251084,0.14323424558984768,-118.95773326390115,-0.12532668627833665,0.5655834326251084,-0.06934890638059252,-9.917490332575566,-1.6672233947096986,0.19108796816244933,0.6666666666666666,1.0,0.6666666666666666,0.6666666666666666,0.19003205571446058,0.9884192584877904,-0.018189982976327602,0.08268264802258894,0.23139627762668497,0.28400150906134175,0.18852781087503612,0.14321054727945842,-0.14321054727945842,0.1422952066213078,0.13928671694245887,0.13988841487822865,0.14049011281399842,0.14109181074976823,0.141693508685538,0.17063646710931457,0.19897772759732135,0.2273189880853282,0.25566024857333497,1.0,0.3333333333333333,0.20025448184175448,1.7294722439926458,0.5655834326251084,0.0,0.0,0.0,0.0
